{
  "SaveName": "Open War Cards",
  "GameMode": "Open War Cards",
  "Gravity": 0.5,
  "PlayArea": 0.5,
  "Date": "3/20/2020 7:07:04 PM",
  "Table": "Table_RPG",
  "Sky": "Sky_Museum",
  "Note": "",
  "Rules": "",
  "XmlUI": "<!-- Xml UI. See documentation: https://api.tabletopsimulator.com/ui/introUI/ -->",
  "LuaScript": "--[[ Lua code. See documentation: http://berserk-games.com/knowledgebase/scripting/ --]]\n\n--[[ The OnLoad function. This is called after everything in the game save finishes loading.\nMost of your script code goes here. --]]\nfunction onload()\n    --[[ print('Onload!') --]]\nend\n\n--[[ The Update function. This is called once per frame. --]]\nfunction update ()\n    --[[ print('Update loop!') --]]\nend",
  "LuaScriptState": "",
  "MusicPlayer": {
    "RepeatSong": false,
    "PlaylistEntry": -1,
    "CurrentAudioTitle": "Wolfe Tones",
    "CurrentAudioURL": "http://cloud-3.steamusercontent.com/ugc/793117628298394325/324DE47849472EF25481FDC5A65BD43008EC87F1/",
    "AudioLibrary": []
  },
  "Grid": {
    "Type": 0,
    "Lines": false,
    "Color": {
      "r": 0.0,
      "g": 0.0,
      "b": 0.0
    },
    "Opacity": 0.75,
    "ThickLines": false,
    "Snapping": false,
    "Offset": false,
    "BothSnapping": false,
    "xSize": 2.0,
    "ySize": 2.0,
    "PosOffset": {
      "x": 0.0,
      "y": 1.0,
      "z": 0.0
    }
  },
  "Lighting": {
    "LightIntensity": 0.54,
    "LightColor": {
      "r": 1.0,
      "g": 0.9804,
      "b": 0.8902
    },
    "AmbientIntensity": 1.3,
    "AmbientType": 0,
    "AmbientSkyColor": {
      "r": 0.5,
      "g": 0.5,
      "b": 0.5
    },
    "AmbientEquatorColor": {
      "r": 0.5,
      "g": 0.5,
      "b": 0.5
    },
    "AmbientGroundColor": {
      "r": 0.5,
      "g": 0.5,
      "b": 0.5
    },
    "ReflectionIntensity": 1.0,
    "LutIndex": 0,
    "LutContribution": 1.0
  },
  "Hands": {
    "Enable": true,
    "DisableUnused": false,
    "Hiding": 0,
    "HandTransforms": [
      {
        "Color": "Red",
        "Transform": {
          "posX": -15.1108065,
          "posY": 4.81909943,
          "posZ": -20.1076221,
          "rotX": 0.0,
          "rotY": 0.0,
          "rotZ": 0.0,
          "scaleX": 11.7722139,
          "scaleY": 9.174497,
          "scaleZ": 4.87123871
        }
      },
      {
        "Color": "Yellow",
        "Transform": {
          "posX": -30.2150211,
          "posY": 4.81909943,
          "posZ": 10.17524,
          "rotX": 0.0,
          "rotY": 90.0,
          "rotZ": 0.0,
          "scaleX": 11.6570034,
          "scaleY": 9.174497,
          "scaleZ": 4.92083359
        }
      },
      {
        "Color": "Purple",
        "Transform": {
          "posX": 30.25128,
          "posY": 4.81909943,
          "posZ": 9.59069252,
          "rotX": 0.0,
          "rotY": 270.0,
          "rotZ": 0.0,
          "scaleX": 11.6569967,
          "scaleY": 9.174497,
          "scaleZ": 4.92083359
        }
      },
      {
        "Color": "Blue",
        "Transform": {
          "posX": 15.4749184,
          "posY": 4.81909943,
          "posZ": 19.8365288,
          "rotX": 0.0,
          "rotY": 179.8,
          "rotZ": 0.0,
          "scaleX": 11.7737541,
          "scaleY": 9.174497,
          "scaleZ": 4.872152
        }
      },
      {
        "Color": "White",
        "Transform": {
          "posX": 15.1961479,
          "posY": 4.81909943,
          "posZ": -20.1400986,
          "rotX": 0.0,
          "rotY": 0.0,
          "rotZ": 0.0,
          "scaleX": 11.7722025,
          "scaleY": 9.17449951,
          "scaleZ": 4.87123871
        }
      },
      {
        "Color": "Green",
        "Transform": {
          "posX": -15.1927767,
          "posY": 4.81909943,
          "posZ": 19.787817,
          "rotX": 0.0,
          "rotY": 180.0,
          "rotZ": 0.0,
          "scaleX": 11.7722025,
          "scaleY": 9.174497,
          "scaleZ": 4.87123871
        }
      },
      {
        "Color": "Pink",
        "Transform": {
          "posX": 30.10358,
          "posY": 4.81909943,
          "posZ": -8.449126,
          "rotX": 0.0,
          "rotY": 270.0,
          "rotZ": 0.0,
          "scaleX": 11.6569929,
          "scaleY": 9.174497,
          "scaleZ": 4.92083359
        }
      },
      {
        "Color": "Orange",
        "Transform": {
          "posX": -30.247818,
          "posY": 4.81909943,
          "posZ": -8.822588,
          "rotX": 0.0,
          "rotY": 90.0,
          "rotZ": 0.0,
          "scaleX": 11.6570063,
          "scaleY": 9.174497,
          "scaleZ": 4.92083359
        }
      }
    ]
  },
  "Turns": {
    "Enable": false,
    "Type": 0,
    "TurnOrder": [],
    "Reverse": false,
    "SkipEmpty": false,
    "DisableInteractions": false,
    "PassTurns": true,
    "TurnColor": ""
  },
  "ObjectStates": [
    {
      "Name": "Deck",
      "Transform": {
        "posX": -5.537821,
        "posY": 1.04712474,
        "posZ": 0.9253275,
        "rotX": 1.9931025E-07,
        "rotY": 90.01348,
        "rotZ": 180.0,
        "scaleX": 1.0,
        "scaleY": 1.0,
        "scaleZ": 1.0
      },
      "Nickname": "",
      "Description": "",
      "GMNotes": "",
      "ColorDiffuse": {
        "r": 0.713235259,
        "g": 0.713235259,
        "b": 0.713235259
      },
      "Locked": false,
      "Grid": true,
      "Snap": true,
      "IgnoreFoW": false,
      "Autoraise": true,
      "Sticky": true,
      "Tooltip": true,
      "GridProjection": false,
      "HideWhenFaceDown": true,
      "Hands": false,
      "SidewaysCard": false,
      "DeckIDs": [
        106,
        111,
        110,
        100,
        102,
        101,
        108,
        103,
        104,
        105,
        107,
        109
      ],
      "CustomDeck": {
        "1": {
          "FaceURL": "http://cloud-3.steamusercontent.com/ugc/848220431530972002/6DD79A00599D039CED3567E5DEE7C842A0D6051D/",
          "BackURL": "http://cloud-3.steamusercontent.com/ugc/848220431530973215/3ADF6E12D1068B0F8EA7116A18CA340F14C9D16B/",
          "NumWidth": 4,
          "NumHeight": 3,
          "BackIsHidden": false,
          "UniqueBack": false
        }
      },
      "XmlUI": "",
      "LuaScript": "",
      "LuaScriptState": "",
      "ContainedObjects": [
        {
          "Name": "Card",
          "Transform": {
            "posX": 1.86771727,
            "posY": 1.03171349,
            "posZ": -8.861327,
            "rotX": 2.06012572E-07,
            "rotY": 90.00001,
            "rotZ": -2.95643559E-07,
            "scaleX": 1.0,
            "scaleY": 1.0,
            "scaleZ": 1.0
          },
          "Nickname": "",
          "Description": "",
          "GMNotes": "",
          "ColorDiffuse": {
            "r": 0.713235259,
            "g": 0.713235259,
            "b": 0.713235259
          },
          "Locked": false,
          "Grid": true,
          "Snap": true,
          "IgnoreFoW": false,
          "Autoraise": true,
          "Sticky": true,
          "Tooltip": true,
          "GridProjection": false,
          "Hands": true,
          "CardID": 106,
          "SidewaysCard": false,
          "CustomDeck": {
            "1": {
              "FaceURL": "http://cloud-3.steamusercontent.com/ugc/848220431530972002/6DD79A00599D039CED3567E5DEE7C842A0D6051D/",
              "BackURL": "http://cloud-3.steamusercontent.com/ugc/848220431530973215/3ADF6E12D1068B0F8EA7116A18CA340F14C9D16B/",
              "NumWidth": 4,
              "NumHeight": 3,
              "BackIsHidden": false,
              "UniqueBack": false
            }
          },
          "XmlUI": "",
          "LuaScript": "",
          "LuaScriptState": "",
          "GUID": "be523c"
        },
        {
          "Name": "Card",
          "Transform": {
            "posX": 5.686386,
            "posY": 1.03171349,
            "posZ": -14.466013,
            "rotX": 2.04109369E-06,
            "rotY": 90.0,
            "rotZ": 4.75783E-07,
            "scaleX": 1.0,
            "scaleY": 1.0,
            "scaleZ": 1.0
          },
          "Nickname": "",
          "Description": "",
          "GMNotes": "",
          "ColorDiffuse": {
            "r": 0.713235259,
            "g": 0.713235259,
            "b": 0.713235259
          },
          "Locked": false,
          "Grid": true,
          "Snap": true,
          "IgnoreFoW": false,
          "Autoraise": true,
          "Sticky": true,
          "Tooltip": true,
          "GridProjection": false,
          "Hands": true,
          "CardID": 111,
          "SidewaysCard": false,
          "CustomDeck": {
            "1": {
              "FaceURL": "http://cloud-3.steamusercontent.com/ugc/848220431530972002/6DD79A00599D039CED3567E5DEE7C842A0D6051D/",
              "BackURL": "http://cloud-3.steamusercontent.com/ugc/848220431530973215/3ADF6E12D1068B0F8EA7116A18CA340F14C9D16B/",
              "NumWidth": 4,
              "NumHeight": 3,
              "BackIsHidden": false,
              "UniqueBack": false
            }
          },
          "XmlUI": "",
          "LuaScript": "",
          "LuaScriptState": "",
          "GUID": "a77d7c"
        },
        {
          "Name": "Card",
          "Transform": {
            "posX": 1.43930149,
            "posY": 1.03171349,
            "posZ": -14.3971338,
            "rotX": -1.33553453E-06,
            "rotY": 90.00013,
            "rotZ": 2.3477362E-06,
            "scaleX": 1.0,
            "scaleY": 1.0,
            "scaleZ": 1.0
          },
          "Nickname": "",
          "Description": "",
          "GMNotes": "",
          "ColorDiffuse": {
            "r": 0.713235259,
            "g": 0.713235259,
            "b": 0.713235259
          },
          "Locked": false,
          "Grid": true,
          "Snap": true,
          "IgnoreFoW": false,
          "Autoraise": true,
          "Sticky": true,
          "Tooltip": true,
          "GridProjection": false,
          "Hands": true,
          "CardID": 110,
          "SidewaysCard": false,
          "CustomDeck": {
            "1": {
              "FaceURL": "http://cloud-3.steamusercontent.com/ugc/848220431530972002/6DD79A00599D039CED3567E5DEE7C842A0D6051D/",
              "BackURL": "http://cloud-3.steamusercontent.com/ugc/848220431530973215/3ADF6E12D1068B0F8EA7116A18CA340F14C9D16B/",
              "NumWidth": 4,
              "NumHeight": 3,
              "BackIsHidden": false,
              "UniqueBack": false
            }
          },
          "XmlUI": "",
          "LuaScript": "",
          "LuaScriptState": "",
          "GUID": "efd158"
        },
        {
          "Name": "Card",
          "Transform": {
            "posX": 1.79895961,
            "posY": 1.03171349,
            "posZ": -0.492201477,
            "rotX": 7.39955E-07,
            "rotY": 89.8657455,
            "rotZ": -2.929467E-06,
            "scaleX": 1.0,
            "scaleY": 1.0,
            "scaleZ": 1.0
          },
          "Nickname": "",
          "Description": "",
          "GMNotes": "",
          "ColorDiffuse": {
            "r": 0.713235259,
            "g": 0.713235259,
            "b": 0.713235259
          },
          "Locked": false,
          "Grid": true,
          "Snap": true,
          "IgnoreFoW": false,
          "Autoraise": true,
          "Sticky": true,
          "Tooltip": true,
          "GridProjection": false,
          "Hands": true,
          "CardID": 100,
          "SidewaysCard": false,
          "CustomDeck": {
            "1": {
              "FaceURL": "http://cloud-3.steamusercontent.com/ugc/848220431530972002/6DD79A00599D039CED3567E5DEE7C842A0D6051D/",
              "BackURL": "http://cloud-3.steamusercontent.com/ugc/848220431530973215/3ADF6E12D1068B0F8EA7116A18CA340F14C9D16B/",
              "NumWidth": 4,
              "NumHeight": 3,
              "BackIsHidden": false,
              "UniqueBack": false
            }
          },
          "XmlUI": "",
          "LuaScript": "",
          "LuaScriptState": "",
          "GUID": "a836cd"
        },
        {
          "Name": "Card",
          "Transform": {
            "posX": 1.83517265,
            "posY": 1.03171349,
            "posZ": -3.42029667,
            "rotX": -1.09186522E-06,
            "rotY": 90.00001,
            "rotZ": 1.94784161E-06,
            "scaleX": 1.0,
            "scaleY": 1.0,
            "scaleZ": 1.0
          },
          "Nickname": "",
          "Description": "",
          "GMNotes": "",
          "ColorDiffuse": {
            "r": 0.713235259,
            "g": 0.713235259,
            "b": 0.713235259
          },
          "Locked": false,
          "Grid": true,
          "Snap": true,
          "IgnoreFoW": false,
          "Autoraise": true,
          "Sticky": true,
          "Tooltip": true,
          "GridProjection": false,
          "Hands": true,
          "CardID": 102,
          "SidewaysCard": false,
          "CustomDeck": {
            "1": {
              "FaceURL": "http://cloud-3.steamusercontent.com/ugc/848220431530972002/6DD79A00599D039CED3567E5DEE7C842A0D6051D/",
              "BackURL": "http://cloud-3.steamusercontent.com/ugc/848220431530973215/3ADF6E12D1068B0F8EA7116A18CA340F14C9D16B/",
              "NumWidth": 4,
              "NumHeight": 3,
              "BackIsHidden": false,
              "UniqueBack": false
            }
          },
          "XmlUI": "",
          "LuaScript": "",
          "LuaScriptState": "",
          "GUID": "cd7850"
        },
        {
          "Name": "Card",
          "Transform": {
            "posX": 5.72265768,
            "posY": 1.03171349,
            "posZ": -0.64188,
            "rotX": -8.38206063E-07,
            "rotY": 90.0,
            "rotZ": -2.5060973E-07,
            "scaleX": 1.0,
            "scaleY": 1.0,
            "scaleZ": 1.0
          },
          "Nickname": "",
          "Description": "",
          "GMNotes": "",
          "ColorDiffuse": {
            "r": 0.713235259,
            "g": 0.713235259,
            "b": 0.713235259
          },
          "Locked": false,
          "Grid": true,
          "Snap": true,
          "IgnoreFoW": false,
          "Autoraise": true,
          "Sticky": true,
          "Tooltip": true,
          "GridProjection": false,
          "Hands": true,
          "CardID": 101,
          "SidewaysCard": false,
          "CustomDeck": {
            "1": {
              "FaceURL": "http://cloud-3.steamusercontent.com/ugc/848220431530972002/6DD79A00599D039CED3567E5DEE7C842A0D6051D/",
              "BackURL": "http://cloud-3.steamusercontent.com/ugc/848220431530973215/3ADF6E12D1068B0F8EA7116A18CA340F14C9D16B/",
              "NumWidth": 4,
              "NumHeight": 3,
              "BackIsHidden": false,
              "UniqueBack": false
            }
          },
          "XmlUI": "",
          "LuaScript": "",
          "LuaScriptState": "",
          "GUID": "56f821"
        },
        {
          "Name": "Card",
          "Transform": {
            "posX": 1.68595529,
            "posY": 1.03171349,
            "posZ": -11.45558,
            "rotX": -6.65364936E-08,
            "rotY": 90.0,
            "rotZ": -9.985973E-07,
            "scaleX": 1.0,
            "scaleY": 1.0,
            "scaleZ": 1.0
          },
          "Nickname": "",
          "Description": "",
          "GMNotes": "",
          "ColorDiffuse": {
            "r": 0.713235259,
            "g": 0.713235259,
            "b": 0.713235259
          },
          "Locked": false,
          "Grid": true,
          "Snap": true,
          "IgnoreFoW": false,
          "Autoraise": true,
          "Sticky": true,
          "Tooltip": true,
          "GridProjection": false,
          "Hands": true,
          "CardID": 108,
          "SidewaysCard": false,
          "CustomDeck": {
            "1": {
              "FaceURL": "http://cloud-3.steamusercontent.com/ugc/848220431530972002/6DD79A00599D039CED3567E5DEE7C842A0D6051D/",
              "BackURL": "http://cloud-3.steamusercontent.com/ugc/848220431530973215/3ADF6E12D1068B0F8EA7116A18CA340F14C9D16B/",
              "NumWidth": 4,
              "NumHeight": 3,
              "BackIsHidden": false,
              "UniqueBack": false
            }
          },
          "XmlUI": "",
          "LuaScript": "",
          "LuaScriptState": "",
          "GUID": "9d5fbe"
        },
        {
          "Name": "Card",
          "Transform": {
            "posX": 5.688507,
            "posY": 1.03171349,
            "posZ": -3.35593772,
            "rotX": -5.364909E-08,
            "rotY": 89.99999,
            "rotZ": 2.58450928E-06,
            "scaleX": 1.0,
            "scaleY": 1.0,
            "scaleZ": 1.0
          },
          "Nickname": "",
          "Description": "",
          "GMNotes": "",
          "ColorDiffuse": {
            "r": 0.713235259,
            "g": 0.713235259,
            "b": 0.713235259
          },
          "Locked": false,
          "Grid": true,
          "Snap": true,
          "IgnoreFoW": false,
          "Autoraise": true,
          "Sticky": true,
          "Tooltip": true,
          "GridProjection": false,
          "Hands": true,
          "CardID": 103,
          "SidewaysCard": false,
          "CustomDeck": {
            "1": {
              "FaceURL": "http://cloud-3.steamusercontent.com/ugc/848220431530972002/6DD79A00599D039CED3567E5DEE7C842A0D6051D/",
              "BackURL": "http://cloud-3.steamusercontent.com/ugc/848220431530973215/3ADF6E12D1068B0F8EA7116A18CA340F14C9D16B/",
              "NumWidth": 4,
              "NumHeight": 3,
              "BackIsHidden": false,
              "UniqueBack": false
            }
          },
          "XmlUI": "",
          "LuaScript": "",
          "LuaScriptState": "",
          "GUID": "436b31"
        },
        {
          "Name": "Card",
          "Transform": {
            "posX": 2.0507555,
            "posY": 1.03171349,
            "posZ": -6.493383,
            "rotX": 1.42066142E-07,
            "rotY": 89.98859,
            "rotZ": 8.766939E-07,
            "scaleX": 1.0,
            "scaleY": 1.0,
            "scaleZ": 1.0
          },
          "Nickname": "",
          "Description": "",
          "GMNotes": "",
          "ColorDiffuse": {
            "r": 0.713235259,
            "g": 0.713235259,
            "b": 0.713235259
          },
          "Locked": false,
          "Grid": true,
          "Snap": true,
          "IgnoreFoW": false,
          "Autoraise": true,
          "Sticky": true,
          "Tooltip": true,
          "GridProjection": false,
          "Hands": true,
          "CardID": 104,
          "SidewaysCard": false,
          "CustomDeck": {
            "1": {
              "FaceURL": "http://cloud-3.steamusercontent.com/ugc/848220431530972002/6DD79A00599D039CED3567E5DEE7C842A0D6051D/",
              "BackURL": "http://cloud-3.steamusercontent.com/ugc/848220431530973215/3ADF6E12D1068B0F8EA7116A18CA340F14C9D16B/",
              "NumWidth": 4,
              "NumHeight": 3,
              "BackIsHidden": false,
              "UniqueBack": false
            }
          },
          "XmlUI": "",
          "LuaScript": "",
          "LuaScriptState": "",
          "GUID": "f12459"
        },
        {
          "Name": "Card",
          "Transform": {
            "posX": 5.78268528,
            "posY": 1.03171349,
            "posZ": -6.58928728,
            "rotX": -2.14514853E-06,
            "rotY": 90.0,
            "rotZ": -9.969493E-07,
            "scaleX": 1.0,
            "scaleY": 1.0,
            "scaleZ": 1.0
          },
          "Nickname": "",
          "Description": "",
          "GMNotes": "",
          "ColorDiffuse": {
            "r": 0.713235259,
            "g": 0.713235259,
            "b": 0.713235259
          },
          "Locked": false,
          "Grid": true,
          "Snap": true,
          "IgnoreFoW": false,
          "Autoraise": true,
          "Sticky": true,
          "Tooltip": true,
          "GridProjection": false,
          "Hands": true,
          "CardID": 105,
          "SidewaysCard": false,
          "CustomDeck": {
            "1": {
              "FaceURL": "http://cloud-3.steamusercontent.com/ugc/848220431530972002/6DD79A00599D039CED3567E5DEE7C842A0D6051D/",
              "BackURL": "http://cloud-3.steamusercontent.com/ugc/848220431530973215/3ADF6E12D1068B0F8EA7116A18CA340F14C9D16B/",
              "NumWidth": 4,
              "NumHeight": 3,
              "BackIsHidden": false,
              "UniqueBack": false
            }
          },
          "XmlUI": "",
          "LuaScript": "",
          "LuaScriptState": "",
          "GUID": "a076b9"
        },
        {
          "Name": "Card",
          "Transform": {
            "posX": 5.839107,
            "posY": 1.03171349,
            "posZ": -9.001163,
            "rotX": -6.797814E-07,
            "rotY": 89.9999847,
            "rotZ": 3.304961E-06,
            "scaleX": 1.0,
            "scaleY": 1.0,
            "scaleZ": 1.0
          },
          "Nickname": "",
          "Description": "",
          "GMNotes": "",
          "ColorDiffuse": {
            "r": 0.713235259,
            "g": 0.713235259,
            "b": 0.713235259
          },
          "Locked": false,
          "Grid": true,
          "Snap": true,
          "IgnoreFoW": false,
          "Autoraise": true,
          "Sticky": true,
          "Tooltip": true,
          "GridProjection": false,
          "Hands": true,
          "CardID": 107,
          "SidewaysCard": false,
          "CustomDeck": {
            "1": {
              "FaceURL": "http://cloud-3.steamusercontent.com/ugc/848220431530972002/6DD79A00599D039CED3567E5DEE7C842A0D6051D/",
              "BackURL": "http://cloud-3.steamusercontent.com/ugc/848220431530973215/3ADF6E12D1068B0F8EA7116A18CA340F14C9D16B/",
              "NumWidth": 4,
              "NumHeight": 3,
              "BackIsHidden": false,
              "UniqueBack": false
            }
          },
          "XmlUI": "",
          "LuaScript": "",
          "LuaScriptState": "",
          "GUID": "83fb65"
        },
        {
          "Name": "Card",
          "Transform": {
            "posX": 5.71788168,
            "posY": 1.03171349,
            "posZ": -11.7406511,
            "rotX": 2.528626E-07,
            "rotY": 89.99999,
            "rotZ": -1.10209733E-07,
            "scaleX": 1.0,
            "scaleY": 1.0,
            "scaleZ": 1.0
          },
          "Nickname": "",
          "Description": "",
          "GMNotes": "",
          "ColorDiffuse": {
            "r": 0.713235259,
            "g": 0.713235259,
            "b": 0.713235259
          },
          "Locked": false,
          "Grid": true,
          "Snap": true,
          "IgnoreFoW": false,
          "Autoraise": true,
          "Sticky": true,
          "Tooltip": true,
          "GridProjection": false,
          "Hands": true,
          "CardID": 109,
          "SidewaysCard": false,
          "CustomDeck": {
            "1": {
              "FaceURL": "http://cloud-3.steamusercontent.com/ugc/848220431530972002/6DD79A00599D039CED3567E5DEE7C842A0D6051D/",
              "BackURL": "http://cloud-3.steamusercontent.com/ugc/848220431530973215/3ADF6E12D1068B0F8EA7116A18CA340F14C9D16B/",
              "NumWidth": 4,
              "NumHeight": 3,
              "BackIsHidden": false,
              "UniqueBack": false
            }
          },
          "XmlUI": "",
          "LuaScript": "",
          "LuaScriptState": "",
          "GUID": "19dee1"
        }
      ],
      "GUID": "6e0d8e"
    },
    {
      "Name": "DeckCustom",
      "Transform": {
        "posX": -1.76032913,
        "posY": 1.04712486,
        "posZ": 0.8657954,
        "rotX": 8.490466E-08,
        "rotY": 179.999359,
        "rotZ": 180.0,
        "scaleX": 1.0,
        "scaleY": 1.0,
        "scaleZ": 1.0
      },
      "Nickname": "",
      "Description": "",
      "GMNotes": "",
      "ColorDiffuse": {
        "r": 0.713235259,
        "g": 0.713235259,
        "b": 0.713235259
      },
      "Locked": false,
      "Grid": true,
      "Snap": true,
      "IgnoreFoW": false,
      "Autoraise": true,
      "Sticky": true,
      "Tooltip": true,
      "GridProjection": false,
      "HideWhenFaceDown": true,
      "Hands": false,
      "SidewaysCard": false,
      "DeckIDs": [
        200,
        201,
        202,
        203,
        204,
        205,
        206,
        207,
        208,
        209,
        210,
        211
      ],
      "CustomDeck": {
        "2": {
          "FaceURL": "http://cloud-3.steamusercontent.com/ugc/848220431531000264/AA8F13DED390B16EFD6D4FDFFF573B507CBD4925/",
          "BackURL": "http://cloud-3.steamusercontent.com/ugc/848220431531001180/08282780AF372B10805D97E32520F0D10EFC96C9/",
          "NumWidth": 4,
          "NumHeight": 3,
          "BackIsHidden": false,
          "UniqueBack": false
        }
      },
      "XmlUI": "",
      "LuaScript": "",
      "LuaScriptState": "",
      "ContainedObjects": [
        {
          "Name": "Card",
          "Transform": {
            "posX": -9.751495,
            "posY": 1.18660724,
            "posZ": 8.226985,
            "rotX": -0.0014003152,
            "rotY": 180.005127,
            "rotZ": 180.062286,
            "scaleX": 1.0,
            "scaleY": 1.0,
            "scaleZ": 1.0
          },
          "Nickname": "",
          "Description": "",
          "GMNotes": "",
          "ColorDiffuse": {
            "r": 0.713235259,
            "g": 0.713235259,
            "b": 0.713235259
          },
          "Locked": false,
          "Grid": true,
          "Snap": true,
          "IgnoreFoW": false,
          "Autoraise": true,
          "Sticky": true,
          "Tooltip": true,
          "GridProjection": false,
          "Hands": true,
          "CardID": 200,
          "SidewaysCard": false,
          "CustomDeck": {
            "2": {
              "FaceURL": "http://cloud-3.steamusercontent.com/ugc/848220431531000264/AA8F13DED390B16EFD6D4FDFFF573B507CBD4925/",
              "BackURL": "http://cloud-3.steamusercontent.com/ugc/848220431531001180/08282780AF372B10805D97E32520F0D10EFC96C9/",
              "NumWidth": 4,
              "NumHeight": 3,
              "BackIsHidden": false,
              "UniqueBack": false
            }
          },
          "XmlUI": "",
          "LuaScript": "",
          "LuaScriptState": "",
          "GUID": "17a3cf"
        },
        {
          "Name": "Card",
          "Transform": {
            "posX": 5.785788,
            "posY": 1.04493022,
            "posZ": -1.07045186,
            "rotX": 6.549307E-07,
            "rotY": 180.0,
            "rotZ": 180.0,
            "scaleX": 1.0,
            "scaleY": 1.0,
            "scaleZ": 1.0
          },
          "Nickname": "",
          "Description": "",
          "GMNotes": "",
          "ColorDiffuse": {
            "r": 0.713235259,
            "g": 0.713235259,
            "b": 0.713235259
          },
          "Locked": false,
          "Grid": true,
          "Snap": true,
          "IgnoreFoW": false,
          "Autoraise": true,
          "Sticky": true,
          "Tooltip": true,
          "GridProjection": false,
          "Hands": true,
          "CardID": 201,
          "SidewaysCard": false,
          "XmlUI": "",
          "LuaScript": "",
          "LuaScriptState": "",
          "ContainedObjects": [],
          "GUID": "17a3cf"
        },
        {
          "Name": "Card",
          "Transform": {
            "posX": 5.785788,
            "posY": 1.04493022,
            "posZ": -1.07045186,
            "rotX": 6.549307E-07,
            "rotY": 180.0,
            "rotZ": 180.0,
            "scaleX": 1.0,
            "scaleY": 1.0,
            "scaleZ": 1.0
          },
          "Nickname": "",
          "Description": "",
          "GMNotes": "",
          "ColorDiffuse": {
            "r": 0.713235259,
            "g": 0.713235259,
            "b": 0.713235259
          },
          "Locked": false,
          "Grid": true,
          "Snap": true,
          "IgnoreFoW": false,
          "Autoraise": true,
          "Sticky": true,
          "Tooltip": true,
          "GridProjection": false,
          "Hands": true,
          "CardID": 202,
          "SidewaysCard": false,
          "XmlUI": "",
          "LuaScript": "",
          "LuaScriptState": "",
          "ContainedObjects": [],
          "GUID": "17a3cf"
        },
        {
          "Name": "Card",
          "Transform": {
            "posX": 5.785788,
            "posY": 1.04493022,
            "posZ": -1.07045186,
            "rotX": 6.549307E-07,
            "rotY": 180.0,
            "rotZ": 180.0,
            "scaleX": 1.0,
            "scaleY": 1.0,
            "scaleZ": 1.0
          },
          "Nickname": "",
          "Description": "",
          "GMNotes": "",
          "ColorDiffuse": {
            "r": 0.713235259,
            "g": 0.713235259,
            "b": 0.713235259
          },
          "Locked": false,
          "Grid": true,
          "Snap": true,
          "IgnoreFoW": false,
          "Autoraise": true,
          "Sticky": true,
          "Tooltip": true,
          "GridProjection": false,
          "Hands": true,
          "CardID": 203,
          "SidewaysCard": false,
          "XmlUI": "",
          "LuaScript": "",
          "LuaScriptState": "",
          "ContainedObjects": [],
          "GUID": "17a3cf"
        },
        {
          "Name": "Card",
          "Transform": {
            "posX": 5.785788,
            "posY": 1.04493022,
            "posZ": -1.07045186,
            "rotX": 6.549307E-07,
            "rotY": 180.0,
            "rotZ": 180.0,
            "scaleX": 1.0,
            "scaleY": 1.0,
            "scaleZ": 1.0
          },
          "Nickname": "",
          "Description": "",
          "GMNotes": "",
          "ColorDiffuse": {
            "r": 0.713235259,
            "g": 0.713235259,
            "b": 0.713235259
          },
          "Locked": false,
          "Grid": true,
          "Snap": true,
          "IgnoreFoW": false,
          "Autoraise": true,
          "Sticky": true,
          "Tooltip": true,
          "GridProjection": false,
          "Hands": true,
          "CardID": 204,
          "SidewaysCard": false,
          "XmlUI": "",
          "LuaScript": "",
          "LuaScriptState": "",
          "ContainedObjects": [],
          "GUID": "17a3cf"
        },
        {
          "Name": "Card",
          "Transform": {
            "posX": 5.785788,
            "posY": 1.04493022,
            "posZ": -1.07045186,
            "rotX": 6.549307E-07,
            "rotY": 180.0,
            "rotZ": 180.0,
            "scaleX": 1.0,
            "scaleY": 1.0,
            "scaleZ": 1.0
          },
          "Nickname": "",
          "Description": "",
          "GMNotes": "",
          "ColorDiffuse": {
            "r": 0.713235259,
            "g": 0.713235259,
            "b": 0.713235259
          },
          "Locked": false,
          "Grid": true,
          "Snap": true,
          "IgnoreFoW": false,
          "Autoraise": true,
          "Sticky": true,
          "Tooltip": true,
          "GridProjection": false,
          "Hands": true,
          "CardID": 205,
          "SidewaysCard": false,
          "XmlUI": "",
          "LuaScript": "",
          "LuaScriptState": "",
          "ContainedObjects": [],
          "GUID": "17a3cf"
        },
        {
          "Name": "Card",
          "Transform": {
            "posX": 5.785788,
            "posY": 1.04493022,
            "posZ": -1.07045186,
            "rotX": 6.549307E-07,
            "rotY": 180.0,
            "rotZ": 180.0,
            "scaleX": 1.0,
            "scaleY": 1.0,
            "scaleZ": 1.0
          },
          "Nickname": "",
          "Description": "",
          "GMNotes": "",
          "ColorDiffuse": {
            "r": 0.713235259,
            "g": 0.713235259,
            "b": 0.713235259
          },
          "Locked": false,
          "Grid": true,
          "Snap": true,
          "IgnoreFoW": false,
          "Autoraise": true,
          "Sticky": true,
          "Tooltip": true,
          "GridProjection": false,
          "Hands": true,
          "CardID": 206,
          "SidewaysCard": false,
          "XmlUI": "",
          "LuaScript": "",
          "LuaScriptState": "",
          "ContainedObjects": [],
          "GUID": "17a3cf"
        },
        {
          "Name": "Card",
          "Transform": {
            "posX": 5.785788,
            "posY": 1.04493022,
            "posZ": -1.07045186,
            "rotX": 6.549307E-07,
            "rotY": 180.0,
            "rotZ": 180.0,
            "scaleX": 1.0,
            "scaleY": 1.0,
            "scaleZ": 1.0
          },
          "Nickname": "",
          "Description": "",
          "GMNotes": "",
          "ColorDiffuse": {
            "r": 0.713235259,
            "g": 0.713235259,
            "b": 0.713235259
          },
          "Locked": false,
          "Grid": true,
          "Snap": true,
          "IgnoreFoW": false,
          "Autoraise": true,
          "Sticky": true,
          "Tooltip": true,
          "GridProjection": false,
          "Hands": true,
          "CardID": 207,
          "SidewaysCard": false,
          "XmlUI": "",
          "LuaScript": "",
          "LuaScriptState": "",
          "ContainedObjects": [],
          "GUID": "17a3cf"
        },
        {
          "Name": "Card",
          "Transform": {
            "posX": 5.785788,
            "posY": 1.04493022,
            "posZ": -1.07045186,
            "rotX": 6.549307E-07,
            "rotY": 180.0,
            "rotZ": 180.0,
            "scaleX": 1.0,
            "scaleY": 1.0,
            "scaleZ": 1.0
          },
          "Nickname": "",
          "Description": "",
          "GMNotes": "",
          "ColorDiffuse": {
            "r": 0.713235259,
            "g": 0.713235259,
            "b": 0.713235259
          },
          "Locked": false,
          "Grid": true,
          "Snap": true,
          "IgnoreFoW": false,
          "Autoraise": true,
          "Sticky": true,
          "Tooltip": true,
          "GridProjection": false,
          "Hands": true,
          "CardID": 208,
          "SidewaysCard": false,
          "XmlUI": "",
          "LuaScript": "",
          "LuaScriptState": "",
          "ContainedObjects": [],
          "GUID": "17a3cf"
        },
        {
          "Name": "Card",
          "Transform": {
            "posX": 5.785788,
            "posY": 1.04493022,
            "posZ": -1.07045186,
            "rotX": 6.549307E-07,
            "rotY": 180.0,
            "rotZ": 180.0,
            "scaleX": 1.0,
            "scaleY": 1.0,
            "scaleZ": 1.0
          },
          "Nickname": "",
          "Description": "",
          "GMNotes": "",
          "ColorDiffuse": {
            "r": 0.713235259,
            "g": 0.713235259,
            "b": 0.713235259
          },
          "Locked": false,
          "Grid": true,
          "Snap": true,
          "IgnoreFoW": false,
          "Autoraise": true,
          "Sticky": true,
          "Tooltip": true,
          "GridProjection": false,
          "Hands": true,
          "CardID": 209,
          "SidewaysCard": false,
          "XmlUI": "",
          "LuaScript": "",
          "LuaScriptState": "",
          "ContainedObjects": [],
          "GUID": "17a3cf"
        },
        {
          "Name": "Card",
          "Transform": {
            "posX": 5.785788,
            "posY": 1.04493022,
            "posZ": -1.07045186,
            "rotX": 6.549307E-07,
            "rotY": 180.0,
            "rotZ": 180.0,
            "scaleX": 1.0,
            "scaleY": 1.0,
            "scaleZ": 1.0
          },
          "Nickname": "",
          "Description": "",
          "GMNotes": "",
          "ColorDiffuse": {
            "r": 0.713235259,
            "g": 0.713235259,
            "b": 0.713235259
          },
          "Locked": false,
          "Grid": true,
          "Snap": true,
          "IgnoreFoW": false,
          "Autoraise": true,
          "Sticky": true,
          "Tooltip": true,
          "GridProjection": false,
          "Hands": true,
          "CardID": 210,
          "SidewaysCard": false,
          "XmlUI": "",
          "LuaScript": "",
          "LuaScriptState": "",
          "ContainedObjects": [],
          "GUID": "17a3cf"
        },
        {
          "Name": "Card",
          "Transform": {
            "posX": 5.785788,
            "posY": 1.04493022,
            "posZ": -1.07045186,
            "rotX": 6.549307E-07,
            "rotY": 180.0,
            "rotZ": 180.0,
            "scaleX": 1.0,
            "scaleY": 1.0,
            "scaleZ": 1.0
          },
          "Nickname": "",
          "Description": "",
          "GMNotes": "",
          "ColorDiffuse": {
            "r": 0.713235259,
            "g": 0.713235259,
            "b": 0.713235259
          },
          "Locked": false,
          "Grid": true,
          "Snap": true,
          "IgnoreFoW": false,
          "Autoraise": true,
          "Sticky": true,
          "Tooltip": true,
          "GridProjection": false,
          "Hands": true,
          "CardID": 211,
          "SidewaysCard": false,
          "XmlUI": "",
          "LuaScript": "",
          "LuaScriptState": "",
          "ContainedObjects": [],
          "GUID": "17a3cf"
        }
      ],
      "GUID": "644d67"
    },
    {
      "Name": "DeckCustom",
      "Transform": {
        "posX": 1.30561221,
        "posY": 1.04712474,
        "posZ": 0.7947942,
        "rotX": 8.614979E-08,
        "rotY": 180.000488,
        "rotZ": 180.0,
        "scaleX": 1.0,
        "scaleY": 1.0,
        "scaleZ": 1.0
      },
      "Nickname": "",
      "Description": "",
      "GMNotes": "",
      "ColorDiffuse": {
        "r": 0.713235259,
        "g": 0.713235259,
        "b": 0.713235259
      },
      "Locked": false,
      "Grid": true,
      "Snap": true,
      "IgnoreFoW": false,
      "Autoraise": true,
      "Sticky": true,
      "Tooltip": true,
      "GridProjection": false,
      "HideWhenFaceDown": true,
      "Hands": false,
      "SidewaysCard": false,
      "DeckIDs": [
        300,
        301,
        302,
        303,
        304,
        305,
        306,
        307,
        308,
        309,
        310,
        311
      ],
      "CustomDeck": {
        "3": {
          "FaceURL": "http://cloud-3.steamusercontent.com/ugc/848220431531057539/C6CEA169360C254647951D6F1E8932507FAD0C0F/",
          "BackURL": "http://cloud-3.steamusercontent.com/ugc/848220431531098250/420EFBC8ADEB0C607F25BA2BE048D87C593B589C/",
          "NumWidth": 4,
          "NumHeight": 3,
          "BackIsHidden": false,
          "UniqueBack": false
        }
      },
      "XmlUI": "",
      "LuaScript": "",
      "LuaScriptState": "",
      "ContainedObjects": [
        {
          "Name": "Card",
          "Transform": {
            "posX": -6.460799,
            "posY": 1.20199907,
            "posZ": 8.138487,
            "rotX": -0.002370839,
            "rotY": 180.004974,
            "rotZ": 181.0071,
            "scaleX": 1.0,
            "scaleY": 1.0,
            "scaleZ": 1.0
          },
          "Nickname": "",
          "Description": "",
          "GMNotes": "",
          "ColorDiffuse": {
            "r": 0.713235259,
            "g": 0.713235259,
            "b": 0.713235259
          },
          "Locked": false,
          "Grid": true,
          "Snap": true,
          "IgnoreFoW": false,
          "Autoraise": true,
          "Sticky": true,
          "Tooltip": true,
          "GridProjection": false,
          "Hands": true,
          "CardID": 300,
          "SidewaysCard": false,
          "CustomDeck": {
            "3": {
              "FaceURL": "http://cloud-3.steamusercontent.com/ugc/848220431531057539/C6CEA169360C254647951D6F1E8932507FAD0C0F/",
              "BackURL": "http://cloud-3.steamusercontent.com/ugc/848220431531098250/420EFBC8ADEB0C607F25BA2BE048D87C593B589C/",
              "NumWidth": 4,
              "NumHeight": 3,
              "BackIsHidden": false,
              "UniqueBack": false
            }
          },
          "XmlUI": "",
          "LuaScript": "",
          "LuaScriptState": "",
          "GUID": "693e5d"
        },
        {
          "Name": "Card",
          "Transform": {
            "posX": -3.56521923E-10,
            "posY": 1.04493046,
            "posZ": -7.05711045E-09,
            "rotX": -2.62657949E-07,
            "rotY": 180.0,
            "rotZ": 180.0,
            "scaleX": 1.0,
            "scaleY": 1.0,
            "scaleZ": 1.0
          },
          "Nickname": "",
          "Description": "",
          "GMNotes": "",
          "ColorDiffuse": {
            "r": 0.713235259,
            "g": 0.713235259,
            "b": 0.713235259
          },
          "Locked": false,
          "Grid": true,
          "Snap": true,
          "IgnoreFoW": false,
          "Autoraise": true,
          "Sticky": true,
          "Tooltip": true,
          "GridProjection": false,
          "Hands": true,
          "CardID": 301,
          "SidewaysCard": false,
          "XmlUI": "",
          "LuaScript": "",
          "LuaScriptState": "",
          "ContainedObjects": [],
          "GUID": "693e5d"
        },
        {
          "Name": "Card",
          "Transform": {
            "posX": -3.56521923E-10,
            "posY": 1.04493046,
            "posZ": -7.05711045E-09,
            "rotX": -2.62657949E-07,
            "rotY": 180.0,
            "rotZ": 180.0,
            "scaleX": 1.0,
            "scaleY": 1.0,
            "scaleZ": 1.0
          },
          "Nickname": "",
          "Description": "",
          "GMNotes": "",
          "ColorDiffuse": {
            "r": 0.713235259,
            "g": 0.713235259,
            "b": 0.713235259
          },
          "Locked": false,
          "Grid": true,
          "Snap": true,
          "IgnoreFoW": false,
          "Autoraise": true,
          "Sticky": true,
          "Tooltip": true,
          "GridProjection": false,
          "Hands": true,
          "CardID": 302,
          "SidewaysCard": false,
          "XmlUI": "",
          "LuaScript": "",
          "LuaScriptState": "",
          "ContainedObjects": [],
          "GUID": "693e5d"
        },
        {
          "Name": "Card",
          "Transform": {
            "posX": -3.56521923E-10,
            "posY": 1.04493046,
            "posZ": -7.05711045E-09,
            "rotX": -2.62657949E-07,
            "rotY": 180.0,
            "rotZ": 180.0,
            "scaleX": 1.0,
            "scaleY": 1.0,
            "scaleZ": 1.0
          },
          "Nickname": "",
          "Description": "",
          "GMNotes": "",
          "ColorDiffuse": {
            "r": 0.713235259,
            "g": 0.713235259,
            "b": 0.713235259
          },
          "Locked": false,
          "Grid": true,
          "Snap": true,
          "IgnoreFoW": false,
          "Autoraise": true,
          "Sticky": true,
          "Tooltip": true,
          "GridProjection": false,
          "Hands": true,
          "CardID": 303,
          "SidewaysCard": false,
          "XmlUI": "",
          "LuaScript": "",
          "LuaScriptState": "",
          "ContainedObjects": [],
          "GUID": "693e5d"
        },
        {
          "Name": "Card",
          "Transform": {
            "posX": -3.56521923E-10,
            "posY": 1.04493046,
            "posZ": -7.05711045E-09,
            "rotX": -2.62657949E-07,
            "rotY": 180.0,
            "rotZ": 180.0,
            "scaleX": 1.0,
            "scaleY": 1.0,
            "scaleZ": 1.0
          },
          "Nickname": "",
          "Description": "",
          "GMNotes": "",
          "ColorDiffuse": {
            "r": 0.713235259,
            "g": 0.713235259,
            "b": 0.713235259
          },
          "Locked": false,
          "Grid": true,
          "Snap": true,
          "IgnoreFoW": false,
          "Autoraise": true,
          "Sticky": true,
          "Tooltip": true,
          "GridProjection": false,
          "Hands": true,
          "CardID": 304,
          "SidewaysCard": false,
          "XmlUI": "",
          "LuaScript": "",
          "LuaScriptState": "",
          "ContainedObjects": [],
          "GUID": "693e5d"
        },
        {
          "Name": "Card",
          "Transform": {
            "posX": -3.56521923E-10,
            "posY": 1.04493046,
            "posZ": -7.05711045E-09,
            "rotX": -2.62657949E-07,
            "rotY": 180.0,
            "rotZ": 180.0,
            "scaleX": 1.0,
            "scaleY": 1.0,
            "scaleZ": 1.0
          },
          "Nickname": "",
          "Description": "",
          "GMNotes": "",
          "ColorDiffuse": {
            "r": 0.713235259,
            "g": 0.713235259,
            "b": 0.713235259
          },
          "Locked": false,
          "Grid": true,
          "Snap": true,
          "IgnoreFoW": false,
          "Autoraise": true,
          "Sticky": true,
          "Tooltip": true,
          "GridProjection": false,
          "Hands": true,
          "CardID": 305,
          "SidewaysCard": false,
          "XmlUI": "",
          "LuaScript": "",
          "LuaScriptState": "",
          "ContainedObjects": [],
          "GUID": "693e5d"
        },
        {
          "Name": "Card",
          "Transform": {
            "posX": -3.56521923E-10,
            "posY": 1.04493046,
            "posZ": -7.05711045E-09,
            "rotX": -2.62657949E-07,
            "rotY": 180.0,
            "rotZ": 180.0,
            "scaleX": 1.0,
            "scaleY": 1.0,
            "scaleZ": 1.0
          },
          "Nickname": "",
          "Description": "",
          "GMNotes": "",
          "ColorDiffuse": {
            "r": 0.713235259,
            "g": 0.713235259,
            "b": 0.713235259
          },
          "Locked": false,
          "Grid": true,
          "Snap": true,
          "IgnoreFoW": false,
          "Autoraise": true,
          "Sticky": true,
          "Tooltip": true,
          "GridProjection": false,
          "Hands": true,
          "CardID": 306,
          "SidewaysCard": false,
          "XmlUI": "",
          "LuaScript": "",
          "LuaScriptState": "",
          "ContainedObjects": [],
          "GUID": "693e5d"
        },
        {
          "Name": "Card",
          "Transform": {
            "posX": -3.56521923E-10,
            "posY": 1.04493046,
            "posZ": -7.05711045E-09,
            "rotX": -2.62657949E-07,
            "rotY": 180.0,
            "rotZ": 180.0,
            "scaleX": 1.0,
            "scaleY": 1.0,
            "scaleZ": 1.0
          },
          "Nickname": "",
          "Description": "",
          "GMNotes": "",
          "ColorDiffuse": {
            "r": 0.713235259,
            "g": 0.713235259,
            "b": 0.713235259
          },
          "Locked": false,
          "Grid": true,
          "Snap": true,
          "IgnoreFoW": false,
          "Autoraise": true,
          "Sticky": true,
          "Tooltip": true,
          "GridProjection": false,
          "Hands": true,
          "CardID": 307,
          "SidewaysCard": false,
          "XmlUI": "",
          "LuaScript": "",
          "LuaScriptState": "",
          "ContainedObjects": [],
          "GUID": "693e5d"
        },
        {
          "Name": "Card",
          "Transform": {
            "posX": -3.56521923E-10,
            "posY": 1.04493046,
            "posZ": -7.05711045E-09,
            "rotX": -2.62657949E-07,
            "rotY": 180.0,
            "rotZ": 180.0,
            "scaleX": 1.0,
            "scaleY": 1.0,
            "scaleZ": 1.0
          },
          "Nickname": "",
          "Description": "",
          "GMNotes": "",
          "ColorDiffuse": {
            "r": 0.713235259,
            "g": 0.713235259,
            "b": 0.713235259
          },
          "Locked": false,
          "Grid": true,
          "Snap": true,
          "IgnoreFoW": false,
          "Autoraise": true,
          "Sticky": true,
          "Tooltip": true,
          "GridProjection": false,
          "Hands": true,
          "CardID": 308,
          "SidewaysCard": false,
          "XmlUI": "",
          "LuaScript": "",
          "LuaScriptState": "",
          "ContainedObjects": [],
          "GUID": "693e5d"
        },
        {
          "Name": "Card",
          "Transform": {
            "posX": -3.56521923E-10,
            "posY": 1.04493046,
            "posZ": -7.05711045E-09,
            "rotX": -2.62657949E-07,
            "rotY": 180.0,
            "rotZ": 180.0,
            "scaleX": 1.0,
            "scaleY": 1.0,
            "scaleZ": 1.0
          },
          "Nickname": "",
          "Description": "",
          "GMNotes": "",
          "ColorDiffuse": {
            "r": 0.713235259,
            "g": 0.713235259,
            "b": 0.713235259
          },
          "Locked": false,
          "Grid": true,
          "Snap": true,
          "IgnoreFoW": false,
          "Autoraise": true,
          "Sticky": true,
          "Tooltip": true,
          "GridProjection": false,
          "Hands": true,
          "CardID": 309,
          "SidewaysCard": false,
          "XmlUI": "",
          "LuaScript": "",
          "LuaScriptState": "",
          "ContainedObjects": [],
          "GUID": "693e5d"
        },
        {
          "Name": "Card",
          "Transform": {
            "posX": -3.56521923E-10,
            "posY": 1.04493046,
            "posZ": -7.05711045E-09,
            "rotX": -2.62657949E-07,
            "rotY": 180.0,
            "rotZ": 180.0,
            "scaleX": 1.0,
            "scaleY": 1.0,
            "scaleZ": 1.0
          },
          "Nickname": "",
          "Description": "",
          "GMNotes": "",
          "ColorDiffuse": {
            "r": 0.713235259,
            "g": 0.713235259,
            "b": 0.713235259
          },
          "Locked": false,
          "Grid": true,
          "Snap": true,
          "IgnoreFoW": false,
          "Autoraise": true,
          "Sticky": true,
          "Tooltip": true,
          "GridProjection": false,
          "Hands": true,
          "CardID": 310,
          "SidewaysCard": false,
          "XmlUI": "",
          "LuaScript": "",
          "LuaScriptState": "",
          "ContainedObjects": [],
          "GUID": "693e5d"
        },
        {
          "Name": "Card",
          "Transform": {
            "posX": -3.56521923E-10,
            "posY": 1.04493046,
            "posZ": -7.05711045E-09,
            "rotX": -2.62657949E-07,
            "rotY": 180.0,
            "rotZ": 180.0,
            "scaleX": 1.0,
            "scaleY": 1.0,
            "scaleZ": 1.0
          },
          "Nickname": "",
          "Description": "",
          "GMNotes": "",
          "ColorDiffuse": {
            "r": 0.713235259,
            "g": 0.713235259,
            "b": 0.713235259
          },
          "Locked": false,
          "Grid": true,
          "Snap": true,
          "IgnoreFoW": false,
          "Autoraise": true,
          "Sticky": true,
          "Tooltip": true,
          "GridProjection": false,
          "Hands": true,
          "CardID": 311,
          "SidewaysCard": false,
          "XmlUI": "",
          "LuaScript": "",
          "LuaScriptState": "",
          "ContainedObjects": [],
          "GUID": "693e5d"
        }
      ],
      "GUID": "28b459"
    },
    {
      "Name": "DeckCustom",
      "Transform": {
        "posX": 4.25523758,
        "posY": 1.04291475,
        "posZ": 0.7134888,
        "rotX": 3.41243727E-08,
        "rotY": 180.000031,
        "rotZ": 180.0,
        "scaleX": 1.0,
        "scaleY": 1.0,
        "scaleZ": 1.0
      },
      "Nickname": "",
      "Description": "",
      "GMNotes": "",
      "ColorDiffuse": {
        "r": 0.713235259,
        "g": 0.713235259,
        "b": 0.713235259
      },
      "Locked": false,
      "Grid": true,
      "Snap": true,
      "IgnoreFoW": false,
      "Autoraise": true,
      "Sticky": true,
      "Tooltip": true,
      "GridProjection": false,
      "HideWhenFaceDown": true,
      "Hands": false,
      "SidewaysCard": false,
      "DeckIDs": [
        400,
        401,
        402,
        403,
        404,
        405
      ],
      "CustomDeck": {
        "4": {
          "FaceURL": "http://cloud-3.steamusercontent.com/ugc/848220431531215436/82C311B7AF8F0B7986978C61B807AFD4D47AA293/",
          "BackURL": "http://cloud-3.steamusercontent.com/ugc/848220431531215898/B0AC013E5FA2C84E8754852CC08B3106A5C6C700/",
          "NumWidth": 3,
          "NumHeight": 2,
          "BackIsHidden": false,
          "UniqueBack": false
        }
      },
      "XmlUI": "",
      "LuaScript": "",
      "LuaScriptState": "",
      "ContainedObjects": [
        {
          "Name": "Card",
          "Transform": {
            "posX": -3.38179374,
            "posY": 1.1875633,
            "posZ": 8.787283,
            "rotX": 359.964966,
            "rotY": 180.01622,
            "rotZ": 180.026077,
            "scaleX": 1.0,
            "scaleY": 1.0,
            "scaleZ": 1.0
          },
          "Nickname": "",
          "Description": "",
          "GMNotes": "",
          "ColorDiffuse": {
            "r": 0.713235259,
            "g": 0.713235259,
            "b": 0.713235259
          },
          "Locked": false,
          "Grid": true,
          "Snap": true,
          "IgnoreFoW": false,
          "Autoraise": true,
          "Sticky": true,
          "Tooltip": true,
          "GridProjection": false,
          "Hands": true,
          "CardID": 400,
          "SidewaysCard": false,
          "CustomDeck": {
            "4": {
              "FaceURL": "http://cloud-3.steamusercontent.com/ugc/848220431531215436/82C311B7AF8F0B7986978C61B807AFD4D47AA293/",
              "BackURL": "http://cloud-3.steamusercontent.com/ugc/848220431531215898/B0AC013E5FA2C84E8754852CC08B3106A5C6C700/",
              "NumWidth": 3,
              "NumHeight": 2,
              "BackIsHidden": false,
              "UniqueBack": false
            }
          },
          "XmlUI": "",
          "LuaScript": "",
          "LuaScriptState": "",
          "GUID": "ca25b0"
        },
        {
          "Name": "Card",
          "Transform": {
            "posX": -0.532864451,
            "posY": 1.04493022,
            "posZ": 7.6892,
            "rotX": -1.27096158E-07,
            "rotY": 180.0,
            "rotZ": 180.0,
            "scaleX": 1.0,
            "scaleY": 1.0,
            "scaleZ": 1.0
          },
          "Nickname": "",
          "Description": "",
          "GMNotes": "",
          "ColorDiffuse": {
            "r": 0.713235259,
            "g": 0.713235259,
            "b": 0.713235259
          },
          "Locked": false,
          "Grid": true,
          "Snap": true,
          "IgnoreFoW": false,
          "Autoraise": true,
          "Sticky": true,
          "Tooltip": true,
          "GridProjection": false,
          "Hands": true,
          "CardID": 401,
          "SidewaysCard": false,
          "XmlUI": "",
          "LuaScript": "",
          "LuaScriptState": "",
          "ContainedObjects": [],
          "GUID": "ca25b0"
        },
        {
          "Name": "Card",
          "Transform": {
            "posX": -0.532864451,
            "posY": 1.04493022,
            "posZ": 7.6892,
            "rotX": -1.27096158E-07,
            "rotY": 180.0,
            "rotZ": 180.0,
            "scaleX": 1.0,
            "scaleY": 1.0,
            "scaleZ": 1.0
          },
          "Nickname": "",
          "Description": "",
          "GMNotes": "",
          "ColorDiffuse": {
            "r": 0.713235259,
            "g": 0.713235259,
            "b": 0.713235259
          },
          "Locked": false,
          "Grid": true,
          "Snap": true,
          "IgnoreFoW": false,
          "Autoraise": true,
          "Sticky": true,
          "Tooltip": true,
          "GridProjection": false,
          "Hands": true,
          "CardID": 402,
          "SidewaysCard": false,
          "XmlUI": "",
          "LuaScript": "",
          "LuaScriptState": "",
          "ContainedObjects": [],
          "GUID": "ca25b0"
        },
        {
          "Name": "Card",
          "Transform": {
            "posX": -0.532864451,
            "posY": 1.04493022,
            "posZ": 7.6892,
            "rotX": -1.27096158E-07,
            "rotY": 180.0,
            "rotZ": 180.0,
            "scaleX": 1.0,
            "scaleY": 1.0,
            "scaleZ": 1.0
          },
          "Nickname": "",
          "Description": "",
          "GMNotes": "",
          "ColorDiffuse": {
            "r": 0.713235259,
            "g": 0.713235259,
            "b": 0.713235259
          },
          "Locked": false,
          "Grid": true,
          "Snap": true,
          "IgnoreFoW": false,
          "Autoraise": true,
          "Sticky": true,
          "Tooltip": true,
          "GridProjection": false,
          "Hands": true,
          "CardID": 403,
          "SidewaysCard": false,
          "XmlUI": "",
          "LuaScript": "",
          "LuaScriptState": "",
          "ContainedObjects": [],
          "GUID": "ca25b0"
        },
        {
          "Name": "Card",
          "Transform": {
            "posX": -0.532864451,
            "posY": 1.04493022,
            "posZ": 7.6892,
            "rotX": -1.27096158E-07,
            "rotY": 180.0,
            "rotZ": 180.0,
            "scaleX": 1.0,
            "scaleY": 1.0,
            "scaleZ": 1.0
          },
          "Nickname": "",
          "Description": "",
          "GMNotes": "",
          "ColorDiffuse": {
            "r": 0.713235259,
            "g": 0.713235259,
            "b": 0.713235259
          },
          "Locked": false,
          "Grid": true,
          "Snap": true,
          "IgnoreFoW": false,
          "Autoraise": true,
          "Sticky": true,
          "Tooltip": true,
          "GridProjection": false,
          "Hands": true,
          "CardID": 404,
          "SidewaysCard": false,
          "XmlUI": "",
          "LuaScript": "",
          "LuaScriptState": "",
          "ContainedObjects": [],
          "GUID": "ca25b0"
        },
        {
          "Name": "Card",
          "Transform": {
            "posX": -0.532864451,
            "posY": 1.04493022,
            "posZ": 7.6892,
            "rotX": -1.27096158E-07,
            "rotY": 180.0,
            "rotZ": 180.0,
            "scaleX": 1.0,
            "scaleY": 1.0,
            "scaleZ": 1.0
          },
          "Nickname": "",
          "Description": "",
          "GMNotes": "",
          "ColorDiffuse": {
            "r": 0.713235259,
            "g": 0.713235259,
            "b": 0.713235259
          },
          "Locked": false,
          "Grid": true,
          "Snap": true,
          "IgnoreFoW": false,
          "Autoraise": true,
          "Sticky": true,
          "Tooltip": true,
          "GridProjection": false,
          "Hands": true,
          "CardID": 405,
          "SidewaysCard": false,
          "XmlUI": "",
          "LuaScript": "",
          "LuaScriptState": "",
          "ContainedObjects": [],
          "GUID": "ca25b0"
        }
      ],
      "GUID": "7af281"
    },
    {
      "Name": "DeckCustom",
      "Transform": {
        "posX": 7.353504,
        "posY": 1.04291475,
        "posZ": 0.690551937,
        "rotX": 5.06321882E-08,
        "rotY": 180.0,
        "rotZ": 180.0,
        "scaleX": 1.0,
        "scaleY": 1.0,
        "scaleZ": 1.0
      },
      "Nickname": "",
      "Description": "",
      "GMNotes": "",
      "ColorDiffuse": {
        "r": 0.713235259,
        "g": 0.713235259,
        "b": 0.713235259
      },
      "Locked": false,
      "Grid": true,
      "Snap": true,
      "IgnoreFoW": false,
      "Autoraise": true,
      "Sticky": true,
      "Tooltip": true,
      "GridProjection": false,
      "HideWhenFaceDown": true,
      "Hands": false,
      "SidewaysCard": false,
      "DeckIDs": [
        500,
        501,
        502,
        503,
        504,
        505
      ],
      "CustomDeck": {
        "5": {
          "FaceURL": "http://cloud-3.steamusercontent.com/ugc/848220431531230211/D02FA8D2DF7145039440566A058E6332A4330AA5/",
          "BackURL": "http://cloud-3.steamusercontent.com/ugc/848220431531230751/21C6933BAA2CBE737ABDCB44A2250B11D57FFA1D/",
          "NumWidth": 3,
          "NumHeight": 2,
          "BackIsHidden": false,
          "UniqueBack": false
        }
      },
      "XmlUI": "",
      "LuaScript": "",
      "LuaScriptState": "",
      "ContainedObjects": [
        {
          "Name": "Card",
          "Transform": {
            "posX": 0.16808337,
            "posY": 1.04493022,
            "posZ": 8.452673,
            "rotX": 6.83404835E-07,
            "rotY": 180.0,
            "rotZ": 180.0,
            "scaleX": 1.0,
            "scaleY": 1.0,
            "scaleZ": 1.0
          },
          "Nickname": "",
          "Description": "",
          "GMNotes": "",
          "ColorDiffuse": {
            "r": 0.713235259,
            "g": 0.713235259,
            "b": 0.713235259
          },
          "Locked": false,
          "Grid": true,
          "Snap": true,
          "IgnoreFoW": false,
          "Autoraise": true,
          "Sticky": true,
          "Tooltip": true,
          "GridProjection": false,
          "Hands": true,
          "CardID": 500,
          "SidewaysCard": false,
          "XmlUI": "",
          "LuaScript": "",
          "LuaScriptState": "",
          "ContainedObjects": [],
          "GUID": "52b031"
        },
        {
          "Name": "Card",
          "Transform": {
            "posX": 0.16808337,
            "posY": 1.04493022,
            "posZ": 8.452673,
            "rotX": 6.83404835E-07,
            "rotY": 180.0,
            "rotZ": 180.0,
            "scaleX": 1.0,
            "scaleY": 1.0,
            "scaleZ": 1.0
          },
          "Nickname": "",
          "Description": "",
          "GMNotes": "",
          "ColorDiffuse": {
            "r": 0.713235259,
            "g": 0.713235259,
            "b": 0.713235259
          },
          "Locked": false,
          "Grid": true,
          "Snap": true,
          "IgnoreFoW": false,
          "Autoraise": true,
          "Sticky": true,
          "Tooltip": true,
          "GridProjection": false,
          "Hands": true,
          "CardID": 501,
          "SidewaysCard": false,
          "XmlUI": "",
          "LuaScript": "",
          "LuaScriptState": "",
          "ContainedObjects": [],
          "GUID": "52b031"
        },
        {
          "Name": "Card",
          "Transform": {
            "posX": 0.16808337,
            "posY": 1.04493022,
            "posZ": 8.452673,
            "rotX": 6.83404835E-07,
            "rotY": 180.0,
            "rotZ": 180.0,
            "scaleX": 1.0,
            "scaleY": 1.0,
            "scaleZ": 1.0
          },
          "Nickname": "",
          "Description": "",
          "GMNotes": "",
          "ColorDiffuse": {
            "r": 0.713235259,
            "g": 0.713235259,
            "b": 0.713235259
          },
          "Locked": false,
          "Grid": true,
          "Snap": true,
          "IgnoreFoW": false,
          "Autoraise": true,
          "Sticky": true,
          "Tooltip": true,
          "GridProjection": false,
          "Hands": true,
          "CardID": 502,
          "SidewaysCard": false,
          "XmlUI": "",
          "LuaScript": "",
          "LuaScriptState": "",
          "ContainedObjects": [],
          "GUID": "52b031"
        },
        {
          "Name": "Card",
          "Transform": {
            "posX": 0.16808337,
            "posY": 1.04493022,
            "posZ": 8.452673,
            "rotX": 6.83404835E-07,
            "rotY": 180.0,
            "rotZ": 180.0,
            "scaleX": 1.0,
            "scaleY": 1.0,
            "scaleZ": 1.0
          },
          "Nickname": "",
          "Description": "",
          "GMNotes": "",
          "ColorDiffuse": {
            "r": 0.713235259,
            "g": 0.713235259,
            "b": 0.713235259
          },
          "Locked": false,
          "Grid": true,
          "Snap": true,
          "IgnoreFoW": false,
          "Autoraise": true,
          "Sticky": true,
          "Tooltip": true,
          "GridProjection": false,
          "Hands": true,
          "CardID": 503,
          "SidewaysCard": false,
          "XmlUI": "",
          "LuaScript": "",
          "LuaScriptState": "",
          "ContainedObjects": [],
          "GUID": "52b031"
        },
        {
          "Name": "Card",
          "Transform": {
            "posX": 0.16808337,
            "posY": 1.04493022,
            "posZ": 8.452673,
            "rotX": 6.83404835E-07,
            "rotY": 180.0,
            "rotZ": 180.0,
            "scaleX": 1.0,
            "scaleY": 1.0,
            "scaleZ": 1.0
          },
          "Nickname": "",
          "Description": "",
          "GMNotes": "",
          "ColorDiffuse": {
            "r": 0.713235259,
            "g": 0.713235259,
            "b": 0.713235259
          },
          "Locked": false,
          "Grid": true,
          "Snap": true,
          "IgnoreFoW": false,
          "Autoraise": true,
          "Sticky": true,
          "Tooltip": true,
          "GridProjection": false,
          "Hands": true,
          "CardID": 504,
          "SidewaysCard": false,
          "XmlUI": "",
          "LuaScript": "",
          "LuaScriptState": "",
          "ContainedObjects": [],
          "GUID": "52b031"
        },
        {
          "Name": "Card",
          "Transform": {
            "posX": 0.16808337,
            "posY": 1.04493022,
            "posZ": 8.452673,
            "rotX": 6.83404835E-07,
            "rotY": 180.0,
            "rotZ": 180.0,
            "scaleX": 1.0,
            "scaleY": 1.0,
            "scaleZ": 1.0
          },
          "Nickname": "",
          "Description": "",
          "GMNotes": "",
          "ColorDiffuse": {
            "r": 0.713235259,
            "g": 0.713235259,
            "b": 0.713235259
          },
          "Locked": false,
          "Grid": true,
          "Snap": true,
          "IgnoreFoW": false,
          "Autoraise": true,
          "Sticky": true,
          "Tooltip": true,
          "GridProjection": false,
          "Hands": true,
          "CardID": 505,
          "SidewaysCard": false,
          "XmlUI": "",
          "LuaScript": "",
          "LuaScriptState": "",
          "ContainedObjects": [],
          "GUID": "52b031"
        }
      ],
      "GUID": "7ef896"
    },
    {
      "Name": "Card",
      "Transform": {
        "posX": 4.22613955,
        "posY": 1.03171349,
        "posZ": -3.23255587,
        "rotX": -1.523238E-07,
        "rotY": 180.0,
        "rotZ": -6.31319836E-07,
        "scaleX": 1.0,
        "scaleY": 1.0,
        "scaleZ": 1.0
      },
      "Nickname": "",
      "Description": "",
      "GMNotes": "",
      "ColorDiffuse": {
        "r": 0.713235259,
        "g": 0.713235259,
        "b": 0.713235259
      },
      "Locked": false,
      "Grid": true,
      "Snap": true,
      "IgnoreFoW": false,
      "Autoraise": true,
      "Sticky": true,
      "Tooltip": true,
      "GridProjection": false,
      "HideWhenFaceDown": true,
      "Hands": true,
      "CardID": 600,
      "SidewaysCard": false,
      "CustomDeck": {
        "6": {
          "FaceURL": "http://cloud-3.steamusercontent.com/ugc/848220431531243585/B2F84A14ED6F3EB3E5D2EA37626C2C5379D8542F/",
          "BackURL": "http://cloud-3.steamusercontent.com/ugc/848220431531244442/57F890A59412C73D388770705A0571DD2B19163C/",
          "NumWidth": 2,
          "NumHeight": 2,
          "BackIsHidden": false,
          "UniqueBack": false
        }
      },
      "XmlUI": "",
      "LuaScript": "",
      "LuaScriptState": "",
      "GUID": "f6eb58"
    },
    {
      "Name": "Card",
      "Transform": {
        "posX": -2.92869067,
        "posY": 1.03171349,
        "posZ": -3.21898937,
        "rotX": -2.20894336E-07,
        "rotY": 180.0,
        "rotZ": -2.899636E-07,
        "scaleX": 1.0,
        "scaleY": 1.0,
        "scaleZ": 1.0
      },
      "Nickname": "",
      "Description": "",
      "GMNotes": "",
      "ColorDiffuse": {
        "r": 0.713235259,
        "g": 0.713235259,
        "b": 0.713235259
      },
      "Locked": false,
      "Grid": true,
      "Snap": true,
      "IgnoreFoW": false,
      "Autoraise": true,
      "Sticky": true,
      "Tooltip": true,
      "GridProjection": false,
      "HideWhenFaceDown": true,
      "Hands": true,
      "CardID": 601,
      "SidewaysCard": false,
      "CustomDeck": {
        "6": {
          "FaceURL": "http://cloud-3.steamusercontent.com/ugc/848220431531243585/B2F84A14ED6F3EB3E5D2EA37626C2C5379D8542F/",
          "BackURL": "http://cloud-3.steamusercontent.com/ugc/848220431531244442/57F890A59412C73D388770705A0571DD2B19163C/",
          "NumWidth": 2,
          "NumHeight": 2,
          "BackIsHidden": false,
          "UniqueBack": false
        }
      },
      "XmlUI": "",
      "LuaScript": "",
      "LuaScriptState": "",
      "GUID": "c052b3"
    },
    {
      "Name": "Card",
      "Transform": {
        "posX": -0.5674031,
        "posY": 1.03171349,
        "posZ": -3.23066139,
        "rotX": -1.23317561E-08,
        "rotY": 180.0,
        "rotZ": -7.58487744E-08,
        "scaleX": 1.0,
        "scaleY": 1.0,
        "scaleZ": 1.0
      },
      "Nickname": "",
      "Description": "",
      "GMNotes": "",
      "ColorDiffuse": {
        "r": 0.713235259,
        "g": 0.713235259,
        "b": 0.713235259
      },
      "Locked": false,
      "Grid": true,
      "Snap": true,
      "IgnoreFoW": false,
      "Autoraise": true,
      "Sticky": true,
      "Tooltip": true,
      "GridProjection": false,
      "HideWhenFaceDown": true,
      "Hands": true,
      "CardID": 602,
      "SidewaysCard": false,
      "CustomDeck": {
        "6": {
          "FaceURL": "http://cloud-3.steamusercontent.com/ugc/848220431531243585/B2F84A14ED6F3EB3E5D2EA37626C2C5379D8542F/",
          "BackURL": "http://cloud-3.steamusercontent.com/ugc/848220431531244442/57F890A59412C73D388770705A0571DD2B19163C/",
          "NumWidth": 2,
          "NumHeight": 2,
          "BackIsHidden": false,
          "UniqueBack": false
        }
      },
      "XmlUI": "",
      "LuaScript": "",
      "LuaScriptState": "",
      "GUID": "4eadb6"
    },
    {
      "Name": "Card",
      "Transform": {
        "posX": 1.814794,
        "posY": 1.03171349,
        "posZ": -3.24211836,
        "rotX": 2.18591E-08,
        "rotY": 180.000015,
        "rotZ": 1.42240921E-07,
        "scaleX": 1.0,
        "scaleY": 1.0,
        "scaleZ": 1.0
      },
      "Nickname": "",
      "Description": "",
      "GMNotes": "",
      "ColorDiffuse": {
        "r": 0.713235259,
        "g": 0.713235259,
        "b": 0.713235259
      },
      "Locked": false,
      "Grid": true,
      "Snap": true,
      "IgnoreFoW": false,
      "Autoraise": true,
      "Sticky": true,
      "Tooltip": true,
      "GridProjection": false,
      "HideWhenFaceDown": true,
      "Hands": true,
      "CardID": 603,
      "SidewaysCard": false,
      "CustomDeck": {
        "6": {
          "FaceURL": "http://cloud-3.steamusercontent.com/ugc/848220431531243585/B2F84A14ED6F3EB3E5D2EA37626C2C5379D8542F/",
          "BackURL": "http://cloud-3.steamusercontent.com/ugc/848220431531244442/57F890A59412C73D388770705A0571DD2B19163C/",
          "NumWidth": 2,
          "NumHeight": 2,
          "BackIsHidden": false,
          "UniqueBack": false
        }
      },
      "XmlUI": "",
      "LuaScript": "",
      "LuaScriptState": "",
      "GUID": "cfaf04"
    }
  ],
  "DecalPallet": [],
  "TabStates": {
    "0": {
      "title": "Rules",
      "body": "",
      "color": "Grey",
      "visibleColor": {
        "r": 0.5,
        "g": 0.5,
        "b": 0.5
      },
      "id": 0
    },
    "1": {
      "title": "White",
      "body": "",
      "color": "White",
      "visibleColor": {
        "r": 1.0,
        "g": 1.0,
        "b": 1.0
      },
      "id": 1
    },
    "2": {
      "title": "Brown",
      "body": "",
      "color": "Brown",
      "visibleColor": {
        "r": 0.443,
        "g": 0.231,
        "b": 0.09
      },
      "id": 2
    },
    "3": {
      "title": "Red",
      "body": "",
      "color": "Red",
      "visibleColor": {
        "r": 0.856,
        "g": 0.1,
        "b": 0.094
      },
      "id": 3
    },
    "4": {
      "title": "Orange",
      "body": "",
      "color": "Orange",
      "visibleColor": {
        "r": 0.956,
        "g": 0.392,
        "b": 0.113
      },
      "id": 4
    },
    "5": {
      "title": "Yellow",
      "body": "",
      "color": "Yellow",
      "visibleColor": {
        "r": 0.905,
        "g": 0.898,
        "b": 0.172
      },
      "id": 5
    },
    "6": {
      "title": "Green",
      "body": "",
      "color": "Green",
      "visibleColor": {
        "r": 0.192,
        "g": 0.701,
        "b": 0.168
      },
      "id": 6
    },
    "7": {
      "title": "Blue",
      "body": "",
      "color": "Blue",
      "visibleColor": {
        "r": 0.118,
        "g": 0.53,
        "b": 1.0
      },
      "id": 7
    },
    "8": {
      "title": "Teal",
      "body": "",
      "color": "Teal",
      "visibleColor": {
        "r": 0.129,
        "g": 0.694,
        "b": 0.607
      },
      "id": 8
    },
    "9": {
      "title": "Purple",
      "body": "",
      "color": "Purple",
      "visibleColor": {
        "r": 0.627,
        "g": 0.125,
        "b": 0.941
      },
      "id": 9
    },
    "10": {
      "title": "Pink",
      "body": "",
      "color": "Pink",
      "visibleColor": {
        "r": 0.96,
        "g": 0.439,
        "b": 0.807
      },
      "id": 10
    },
    "11": {
      "title": "Black",
      "body": "",
      "color": "Black",
      "visibleColor": {
        "r": 0.25,
        "g": 0.25,
        "b": 0.25
      },
      "id": 11
    }
  },
  "VersionNumber": "v12.2.2"
}