{
  "SaveName": "9th Edition Secondary Objectives",
  "GameMode": "40k SO Cards",
  "Date": "7/11/2020 12:40:27 PM",
  "Gravity": 0.5,
  "PlayArea": 0.5,
  "GameType": "",
  "GameComplexity": "",
  "PlayingTime": [
    0,
    0
  ],
  "PlayerCounts": [
    0,
    0
  ],
  "Tags": [
    "Miniature Games",
    "Cards",
    "40k",
    "9th edition"
  ],
  "Table": "Table_Hexagon",
  "Sky": "Sky_Downtown",
  "Note": "",
  "Rules": "",
  "MusicPlayer": {
    "RepeatSong": true,
    "PlaylistEntry": -1,
    "CurrentAudioTitle": "Ultramarines Chant",
    "CurrentAudioURL": "http://cloud-3.steamusercontent.com/ugc/773976977327440295/17C1CAA1F70F178395E93C05E55946061E695598/",
    "AudioLibrary": [
      {
        "Item1": "http://cloud-3.steamusercontent.com/ugc/773976977327440295/17C1CAA1F70F178395E93C05E55946061E695598/",
        "Item2": "Ultramarines Chant"
      }
    ]
  },
  "Grid": {
    "Type": 0,
    "Lines": false,
    "Color": {
      "r": 0.0,
      "g": 0.0,
      "b": 0.0
    },
    "Opacity": 0.75,
    "ThickLines": false,
    "Snapping": false,
    "Offset": false,
    "BothSnapping": false,
    "xSize": 2.0,
    "ySize": 2.0,
    "PosOffset": {
      "x": 0.0,
      "y": 1.0,
      "z": 0.0
    }
  },
  "Lighting": {
    "LightIntensity": 0.54,
    "LightColor": {
      "r": 1.0,
      "g": 0.9804,
      "b": 0.8902
    },
    "AmbientIntensity": 1.3,
    "AmbientType": 0,
    "AmbientSkyColor": {
      "r": 0.5,
      "g": 0.5,
      "b": 0.5
    },
    "AmbientEquatorColor": {
      "r": 0.5,
      "g": 0.5,
      "b": 0.5
    },
    "AmbientGroundColor": {
      "r": 0.5,
      "g": 0.5,
      "b": 0.5
    },
    "ReflectionIntensity": 1.0,
    "LutIndex": 0,
    "LutContribution": 1.0
  },
  "Hands": {
    "Enable": true,
    "DisableUnused": false,
    "Hiding": 0,
    "HandTransforms": [
      {
        "Color": "Red",
        "Transform": {
          "posX": -13.642767,
          "posY": 3.57055473,
          "posZ": -7.488163,
          "rotX": 0.0,
          "rotY": 60.0000038,
          "rotZ": 0.0,
          "scaleX": 10.2686234,
          "scaleY": 6.634222,
          "scaleZ": 4.893533
        }
      },
      {
        "Color": "Yellow",
        "Transform": {
          "posX": -13.3167419,
          "posY": 3.57056427,
          "posZ": 8.302018,
          "rotX": 0.0,
          "rotY": 120.000015,
          "rotZ": 0.0,
          "scaleX": 10.269412,
          "scaleY": 6.634222,
          "scaleZ": 4.89355
        }
      },
      {
        "Color": "Blue",
        "Transform": {
          "posX": 13.5728989,
          "posY": 3.57096481,
          "posZ": 7.749118,
          "rotX": -8.93397646E-06,
          "rotY": 240.000031,
          "rotZ": 8.643905E-06,
          "scaleX": 10.2690926,
          "scaleY": 6.634222,
          "scaleZ": 4.893693
        }
      },
      {
        "Color": "White",
        "Transform": {
          "posX": -0.0001783371,
          "posY": 3.570753,
          "posZ": -15.5335464,
          "rotX": 2.5444431E-14,
          "rotY": 1.70754709E-06,
          "rotZ": -1.70754709E-06,
          "scaleX": 10.2680635,
          "scaleY": 6.634222,
          "scaleZ": 4.89351749
        }
      },
      {
        "Color": "Green",
        "Transform": {
          "posX": 0.0015501976,
          "posY": 3.570754,
          "posZ": 15.59497,
          "rotX": 0.0,
          "rotY": 180.0,
          "rotZ": 0.0,
          "scaleX": 10.2691669,
          "scaleY": 6.634222,
          "scaleZ": 4.89403439
        }
      },
      {
        "Color": "Pink",
        "Transform": {
          "posX": 13.6821375,
          "posY": 3.570969,
          "posZ": -7.407881,
          "rotX": 0.0,
          "rotY": 299.999969,
          "rotZ": 0.0,
          "scaleX": 10.2684765,
          "scaleY": 6.634222,
          "scaleZ": 4.893212
        }
      }
    ]
  },
  "Turns": {
    "Enable": false,
    "Type": 0,
    "TurnOrder": [],
    "Reverse": false,
    "SkipEmpty": false,
    "DisableInteractions": false,
    "PassTurns": true,
    "TurnColor": ""
  },
  "TabStates": {
    "0": {
      "title": "Rules",
      "body": "",
      "color": "Grey",
      "visibleColor": {
        "r": 0.5,
        "g": 0.5,
        "b": 0.5
      },
      "id": 0
    },
    "1": {
      "title": "White",
      "body": "",
      "color": "White",
      "visibleColor": {
        "r": 1.0,
        "g": 1.0,
        "b": 1.0
      },
      "id": 1
    },
    "2": {
      "title": "Brown",
      "body": "",
      "color": "Brown",
      "visibleColor": {
        "r": 0.443,
        "g": 0.231,
        "b": 0.09
      },
      "id": 2
    },
    "3": {
      "title": "Red",
      "body": "",
      "color": "Red",
      "visibleColor": {
        "r": 0.856,
        "g": 0.1,
        "b": 0.094
      },
      "id": 3
    },
    "4": {
      "title": "Orange",
      "body": "",
      "color": "Orange",
      "visibleColor": {
        "r": 0.956,
        "g": 0.392,
        "b": 0.113
      },
      "id": 4
    },
    "5": {
      "title": "Yellow",
      "body": "",
      "color": "Yellow",
      "visibleColor": {
        "r": 0.905,
        "g": 0.898,
        "b": 0.172
      },
      "id": 5
    },
    "6": {
      "title": "Green",
      "body": "",
      "color": "Green",
      "visibleColor": {
        "r": 0.192,
        "g": 0.701,
        "b": 0.168
      },
      "id": 6
    },
    "7": {
      "title": "Blue",
      "body": "",
      "color": "Blue",
      "visibleColor": {
        "r": 0.118,
        "g": 0.53,
        "b": 1.0
      },
      "id": 7
    },
    "8": {
      "title": "Teal",
      "body": "",
      "color": "Teal",
      "visibleColor": {
        "r": 0.129,
        "g": 0.694,
        "b": 0.607
      },
      "id": 8
    },
    "9": {
      "title": "Purple",
      "body": "",
      "color": "Purple",
      "visibleColor": {
        "r": 0.627,
        "g": 0.125,
        "b": 0.941
      },
      "id": 9
    },
    "10": {
      "title": "Pink",
      "body": "",
      "color": "Pink",
      "visibleColor": {
        "r": 0.96,
        "g": 0.439,
        "b": 0.807
      },
      "id": 10
    },
    "11": {
      "title": "Black",
      "body": "",
      "color": "Black",
      "visibleColor": {
        "r": 0.25,
        "g": 0.25,
        "b": 0.25
      },
      "id": 11
    }
  },
  "DecalPallet": [],
  "ObjectStates": [
    {
      "Name": "DeckCustom",
      "Transform": {
        "posX": -0.0985562,
        "posY": 1.06276989,
        "posZ": -0.177091688,
        "rotX": -2.19313961E-06,
        "rotY": 179.999878,
        "rotZ": 180.0,
        "scaleX": 1.0,
        "scaleY": 1.0,
        "scaleZ": 1.0
      },
      "Nickname": "40k 9th ed Secondary Objectives",
      "Description": "",
      "GMNotes": "",
      "ColorDiffuse": {
        "r": 0.713235259,
        "g": 0.713235259,
        "b": 0.713235259
      },
      "Locked": false,
      "Grid": true,
      "Snap": true,
      "IgnoreFoW": false,
      "MeasureMovement": false,
      "DragSelectable": true,
      "Autoraise": true,
      "Sticky": true,
      "Tooltip": true,
      "GridProjection": false,
      "HideWhenFaceDown": true,
      "Hands": false,
      "SidewaysCard": false,
      "DeckIDs": [
        3000,
        3001,
        3002,
        3003,
        3004,
        3005,
        3006,
        3007,
        3008,
        3009,
        3010,
        3011,
        3012,
        3013,
        3014,
        3015,
        3016
      ],
      "CustomDeck": {
        "30": {
          "FaceURL": "http://cloud-3.steamusercontent.com/ugc/1335830850556496974/D6F21F4E31039C49661BB81DD27858541C4D4540/",
          "BackURL": "http://cloud-3.steamusercontent.com/ugc/87094793645434723/6D9D530D21FC5B1180C3A0FD65EC469715BC5EDE/",
          "NumWidth": 6,
          "NumHeight": 7,
          "BackIsHidden": false,
          "UniqueBack": false,
          "Type": 0
        }
      },
      "LuaScript": "",
      "LuaScriptState": "",
      "XmlUI": "",
      "ContainedObjects": [
        {
          "Name": "Card",
          "Transform": {
            "posX": -0.0985558555,
            "posY": 1.06276941,
            "posZ": -0.177091837,
            "rotX": -2.30384358E-05,
            "rotY": 179.999878,
            "rotZ": 180.0,
            "scaleX": 1.0,
            "scaleY": 1.0,
            "scaleZ": 1.0
          },
          "Nickname": "",
          "Description": "",
          "GMNotes": "",
          "ColorDiffuse": {
            "r": 0.713235259,
            "g": 0.713235259,
            "b": 0.713235259
          },
          "Locked": false,
          "Grid": true,
          "Snap": true,
          "IgnoreFoW": false,
          "MeasureMovement": false,
          "DragSelectable": true,
          "Autoraise": true,
          "Sticky": true,
          "Tooltip": true,
          "GridProjection": false,
          "Hands": true,
          "CardID": 3000,
          "SidewaysCard": false,
          "LuaScript": "",
          "LuaScriptState": "",
          "XmlUI": "",
          "ContainedObjects": [],
          "GUID": "d75a52"
        },
        {
          "Name": "Card",
          "Transform": {
            "posX": -0.0985558555,
            "posY": 1.06276941,
            "posZ": -0.177091837,
            "rotX": -2.30384358E-05,
            "rotY": 179.999878,
            "rotZ": 180.0,
            "scaleX": 1.0,
            "scaleY": 1.0,
            "scaleZ": 1.0
          },
          "Nickname": "",
          "Description": "",
          "GMNotes": "",
          "ColorDiffuse": {
            "r": 0.713235259,
            "g": 0.713235259,
            "b": 0.713235259
          },
          "Locked": false,
          "Grid": true,
          "Snap": true,
          "IgnoreFoW": false,
          "MeasureMovement": false,
          "DragSelectable": true,
          "Autoraise": true,
          "Sticky": true,
          "Tooltip": true,
          "GridProjection": false,
          "Hands": true,
          "CardID": 3001,
          "SidewaysCard": false,
          "LuaScript": "",
          "LuaScriptState": "",
          "XmlUI": "",
          "ContainedObjects": [],
          "GUID": "b62b61"
        },
        {
          "Name": "Card",
          "Transform": {
            "posX": -0.0985558555,
            "posY": 1.06276941,
            "posZ": -0.177091837,
            "rotX": -2.30384358E-05,
            "rotY": 179.999878,
            "rotZ": 180.0,
            "scaleX": 1.0,
            "scaleY": 1.0,
            "scaleZ": 1.0
          },
          "Nickname": "",
          "Description": "",
          "GMNotes": "",
          "ColorDiffuse": {
            "r": 0.713235259,
            "g": 0.713235259,
            "b": 0.713235259
          },
          "Locked": false,
          "Grid": true,
          "Snap": true,
          "IgnoreFoW": false,
          "MeasureMovement": false,
          "DragSelectable": true,
          "Autoraise": true,
          "Sticky": true,
          "Tooltip": true,
          "GridProjection": false,
          "Hands": true,
          "CardID": 3002,
          "SidewaysCard": false,
          "LuaScript": "",
          "LuaScriptState": "",
          "XmlUI": "",
          "ContainedObjects": [],
          "GUID": "979928"
        },
        {
          "Name": "Card",
          "Transform": {
            "posX": -0.0985558555,
            "posY": 1.06276941,
            "posZ": -0.177091837,
            "rotX": -2.30384358E-05,
            "rotY": 179.999878,
            "rotZ": 180.0,
            "scaleX": 1.0,
            "scaleY": 1.0,
            "scaleZ": 1.0
          },
          "Nickname": "",
          "Description": "",
          "GMNotes": "",
          "ColorDiffuse": {
            "r": 0.713235259,
            "g": 0.713235259,
            "b": 0.713235259
          },
          "Locked": false,
          "Grid": true,
          "Snap": true,
          "IgnoreFoW": false,
          "MeasureMovement": false,
          "DragSelectable": true,
          "Autoraise": true,
          "Sticky": true,
          "Tooltip": true,
          "GridProjection": false,
          "Hands": true,
          "CardID": 3003,
          "SidewaysCard": false,
          "LuaScript": "",
          "LuaScriptState": "",
          "XmlUI": "",
          "ContainedObjects": [],
          "GUID": "0e98a5"
        },
        {
          "Name": "Card",
          "Transform": {
            "posX": -0.0985558555,
            "posY": 1.06276941,
            "posZ": -0.177091837,
            "rotX": -2.30384358E-05,
            "rotY": 179.999878,
            "rotZ": 180.0,
            "scaleX": 1.0,
            "scaleY": 1.0,
            "scaleZ": 1.0
          },
          "Nickname": "",
          "Description": "",
          "GMNotes": "",
          "ColorDiffuse": {
            "r": 0.713235259,
            "g": 0.713235259,
            "b": 0.713235259
          },
          "Locked": false,
          "Grid": true,
          "Snap": true,
          "IgnoreFoW": false,
          "MeasureMovement": false,
          "DragSelectable": true,
          "Autoraise": true,
          "Sticky": true,
          "Tooltip": true,
          "GridProjection": false,
          "Hands": true,
          "CardID": 3004,
          "SidewaysCard": false,
          "LuaScript": "",
          "LuaScriptState": "",
          "XmlUI": "",
          "ContainedObjects": [],
          "GUID": "7bdb9a"
        },
        {
          "Name": "Card",
          "Transform": {
            "posX": -0.0985558555,
            "posY": 1.06276941,
            "posZ": -0.177091837,
            "rotX": -2.30384358E-05,
            "rotY": 179.999878,
            "rotZ": 180.0,
            "scaleX": 1.0,
            "scaleY": 1.0,
            "scaleZ": 1.0
          },
          "Nickname": "",
          "Description": "",
          "GMNotes": "",
          "ColorDiffuse": {
            "r": 0.713235259,
            "g": 0.713235259,
            "b": 0.713235259
          },
          "Locked": false,
          "Grid": true,
          "Snap": true,
          "IgnoreFoW": false,
          "MeasureMovement": false,
          "DragSelectable": true,
          "Autoraise": true,
          "Sticky": true,
          "Tooltip": true,
          "GridProjection": false,
          "Hands": true,
          "CardID": 3005,
          "SidewaysCard": false,
          "LuaScript": "",
          "LuaScriptState": "",
          "XmlUI": "",
          "ContainedObjects": [],
          "GUID": "887ce9"
        },
        {
          "Name": "Card",
          "Transform": {
            "posX": -0.0985558555,
            "posY": 1.06276941,
            "posZ": -0.177091837,
            "rotX": -2.30384358E-05,
            "rotY": 179.999878,
            "rotZ": 180.0,
            "scaleX": 1.0,
            "scaleY": 1.0,
            "scaleZ": 1.0
          },
          "Nickname": "",
          "Description": "",
          "GMNotes": "",
          "ColorDiffuse": {
            "r": 0.713235259,
            "g": 0.713235259,
            "b": 0.713235259
          },
          "Locked": false,
          "Grid": true,
          "Snap": true,
          "IgnoreFoW": false,
          "MeasureMovement": false,
          "DragSelectable": true,
          "Autoraise": true,
          "Sticky": true,
          "Tooltip": true,
          "GridProjection": false,
          "Hands": true,
          "CardID": 3006,
          "SidewaysCard": false,
          "LuaScript": "",
          "LuaScriptState": "",
          "XmlUI": "",
          "ContainedObjects": [],
          "GUID": "c7b800"
        },
        {
          "Name": "Card",
          "Transform": {
            "posX": -0.0985558555,
            "posY": 1.06276941,
            "posZ": -0.177091837,
            "rotX": -2.30384358E-05,
            "rotY": 179.999878,
            "rotZ": 180.0,
            "scaleX": 1.0,
            "scaleY": 1.0,
            "scaleZ": 1.0
          },
          "Nickname": "",
          "Description": "",
          "GMNotes": "",
          "ColorDiffuse": {
            "r": 0.713235259,
            "g": 0.713235259,
            "b": 0.713235259
          },
          "Locked": false,
          "Grid": true,
          "Snap": true,
          "IgnoreFoW": false,
          "MeasureMovement": false,
          "DragSelectable": true,
          "Autoraise": true,
          "Sticky": true,
          "Tooltip": true,
          "GridProjection": false,
          "Hands": true,
          "CardID": 3007,
          "SidewaysCard": false,
          "LuaScript": "",
          "LuaScriptState": "",
          "XmlUI": "",
          "ContainedObjects": [],
          "GUID": "3d4793"
        },
        {
          "Name": "Card",
          "Transform": {
            "posX": -0.0985558555,
            "posY": 1.06276941,
            "posZ": -0.177091837,
            "rotX": -2.30384358E-05,
            "rotY": 179.999878,
            "rotZ": 180.0,
            "scaleX": 1.0,
            "scaleY": 1.0,
            "scaleZ": 1.0
          },
          "Nickname": "",
          "Description": "",
          "GMNotes": "",
          "ColorDiffuse": {
            "r": 0.713235259,
            "g": 0.713235259,
            "b": 0.713235259
          },
          "Locked": false,
          "Grid": true,
          "Snap": true,
          "IgnoreFoW": false,
          "MeasureMovement": false,
          "DragSelectable": true,
          "Autoraise": true,
          "Sticky": true,
          "Tooltip": true,
          "GridProjection": false,
          "Hands": true,
          "CardID": 3008,
          "SidewaysCard": false,
          "LuaScript": "",
          "LuaScriptState": "",
          "XmlUI": "",
          "ContainedObjects": [],
          "GUID": "f8a9b1"
        },
        {
          "Name": "Card",
          "Transform": {
            "posX": -0.0985558555,
            "posY": 1.06276941,
            "posZ": -0.177091837,
            "rotX": -2.30384358E-05,
            "rotY": 179.999878,
            "rotZ": 180.0,
            "scaleX": 1.0,
            "scaleY": 1.0,
            "scaleZ": 1.0
          },
          "Nickname": "",
          "Description": "",
          "GMNotes": "",
          "ColorDiffuse": {
            "r": 0.713235259,
            "g": 0.713235259,
            "b": 0.713235259
          },
          "Locked": false,
          "Grid": true,
          "Snap": true,
          "IgnoreFoW": false,
          "MeasureMovement": false,
          "DragSelectable": true,
          "Autoraise": true,
          "Sticky": true,
          "Tooltip": true,
          "GridProjection": false,
          "Hands": true,
          "CardID": 3009,
          "SidewaysCard": false,
          "LuaScript": "",
          "LuaScriptState": "",
          "XmlUI": "",
          "ContainedObjects": [],
          "GUID": "3097a0"
        },
        {
          "Name": "Card",
          "Transform": {
            "posX": -0.0985558555,
            "posY": 1.06276941,
            "posZ": -0.177091837,
            "rotX": -2.30384358E-05,
            "rotY": 179.999878,
            "rotZ": 180.0,
            "scaleX": 1.0,
            "scaleY": 1.0,
            "scaleZ": 1.0
          },
          "Nickname": "",
          "Description": "",
          "GMNotes": "",
          "ColorDiffuse": {
            "r": 0.713235259,
            "g": 0.713235259,
            "b": 0.713235259
          },
          "Locked": false,
          "Grid": true,
          "Snap": true,
          "IgnoreFoW": false,
          "MeasureMovement": false,
          "DragSelectable": true,
          "Autoraise": true,
          "Sticky": true,
          "Tooltip": true,
          "GridProjection": false,
          "Hands": true,
          "CardID": 3010,
          "SidewaysCard": false,
          "LuaScript": "",
          "LuaScriptState": "",
          "XmlUI": "",
          "ContainedObjects": [],
          "GUID": "717142"
        },
        {
          "Name": "Card",
          "Transform": {
            "posX": -0.0985558555,
            "posY": 1.06276941,
            "posZ": -0.177091837,
            "rotX": -2.30384358E-05,
            "rotY": 179.999878,
            "rotZ": 180.0,
            "scaleX": 1.0,
            "scaleY": 1.0,
            "scaleZ": 1.0
          },
          "Nickname": "",
          "Description": "",
          "GMNotes": "",
          "ColorDiffuse": {
            "r": 0.713235259,
            "g": 0.713235259,
            "b": 0.713235259
          },
          "Locked": false,
          "Grid": true,
          "Snap": true,
          "IgnoreFoW": false,
          "MeasureMovement": false,
          "DragSelectable": true,
          "Autoraise": true,
          "Sticky": true,
          "Tooltip": true,
          "GridProjection": false,
          "Hands": true,
          "CardID": 3011,
          "SidewaysCard": false,
          "LuaScript": "",
          "LuaScriptState": "",
          "XmlUI": "",
          "ContainedObjects": [],
          "GUID": "fea1d8"
        },
        {
          "Name": "Card",
          "Transform": {
            "posX": -0.0985558555,
            "posY": 1.06276941,
            "posZ": -0.177091837,
            "rotX": -2.30384358E-05,
            "rotY": 179.999878,
            "rotZ": 180.0,
            "scaleX": 1.0,
            "scaleY": 1.0,
            "scaleZ": 1.0
          },
          "Nickname": "",
          "Description": "",
          "GMNotes": "",
          "ColorDiffuse": {
            "r": 0.713235259,
            "g": 0.713235259,
            "b": 0.713235259
          },
          "Locked": false,
          "Grid": true,
          "Snap": true,
          "IgnoreFoW": false,
          "MeasureMovement": false,
          "DragSelectable": true,
          "Autoraise": true,
          "Sticky": true,
          "Tooltip": true,
          "GridProjection": false,
          "Hands": true,
          "CardID": 3012,
          "SidewaysCard": false,
          "LuaScript": "",
          "LuaScriptState": "",
          "XmlUI": "",
          "ContainedObjects": [],
          "GUID": "86c486"
        },
        {
          "Name": "Card",
          "Transform": {
            "posX": -0.0985558555,
            "posY": 1.06276941,
            "posZ": -0.177091837,
            "rotX": -2.30384358E-05,
            "rotY": 179.999878,
            "rotZ": 180.0,
            "scaleX": 1.0,
            "scaleY": 1.0,
            "scaleZ": 1.0
          },
          "Nickname": "",
          "Description": "",
          "GMNotes": "",
          "ColorDiffuse": {
            "r": 0.713235259,
            "g": 0.713235259,
            "b": 0.713235259
          },
          "Locked": false,
          "Grid": true,
          "Snap": true,
          "IgnoreFoW": false,
          "MeasureMovement": false,
          "DragSelectable": true,
          "Autoraise": true,
          "Sticky": true,
          "Tooltip": true,
          "GridProjection": false,
          "Hands": true,
          "CardID": 3013,
          "SidewaysCard": false,
          "LuaScript": "",
          "LuaScriptState": "",
          "XmlUI": "",
          "ContainedObjects": [],
          "GUID": "b5085f"
        },
        {
          "Name": "Card",
          "Transform": {
            "posX": -0.0985558555,
            "posY": 1.06276941,
            "posZ": -0.177091837,
            "rotX": -2.30384358E-05,
            "rotY": 179.999878,
            "rotZ": 180.0,
            "scaleX": 1.0,
            "scaleY": 1.0,
            "scaleZ": 1.0
          },
          "Nickname": "",
          "Description": "",
          "GMNotes": "",
          "ColorDiffuse": {
            "r": 0.713235259,
            "g": 0.713235259,
            "b": 0.713235259
          },
          "Locked": false,
          "Grid": true,
          "Snap": true,
          "IgnoreFoW": false,
          "MeasureMovement": false,
          "DragSelectable": true,
          "Autoraise": true,
          "Sticky": true,
          "Tooltip": true,
          "GridProjection": false,
          "Hands": true,
          "CardID": 3014,
          "SidewaysCard": false,
          "LuaScript": "",
          "LuaScriptState": "",
          "XmlUI": "",
          "ContainedObjects": [],
          "GUID": "92dfd5"
        },
        {
          "Name": "Card",
          "Transform": {
            "posX": -0.0985558555,
            "posY": 1.06276941,
            "posZ": -0.177091837,
            "rotX": -2.30384358E-05,
            "rotY": 179.999878,
            "rotZ": 180.0,
            "scaleX": 1.0,
            "scaleY": 1.0,
            "scaleZ": 1.0
          },
          "Nickname": "",
          "Description": "",
          "GMNotes": "",
          "ColorDiffuse": {
            "r": 0.713235259,
            "g": 0.713235259,
            "b": 0.713235259
          },
          "Locked": false,
          "Grid": true,
          "Snap": true,
          "IgnoreFoW": false,
          "MeasureMovement": false,
          "DragSelectable": true,
          "Autoraise": true,
          "Sticky": true,
          "Tooltip": true,
          "GridProjection": false,
          "Hands": true,
          "CardID": 3015,
          "SidewaysCard": false,
          "LuaScript": "",
          "LuaScriptState": "",
          "XmlUI": "",
          "ContainedObjects": [],
          "GUID": "e76b05"
        },
        {
          "Name": "Card",
          "Transform": {
            "posX": -0.0985558555,
            "posY": 1.06276941,
            "posZ": -0.177091837,
            "rotX": -2.30384358E-05,
            "rotY": 179.999878,
            "rotZ": 180.0,
            "scaleX": 1.0,
            "scaleY": 1.0,
            "scaleZ": 1.0
          },
          "Nickname": "",
          "Description": "",
          "GMNotes": "",
          "ColorDiffuse": {
            "r": 0.713235259,
            "g": 0.713235259,
            "b": 0.713235259
          },
          "Locked": false,
          "Grid": true,
          "Snap": true,
          "IgnoreFoW": false,
          "MeasureMovement": false,
          "DragSelectable": true,
          "Autoraise": true,
          "Sticky": true,
          "Tooltip": true,
          "GridProjection": false,
          "Hands": true,
          "CardID": 3016,
          "SidewaysCard": false,
          "LuaScript": "",
          "LuaScriptState": "",
          "XmlUI": "",
          "ContainedObjects": [],
          "GUID": "92b11b"
        }
      ],
      "GUID": "46fd86"
    },
    {
      "Name": "Card",
      "Transform": {
        "posX": 5.2991066,
        "posY": 0.973585963,
        "posZ": -3.31851149,
        "rotX": -0.0004914584,
        "rotY": 180.000061,
        "rotZ": 0.0006330368,
        "scaleX": 1.0,
        "scaleY": 1.0,
        "scaleZ": 1.0
      },
      "Nickname": "",
      "Description": "",
      "GMNotes": "",
      "ColorDiffuse": {
        "r": 0.713235259,
        "g": 0.713235259,
        "b": 0.713235259
      },
      "Locked": false,
      "Grid": true,
      "Snap": true,
      "IgnoreFoW": false,
      "MeasureMovement": false,
      "DragSelectable": true,
      "Autoraise": true,
      "Sticky": true,
      "Tooltip": true,
      "GridProjection": false,
      "HideWhenFaceDown": true,
      "Hands": true,
      "CardID": 2816,
      "SidewaysCard": false,
      "CustomDeck": {
        "28": {
          "FaceURL": "http://cloud-3.steamusercontent.com/ugc/1297549742970695504/F102AAC58239C5FF6452D3F4EE61BD0C4DBA95F0/",
          "BackURL": "http://cloud-3.steamusercontent.com/ugc/87094793645434723/6D9D530D21FC5B1180C3A0FD65EC469715BC5EDE/",
          "NumWidth": 6,
          "NumHeight": 7,
          "BackIsHidden": false,
          "UniqueBack": false,
          "Type": 0
        }
      },
      "LuaScript": "",
      "LuaScriptState": "",
      "XmlUI": "",
      "GUID": "80ef69"
    },
    {
      "Name": "Card",
      "Transform": {
        "posX": 5.31208658,
        "posY": 1.02317238,
        "posZ": -4.43146372,
        "rotX": 0.02212875,
        "rotY": 180.0002,
        "rotZ": 0.00223518163,
        "scaleX": 1.0,
        "scaleY": 1.0,
        "scaleZ": 1.0
      },
      "Nickname": "",
      "Description": "",
      "GMNotes": "",
      "ColorDiffuse": {
        "r": 0.713235259,
        "g": 0.713235259,
        "b": 0.713235259
      },
      "Locked": false,
      "Grid": true,
      "Snap": true,
      "IgnoreFoW": false,
      "MeasureMovement": false,
      "DragSelectable": true,
      "Autoraise": true,
      "Sticky": true,
      "Tooltip": true,
      "GridProjection": false,
      "HideWhenFaceDown": true,
      "Hands": true,
      "CardID": 2815,
      "SidewaysCard": false,
      "CustomDeck": {
        "28": {
          "FaceURL": "http://cloud-3.steamusercontent.com/ugc/1297549742970695504/F102AAC58239C5FF6452D3F4EE61BD0C4DBA95F0/",
          "BackURL": "http://cloud-3.steamusercontent.com/ugc/87094793645434723/6D9D530D21FC5B1180C3A0FD65EC469715BC5EDE/",
          "NumWidth": 6,
          "NumHeight": 7,
          "BackIsHidden": false,
          "UniqueBack": false,
          "Type": 0
        }
      },
      "LuaScript": "",
      "LuaScriptState": "",
      "XmlUI": "",
      "GUID": "e0c6b6"
    },
    {
      "Name": "Card",
      "Transform": {
        "posX": 5.32578039,
        "posY": 1.07324982,
        "posZ": -5.42571974,
        "rotX": 0.0221287385,
        "rotY": 180.000351,
        "rotZ": 0.00223516929,
        "scaleX": 1.0,
        "scaleY": 1.0,
        "scaleZ": 1.0
      },
      "Nickname": "",
      "Description": "",
      "GMNotes": "",
      "ColorDiffuse": {
        "r": 0.713235259,
        "g": 0.713235259,
        "b": 0.713235259
      },
      "Locked": false,
      "Grid": true,
      "Snap": true,
      "IgnoreFoW": false,
      "MeasureMovement": false,
      "DragSelectable": true,
      "Autoraise": true,
      "Sticky": true,
      "Tooltip": true,
      "GridProjection": false,
      "HideWhenFaceDown": true,
      "Hands": true,
      "CardID": 2814,
      "SidewaysCard": false,
      "CustomDeck": {
        "28": {
          "FaceURL": "http://cloud-3.steamusercontent.com/ugc/1297549742970695504/F102AAC58239C5FF6452D3F4EE61BD0C4DBA95F0/",
          "BackURL": "http://cloud-3.steamusercontent.com/ugc/87094793645434723/6D9D530D21FC5B1180C3A0FD65EC469715BC5EDE/",
          "NumWidth": 6,
          "NumHeight": 7,
          "BackIsHidden": false,
          "UniqueBack": false,
          "Type": 0
        }
      },
      "LuaScript": "",
      "LuaScriptState": "",
      "XmlUI": "",
      "GUID": "9baf51"
    },
    {
      "Name": "Card",
      "Transform": {
        "posX": 2.60817719,
        "posY": 1.02334714,
        "posZ": -4.46821833,
        "rotX": 0.0127415676,
        "rotY": 179.998917,
        "rotZ": -0.00112459785,
        "scaleX": 1.0,
        "scaleY": 1.0,
        "scaleZ": 1.0
      },
      "Nickname": "",
      "Description": "",
      "GMNotes": "",
      "ColorDiffuse": {
        "r": 0.713235259,
        "g": 0.713235259,
        "b": 0.713235259
      },
      "Locked": false,
      "Grid": true,
      "Snap": true,
      "IgnoreFoW": false,
      "MeasureMovement": false,
      "DragSelectable": true,
      "Autoraise": true,
      "Sticky": true,
      "Tooltip": true,
      "GridProjection": false,
      "HideWhenFaceDown": true,
      "Hands": true,
      "CardID": 2812,
      "SidewaysCard": false,
      "CustomDeck": {
        "28": {
          "FaceURL": "http://cloud-3.steamusercontent.com/ugc/1297549742970695504/F102AAC58239C5FF6452D3F4EE61BD0C4DBA95F0/",
          "BackURL": "http://cloud-3.steamusercontent.com/ugc/87094793645434723/6D9D530D21FC5B1180C3A0FD65EC469715BC5EDE/",
          "NumWidth": 6,
          "NumHeight": 7,
          "BackIsHidden": false,
          "UniqueBack": false,
          "Type": 0
        }
      },
      "LuaScript": "",
      "LuaScriptState": "",
      "XmlUI": "",
      "GUID": "26d03e"
    },
    {
      "Name": "Card",
      "Transform": {
        "posX": 2.6065197,
        "posY": 1.07277739,
        "posZ": -5.4640727,
        "rotX": 0.0280129332,
        "rotY": 179.9987,
        "rotZ": -0.001575178,
        "scaleX": 1.0,
        "scaleY": 1.0,
        "scaleZ": 1.0
      },
      "Nickname": "",
      "Description": "",
      "GMNotes": "",
      "ColorDiffuse": {
        "r": 0.713235259,
        "g": 0.713235259,
        "b": 0.713235259
      },
      "Locked": false,
      "Grid": true,
      "Snap": true,
      "IgnoreFoW": false,
      "MeasureMovement": false,
      "DragSelectable": true,
      "Autoraise": true,
      "Sticky": true,
      "Tooltip": true,
      "GridProjection": false,
      "HideWhenFaceDown": true,
      "Hands": true,
      "CardID": 2811,
      "SidewaysCard": false,
      "CustomDeck": {
        "28": {
          "FaceURL": "http://cloud-3.steamusercontent.com/ugc/1297549742970695504/F102AAC58239C5FF6452D3F4EE61BD0C4DBA95F0/",
          "BackURL": "http://cloud-3.steamusercontent.com/ugc/87094793645434723/6D9D530D21FC5B1180C3A0FD65EC469715BC5EDE/",
          "NumWidth": 6,
          "NumHeight": 7,
          "BackIsHidden": false,
          "UniqueBack": false,
          "Type": 0
        }
      },
      "LuaScript": "",
      "LuaScriptState": "",
      "XmlUI": "",
      "GUID": "4ebbd1"
    },
    {
      "Name": "Card",
      "Transform": {
        "posX": -0.153099671,
        "posY": 0.973548949,
        "posZ": -3.47482586,
        "rotX": -0.00292414264,
        "rotY": 180.000061,
        "rotZ": -0.0006292207,
        "scaleX": 1.0,
        "scaleY": 1.0,
        "scaleZ": 1.0
      },
      "Nickname": "",
      "Description": "",
      "GMNotes": "",
      "ColorDiffuse": {
        "r": 0.713235259,
        "g": 0.713235259,
        "b": 0.713235259
      },
      "Locked": false,
      "Grid": true,
      "Snap": true,
      "IgnoreFoW": false,
      "MeasureMovement": false,
      "DragSelectable": true,
      "Autoraise": true,
      "Sticky": true,
      "Tooltip": true,
      "GridProjection": false,
      "HideWhenFaceDown": true,
      "Hands": true,
      "CardID": 2810,
      "SidewaysCard": false,
      "CustomDeck": {
        "28": {
          "FaceURL": "http://cloud-3.steamusercontent.com/ugc/1297549742970695504/F102AAC58239C5FF6452D3F4EE61BD0C4DBA95F0/",
          "BackURL": "http://cloud-3.steamusercontent.com/ugc/87094793645434723/6D9D530D21FC5B1180C3A0FD65EC469715BC5EDE/",
          "NumWidth": 6,
          "NumHeight": 7,
          "BackIsHidden": false,
          "UniqueBack": false,
          "Type": 0
        }
      },
      "LuaScript": "",
      "LuaScriptState": "",
      "XmlUI": "",
      "GUID": "080470"
    },
    {
      "Name": "Card",
      "Transform": {
        "posX": -0.178738266,
        "posY": 1.0232991,
        "posZ": -4.418634,
        "rotX": 0.0135710789,
        "rotY": 180.000061,
        "rotZ": -0.00153278059,
        "scaleX": 1.0,
        "scaleY": 1.0,
        "scaleZ": 1.0
      },
      "Nickname": "",
      "Description": "",
      "GMNotes": "",
      "ColorDiffuse": {
        "r": 0.713235259,
        "g": 0.713235259,
        "b": 0.713235259
      },
      "Locked": false,
      "Grid": true,
      "Snap": true,
      "IgnoreFoW": false,
      "MeasureMovement": false,
      "DragSelectable": true,
      "Autoraise": true,
      "Sticky": true,
      "Tooltip": true,
      "GridProjection": false,
      "HideWhenFaceDown": true,
      "Hands": true,
      "CardID": 2809,
      "SidewaysCard": false,
      "CustomDeck": {
        "28": {
          "FaceURL": "http://cloud-3.steamusercontent.com/ugc/1297549742970695504/F102AAC58239C5FF6452D3F4EE61BD0C4DBA95F0/",
          "BackURL": "http://cloud-3.steamusercontent.com/ugc/87094793645434723/6D9D530D21FC5B1180C3A0FD65EC469715BC5EDE/",
          "NumWidth": 6,
          "NumHeight": 7,
          "BackIsHidden": false,
          "UniqueBack": false,
          "Type": 0
        }
      },
      "LuaScript": "",
      "LuaScriptState": "",
      "XmlUI": "",
      "GUID": "112576"
    },
    {
      "Name": "Card",
      "Transform": {
        "posX": -0.180038273,
        "posY": 1.07343709,
        "posZ": -5.417215,
        "rotX": 0.0135710649,
        "rotY": 179.999954,
        "rotZ": -0.00153276545,
        "scaleX": 1.0,
        "scaleY": 1.0,
        "scaleZ": 1.0
      },
      "Nickname": "",
      "Description": "",
      "GMNotes": "",
      "ColorDiffuse": {
        "r": 0.713235259,
        "g": 0.713235259,
        "b": 0.713235259
      },
      "Locked": false,
      "Grid": true,
      "Snap": true,
      "IgnoreFoW": false,
      "MeasureMovement": false,
      "DragSelectable": true,
      "Autoraise": true,
      "Sticky": true,
      "Tooltip": true,
      "GridProjection": false,
      "HideWhenFaceDown": true,
      "Hands": true,
      "CardID": 2808,
      "SidewaysCard": false,
      "CustomDeck": {
        "28": {
          "FaceURL": "http://cloud-3.steamusercontent.com/ugc/1297549742970695504/F102AAC58239C5FF6452D3F4EE61BD0C4DBA95F0/",
          "BackURL": "http://cloud-3.steamusercontent.com/ugc/87094793645434723/6D9D530D21FC5B1180C3A0FD65EC469715BC5EDE/",
          "NumWidth": 6,
          "NumHeight": 7,
          "BackIsHidden": false,
          "UniqueBack": false,
          "Type": 0
        }
      },
      "LuaScript": "",
      "LuaScriptState": "",
      "XmlUI": "",
      "GUID": "4ba27a"
    },
    {
      "Name": "Card",
      "Transform": {
        "posX": -2.840626,
        "posY": 0.9736919,
        "posZ": -3.41089416,
        "rotX": 0.000136309958,
        "rotY": 180.0002,
        "rotZ": 0.004174539,
        "scaleX": 1.0,
        "scaleY": 1.0,
        "scaleZ": 1.0
      },
      "Nickname": "",
      "Description": "",
      "GMNotes": "",
      "ColorDiffuse": {
        "r": 0.713235259,
        "g": 0.713235259,
        "b": 0.713235259
      },
      "Locked": false,
      "Grid": true,
      "Snap": true,
      "IgnoreFoW": false,
      "MeasureMovement": false,
      "DragSelectable": true,
      "Autoraise": true,
      "Sticky": true,
      "Tooltip": true,
      "GridProjection": false,
      "HideWhenFaceDown": true,
      "Hands": true,
      "CardID": 2806,
      "SidewaysCard": false,
      "CustomDeck": {
        "28": {
          "FaceURL": "http://cloud-3.steamusercontent.com/ugc/1297549742970695504/F102AAC58239C5FF6452D3F4EE61BD0C4DBA95F0/",
          "BackURL": "http://cloud-3.steamusercontent.com/ugc/87094793645434723/6D9D530D21FC5B1180C3A0FD65EC469715BC5EDE/",
          "NumWidth": 6,
          "NumHeight": 7,
          "BackIsHidden": false,
          "UniqueBack": false,
          "Type": 0
        }
      },
      "LuaScript": "",
      "LuaScriptState": "",
      "XmlUI": "",
      "GUID": "333ebb"
    },
    {
      "Name": "Card",
      "Transform": {
        "posX": -2.838708,
        "posY": 1.02263927,
        "posZ": -4.3354764,
        "rotX": 0.08092229,
        "rotY": 180.000626,
        "rotZ": 0.00348544423,
        "scaleX": 1.0,
        "scaleY": 1.0,
        "scaleZ": 1.0
      },
      "Nickname": "",
      "Description": "",
      "GMNotes": "",
      "ColorDiffuse": {
        "r": 0.713235259,
        "g": 0.713235259,
        "b": 0.713235259
      },
      "Locked": false,
      "Grid": true,
      "Snap": true,
      "IgnoreFoW": false,
      "MeasureMovement": false,
      "DragSelectable": true,
      "Autoraise": true,
      "Sticky": true,
      "Tooltip": true,
      "GridProjection": false,
      "HideWhenFaceDown": true,
      "Hands": true,
      "CardID": 2804,
      "SidewaysCard": false,
      "CustomDeck": {
        "28": {
          "FaceURL": "http://cloud-3.steamusercontent.com/ugc/1297549742970695504/F102AAC58239C5FF6452D3F4EE61BD0C4DBA95F0/",
          "BackURL": "http://cloud-3.steamusercontent.com/ugc/87094793645434723/6D9D530D21FC5B1180C3A0FD65EC469715BC5EDE/",
          "NumWidth": 6,
          "NumHeight": 7,
          "BackIsHidden": false,
          "UniqueBack": false,
          "Type": 0
        }
      },
      "LuaScript": "",
      "LuaScriptState": "",
      "XmlUI": "",
      "GUID": "15d85a"
    },
    {
      "Name": "Card",
      "Transform": {
        "posX": -5.59632254,
        "posY": 0.973988,
        "posZ": -3.39174581,
        "rotX": 0.003068225,
        "rotY": 180.000137,
        "rotZ": 0.01497364,
        "scaleX": 1.0,
        "scaleY": 1.0,
        "scaleZ": 1.0
      },
      "Nickname": "",
      "Description": "",
      "GMNotes": "",
      "ColorDiffuse": {
        "r": 0.713235259,
        "g": 0.713235259,
        "b": 0.713235259
      },
      "Locked": false,
      "Grid": true,
      "Snap": true,
      "IgnoreFoW": false,
      "MeasureMovement": false,
      "DragSelectable": true,
      "Autoraise": true,
      "Sticky": true,
      "Tooltip": true,
      "GridProjection": false,
      "HideWhenFaceDown": true,
      "Hands": true,
      "CardID": 2803,
      "SidewaysCard": false,
      "CustomDeck": {
        "28": {
          "FaceURL": "http://cloud-3.steamusercontent.com/ugc/1297549742970695504/F102AAC58239C5FF6452D3F4EE61BD0C4DBA95F0/",
          "BackURL": "http://cloud-3.steamusercontent.com/ugc/87094793645434723/6D9D530D21FC5B1180C3A0FD65EC469715BC5EDE/",
          "NumWidth": 6,
          "NumHeight": 7,
          "BackIsHidden": false,
          "UniqueBack": false,
          "Type": 0
        }
      },
      "LuaScript": "",
      "LuaScriptState": "",
      "XmlUI": "",
      "GUID": "dd6821"
    },
    {
      "Name": "Card",
      "Transform": {
        "posX": -5.582053,
        "posY": 1.02264142,
        "posZ": -4.50564,
        "rotX": 0.0847190246,
        "rotY": 180.0003,
        "rotZ": 0.005619148,
        "scaleX": 1.0,
        "scaleY": 1.0,
        "scaleZ": 1.0
      },
      "Nickname": "",
      "Description": "",
      "GMNotes": "",
      "ColorDiffuse": {
        "r": 0.713235259,
        "g": 0.713235259,
        "b": 0.713235259
      },
      "Locked": false,
      "Grid": true,
      "Snap": true,
      "IgnoreFoW": false,
      "MeasureMovement": false,
      "DragSelectable": true,
      "Autoraise": true,
      "Sticky": true,
      "Tooltip": true,
      "GridProjection": false,
      "HideWhenFaceDown": true,
      "Hands": true,
      "CardID": 2802,
      "SidewaysCard": false,
      "CustomDeck": {
        "28": {
          "FaceURL": "http://cloud-3.steamusercontent.com/ugc/1297549742970695504/F102AAC58239C5FF6452D3F4EE61BD0C4DBA95F0/",
          "BackURL": "http://cloud-3.steamusercontent.com/ugc/87094793645434723/6D9D530D21FC5B1180C3A0FD65EC469715BC5EDE/",
          "NumWidth": 6,
          "NumHeight": 7,
          "BackIsHidden": false,
          "UniqueBack": false,
          "Type": 0
        }
      },
      "LuaScript": "",
      "LuaScriptState": "",
      "XmlUI": "",
      "GUID": "6b082d"
    },
    {
      "Name": "Card",
      "Transform": {
        "posX": -5.59583569,
        "posY": 1.07148075,
        "posZ": -5.42685652,
        "rotX": 0.08471905,
        "rotY": 180.0001,
        "rotZ": 0.00561888935,
        "scaleX": 1.0,
        "scaleY": 1.0,
        "scaleZ": 1.0
      },
      "Nickname": "",
      "Description": "",
      "GMNotes": "",
      "ColorDiffuse": {
        "r": 0.713235259,
        "g": 0.713235259,
        "b": 0.713235259
      },
      "Locked": false,
      "Grid": true,
      "Snap": true,
      "IgnoreFoW": false,
      "MeasureMovement": false,
      "DragSelectable": true,
      "Autoraise": true,
      "Sticky": true,
      "Tooltip": true,
      "GridProjection": false,
      "HideWhenFaceDown": true,
      "Hands": true,
      "CardID": 2801,
      "SidewaysCard": false,
      "CustomDeck": {
        "28": {
          "FaceURL": "http://cloud-3.steamusercontent.com/ugc/1297549742970695504/F102AAC58239C5FF6452D3F4EE61BD0C4DBA95F0/",
          "BackURL": "http://cloud-3.steamusercontent.com/ugc/87094793645434723/6D9D530D21FC5B1180C3A0FD65EC469715BC5EDE/",
          "NumWidth": 6,
          "NumHeight": 7,
          "BackIsHidden": false,
          "UniqueBack": false,
          "Type": 0
        }
      },
      "LuaScript": "",
      "LuaScriptState": "",
      "XmlUI": "",
      "GUID": "e58edb"
    },
    {
      "Name": "Card",
      "Transform": {
        "posX": -5.645237,
        "posY": 1.12222958,
        "posZ": -6.376312,
        "rotX": 0.105224006,
        "rotY": 180.000916,
        "rotZ": 0.0003111839,
        "scaleX": 1.0,
        "scaleY": 1.0,
        "scaleZ": 1.0
      },
      "Nickname": "",
      "Description": "",
      "GMNotes": "",
      "ColorDiffuse": {
        "r": 0.713235259,
        "g": 0.713235259,
        "b": 0.713235259
      },
      "Locked": false,
      "Grid": true,
      "Snap": true,
      "IgnoreFoW": false,
      "MeasureMovement": false,
      "DragSelectable": true,
      "Autoraise": true,
      "Sticky": true,
      "Tooltip": true,
      "GridProjection": false,
      "HideWhenFaceDown": true,
      "Hands": true,
      "CardID": 2800,
      "SidewaysCard": false,
      "CustomDeck": {
        "28": {
          "FaceURL": "http://cloud-3.steamusercontent.com/ugc/1297549742970695504/F102AAC58239C5FF6452D3F4EE61BD0C4DBA95F0/",
          "BackURL": "http://cloud-3.steamusercontent.com/ugc/87094793645434723/6D9D530D21FC5B1180C3A0FD65EC469715BC5EDE/",
          "NumWidth": 6,
          "NumHeight": 7,
          "BackIsHidden": false,
          "UniqueBack": false,
          "Type": 0
        }
      },
      "LuaScript": "",
      "LuaScriptState": "",
      "XmlUI": "",
      "GUID": "24ac29"
    },
    {
      "Name": "Card",
      "Transform": {
        "posX": -2.84445524,
        "posY": 1.071342,
        "posZ": -5.419906,
        "rotX": 0.0809223,
        "rotY": 180.000229,
        "rotZ": 0.003484976,
        "scaleX": 1.0,
        "scaleY": 1.0,
        "scaleZ": 1.0
      },
      "Nickname": "",
      "Description": "",
      "GMNotes": "",
      "ColorDiffuse": {
        "r": 0.713235259,
        "g": 0.713235259,
        "b": 0.713235259
      },
      "Locked": false,
      "Grid": true,
      "Snap": true,
      "IgnoreFoW": false,
      "MeasureMovement": false,
      "DragSelectable": true,
      "Autoraise": true,
      "Sticky": true,
      "Tooltip": true,
      "GridProjection": false,
      "HideWhenFaceDown": true,
      "Hands": true,
      "CardID": 2907,
      "SidewaysCard": false,
      "CustomDeck": {
        "29": {
          "FaceURL": "http://cloud-3.steamusercontent.com/ugc/1297549742973874411/906C3FCC1872AE36886F03B8B0E44AFDAA7C10C6/",
          "BackURL": "http://cloud-3.steamusercontent.com/ugc/87094793645434723/6D9D530D21FC5B1180C3A0FD65EC469715BC5EDE/",
          "NumWidth": 6,
          "NumHeight": 7,
          "BackIsHidden": false,
          "UniqueBack": false,
          "Type": 0
        }
      },
      "LuaScript": "",
      "LuaScriptState": "",
      "XmlUI": "",
      "GUID": "cafc66"
    },
    {
      "Name": "Card",
      "Transform": {
        "posX": -2.833859,
        "posY": 1.12229228,
        "posZ": -6.387856,
        "rotX": 0.101916805,
        "rotY": 179.996048,
        "rotZ": 0.00320902653,
        "scaleX": 1.0,
        "scaleY": 1.0,
        "scaleZ": 1.0
      },
      "Nickname": "",
      "Description": "",
      "GMNotes": "",
      "ColorDiffuse": {
        "r": 0.713235259,
        "g": 0.713235259,
        "b": 0.713235259
      },
      "Locked": false,
      "Grid": true,
      "Snap": true,
      "IgnoreFoW": false,
      "MeasureMovement": false,
      "DragSelectable": true,
      "Autoraise": true,
      "Sticky": true,
      "Tooltip": true,
      "GridProjection": false,
      "HideWhenFaceDown": true,
      "Hands": true,
      "CardID": 2905,
      "SidewaysCard": false,
      "CustomDeck": {
        "29": {
          "FaceURL": "http://cloud-3.steamusercontent.com/ugc/1297549742973874411/906C3FCC1872AE36886F03B8B0E44AFDAA7C10C6/",
          "BackURL": "http://cloud-3.steamusercontent.com/ugc/87094793645434723/6D9D530D21FC5B1180C3A0FD65EC469715BC5EDE/",
          "NumWidth": 6,
          "NumHeight": 7,
          "BackIsHidden": false,
          "UniqueBack": false,
          "Type": 0
        }
      },
      "LuaScript": "",
      "LuaScriptState": "",
      "XmlUI": "",
      "GUID": "4b156b"
    },
    {
      "Name": "Card",
      "Transform": {
        "posX": 2.60125065,
        "posY": 0.973658144,
        "posZ": -3.42575622,
        "rotX": -0.00133970194,
        "rotY": 179.99881,
        "rotZ": -0.000871242548,
        "scaleX": 1.0,
        "scaleY": 1.0,
        "scaleZ": 1.0
      },
      "Nickname": "",
      "Description": "",
      "GMNotes": "",
      "ColorDiffuse": {
        "r": 0.713235259,
        "g": 0.713235259,
        "b": 0.713235259
      },
      "Locked": false,
      "Grid": true,
      "Snap": true,
      "IgnoreFoW": false,
      "MeasureMovement": false,
      "DragSelectable": true,
      "Autoraise": true,
      "Sticky": true,
      "Tooltip": true,
      "GridProjection": false,
      "HideWhenFaceDown": true,
      "Hands": true,
      "CardID": 3013,
      "SidewaysCard": false,
      "CustomDeck": {
        "30": {
          "FaceURL": "http://cloud-3.steamusercontent.com/ugc/1335830850556496974/D6F21F4E31039C49661BB81DD27858541C4D4540/",
          "BackURL": "http://cloud-3.steamusercontent.com/ugc/87094793645434723/6D9D530D21FC5B1180C3A0FD65EC469715BC5EDE/",
          "NumWidth": 6,
          "NumHeight": 7,
          "BackIsHidden": false,
          "UniqueBack": false,
          "Type": 0
        }
      },
      "LuaScript": "",
      "LuaScriptState": "",
      "XmlUI": "",
      "GUID": "b5085f"
    }
  ],
  "LuaScript": "--[[ Lua code. See documentation: https://api.tabletopsimulator.com/ --]]\n\n--[[ The onLoad event is called after the game save finishes loading. --]]\nfunction onLoad()\n    --[[ print('onLoad!') --]]\nend\n\n--[[ The onUpdate event is called once per frame. --]]\nfunction onUpdate()\n    --[[ print('onUpdate loop!') --]]\nend",
  "LuaScriptState": "",
  "XmlUI": "<!-- Xml UI. See documentation: https://api.tabletopsimulator.com/ui/introUI/ -->",
  "VersionNumber": "v12.4.3"
}