{
  "SaveName": "Kaptin Badrukk and Flash Gits",
  "GameMode": "Custom",
  "Gravity": 0.5,
  "PlayArea": 0.5,
  "Date": "3/12/2020 7:07:30 PM",
  "Table": "Table_Circular",
  "Sky": "Sky_Cathedral",
  "Note": "",
  "Rules": "",
  "XmlUI": "<!-- Xml UI. See documentation: https://api.tabletopsimulator.com/ui/introUI/ -->",
  "LuaScript": "--[[ Lua code. See documentation: https://api.tabletopsimulator.com/ --]]\n\n--[[ The onLoad event is called after the game save finishes loading. --]]\nfunction onLoad()\n    --[[ print('onLoad!') --]]\nend\n\n--[[ The onUpdate event is called once per frame. --]]\nfunction onUpdate()\n    --[[ print('onUpdate loop!') --]]\nend",
  "LuaScriptState": "",
  "MusicPlayer": {
    "RepeatSong": true,
    "PlaylistEntry": -1,
    "CurrentAudioTitle": "Ultramarines Chant",
    "CurrentAudioURL": "http://cloud-3.steamusercontent.com/ugc/773976977327440295/17C1CAA1F70F178395E93C05E55946061E695598/",
    "AudioLibrary": [
      {
        "Item1": "http://cloud-3.steamusercontent.com/ugc/773976977327440295/17C1CAA1F70F178395E93C05E55946061E695598/",
        "Item2": "Ultramarines Chant"
      }
    ]
  },
  "Grid": {
    "Type": 0,
    "Lines": false,
    "Color": {
      "r": 0.0,
      "g": 0.0,
      "b": 0.0
    },
    "Opacity": 0.75,
    "ThickLines": false,
    "Snapping": false,
    "Offset": false,
    "BothSnapping": false,
    "xSize": 2.0,
    "ySize": 2.0,
    "PosOffset": {
      "x": 0.0,
      "y": 1.0,
      "z": 0.0
    }
  },
  "Lighting": {
    "LightIntensity": 0.54,
    "LightColor": {
      "r": 1.0,
      "g": 0.9804,
      "b": 0.8902
    },
    "AmbientIntensity": 1.3,
    "AmbientType": 0,
    "AmbientSkyColor": {
      "r": 0.5,
      "g": 0.5,
      "b": 0.5
    },
    "AmbientEquatorColor": {
      "r": 0.5,
      "g": 0.5,
      "b": 0.5
    },
    "AmbientGroundColor": {
      "r": 0.5,
      "g": 0.5,
      "b": 0.5
    },
    "ReflectionIntensity": 1.0,
    "LutIndex": 0,
    "LutContribution": 1.0
  },
  "Hands": {
    "Enable": true,
    "DisableUnused": false,
    "Hiding": 0,
    "HandTransforms": [
      {
        "Color": "Red",
        "Transform": {
          "posX": -15.2383451,
          "posY": 3.60177183,
          "posZ": -15.4102287,
          "rotX": 0.0,
          "rotY": 45.0000038,
          "rotZ": 0.0,
          "scaleX": 11.655426,
          "scaleY": 9.175223,
          "scaleZ": 6.76723862
        }
      },
      {
        "Color": "Yellow",
        "Transform": {
          "posX": -15.3520746,
          "posY": 3.6017642,
          "posZ": 15.1043739,
          "rotX": 0.0,
          "rotY": 135.000015,
          "rotZ": 0.0,
          "scaleX": 11.6593342,
          "scaleY": 9.175223,
          "scaleZ": 6.769541
        }
      },
      {
        "Color": "Purple",
        "Transform": {
          "posX": 21.5308113,
          "posY": 3.6017642,
          "posZ": 0.05564022,
          "rotX": 0.0,
          "rotY": 270.0,
          "rotZ": 0.0,
          "scaleX": 11.6608677,
          "scaleY": 9.175223,
          "scaleZ": 6.7714715
        }
      },
      {
        "Color": "Blue",
        "Transform": {
          "posX": 15.3141708,
          "posY": 3.6017642,
          "posZ": 15.1422806,
          "rotX": 0.0,
          "rotY": 224.999985,
          "rotZ": 0.0,
          "scaleX": 11.659,
          "scaleY": 9.175223,
          "scaleZ": 6.769265
        }
      },
      {
        "Color": "White",
        "Transform": {
          "posX": -4.76837158E-07,
          "posY": 3.60177183,
          "posZ": -21.47526,
          "rotX": 0.0,
          "rotY": 0.0,
          "rotZ": 0.0,
          "scaleX": 11.6554279,
          "scaleY": 9.175225,
          "scaleZ": 6.76723957
        }
      },
      {
        "Color": "Green",
        "Transform": {
          "posX": 4.76837158E-07,
          "posY": 3.6017642,
          "posZ": 21.2933922,
          "rotX": 0.0,
          "rotY": 180.0,
          "rotZ": 0.0,
          "scaleX": 11.6554279,
          "scaleY": 9.175223,
          "scaleZ": 6.76723337
        }
      },
      {
        "Color": "Pink",
        "Transform": {
          "posX": 15.3141727,
          "posY": 3.6017642,
          "posZ": -15.0311737,
          "rotX": 0.0,
          "rotY": 315.0,
          "rotZ": 0.0,
          "scaleX": 11.6560974,
          "scaleY": 9.175223,
          "scaleZ": 6.76734066
        }
      },
      {
        "Color": "Orange",
        "Transform": {
          "posX": -21.5687141,
          "posY": 3.60177851,
          "posZ": -0.20971489,
          "rotX": 0.0,
          "rotY": 90.0,
          "rotZ": 0.0,
          "scaleX": 11.660428,
          "scaleY": 9.175223,
          "scaleZ": 6.77117538
        }
      }
    ]
  },
  "Turns": {
    "Enable": false,
    "Type": 0,
    "TurnOrder": [],
    "Reverse": false,
    "SkipEmpty": false,
    "DisableInteractions": false,
    "PassTurns": true,
    "TurnColor": ""
  },
  "ObjectStates": [
    {
      "Name": "Custom_Model",
      "Transform": {
        "posX": -1.30054176,
        "posY": 0.936407447,
        "posZ": -2.71979141,
        "rotX": 5.998636E-06,
        "rotY": 134.999954,
        "rotZ": -2.14931551E-05,
        "scaleX": 1.0,
        "scaleY": 1.0,
        "scaleZ": 1.0
      },
      "Nickname": "Flash Git Kaptin",
      "Description": "",
      "GMNotes": "",
      "ColorDiffuse": {
        "r": 0.72996527,
        "g": 0.72996527,
        "b": 0.72996527
      },
      "Locked": false,
      "Grid": true,
      "Snap": true,
      "IgnoreFoW": false,
      "Autoraise": true,
      "Sticky": true,
      "Tooltip": true,
      "GridProjection": false,
      "HideWhenFaceDown": false,
      "Hands": false,
      "CustomMesh": {
        "MeshURL": "http://cloud-3.steamusercontent.com/ugc/782982187245250346/21EF3A0F420710367509A9412BA7CB1DF1B46BE5/",
        "DiffuseURL": "http://cloud-3.steamusercontent.com/ugc/782982187245251264/9F4138B886BD591AAB06448B8E2F6E8953B0C276/",
        "NormalURL": "",
        "ColliderURL": "http://cloud-3.steamusercontent.com/ugc/781857847557240648/B78448474BD069F4A1B141F0ACDE235853AA79A6/",
        "Convex": true,
        "MaterialIndex": 3,
        "TypeIndex": 1,
        "CastShadows": true
      },
      "XmlUI": "",
      "LuaScript": "",
      "LuaScriptState": "",
      "GUID": "55e218"
    },
    {
      "Name": "Custom_Model",
      "Transform": {
        "posX": -2.9356637,
        "posY": 0.9364069,
        "posZ": -0.871569455,
        "rotX": -5.508479E-06,
        "rotY": 149.817154,
        "rotZ": -3.47740024E-05,
        "scaleX": 1.0,
        "scaleY": 1.0,
        "scaleZ": 1.0
      },
      "Nickname": "2/2 Flash Gitz",
      "Description": "M 5\r\nWS 3\r\nBS 4\r\nS 5\r\nT 4\r\nW 2\r\nA 3\r\nLd 6\r\nSv 4\r\n\nSnazzgun\nStikkbomb",
      "GMNotes": "",
      "ColorDiffuse": {
        "r": 0.9999998,
        "g": 0.992173135,
        "b": 0.9999998
      },
      "Locked": false,
      "Grid": false,
      "Snap": false,
      "IgnoreFoW": false,
      "Autoraise": true,
      "Sticky": false,
      "Tooltip": true,
      "GridProjection": false,
      "HideWhenFaceDown": false,
      "Hands": false,
      "CustomMesh": {
        "MeshURL": "http://cloud-3.steamusercontent.com/ugc/781856840835958355/83A126214E2736D31666CD5923E1C115A521142C/",
        "DiffuseURL": "http://cloud-3.steamusercontent.com/ugc/781857270461734121/BEB8B9ED452F119B88F98E79BA9C4F10A04546D4/",
        "NormalURL": "",
        "ColliderURL": "http://cloud-3.steamusercontent.com/ugc/781857847557240648/B78448474BD069F4A1B141F0ACDE235853AA79A6/",
        "Convex": true,
        "MaterialIndex": 3,
        "TypeIndex": 1,
        "CastShadows": true
      },
      "XmlUI": "",
      "LuaScript": "",
      "LuaScriptState": "",
      "GUID": "f0e2f5"
    },
    {
      "Name": "Custom_Model",
      "Transform": {
        "posX": -4.27824974,
        "posY": 0.9364064,
        "posZ": -1.71370876,
        "rotX": 4.63531E-05,
        "rotY": 105.2282,
        "rotZ": -2.29184989E-05,
        "scaleX": 1.0,
        "scaleY": 1.0,
        "scaleZ": 1.0
      },
      "Nickname": "2/2 Flash Gitz",
      "Description": "M 5\r\nWS 3\r\nBS 4\r\nS 5\r\nT 4\r\nW 2\r\nA 3\r\nLd 6\r\nSv 4\r\n\nSnazzgun\nStikkbomb",
      "GMNotes": "",
      "ColorDiffuse": {
        "r": 0.9999998,
        "g": 0.992173135,
        "b": 0.9999998
      },
      "Locked": false,
      "Grid": false,
      "Snap": false,
      "IgnoreFoW": false,
      "Autoraise": true,
      "Sticky": false,
      "Tooltip": true,
      "GridProjection": false,
      "HideWhenFaceDown": false,
      "Hands": false,
      "CustomMesh": {
        "MeshURL": "http://cloud-3.steamusercontent.com/ugc/781857270461732937/20AE88648378C5FF6296679E9353EBAA6B6AFD7E/",
        "DiffuseURL": "http://cloud-3.steamusercontent.com/ugc/781857270461733297/01F6BAE6C0AA2C60D2EADE575EED8DB8B58ED16C/",
        "NormalURL": "",
        "ColliderURL": "http://cloud-3.steamusercontent.com/ugc/781857847557240648/B78448474BD069F4A1B141F0ACDE235853AA79A6/",
        "Convex": true,
        "MaterialIndex": 3,
        "TypeIndex": 1,
        "CastShadows": true
      },
      "XmlUI": "",
      "LuaScript": "",
      "LuaScriptState": "",
      "GUID": "416082"
    },
    {
      "Name": "Custom_Model",
      "Transform": {
        "posX": 0.497399569,
        "posY": 1.26477742,
        "posZ": -1.90736091,
        "rotX": 4.76955756E-06,
        "rotY": 314.994751,
        "rotZ": -2.149146E-06,
        "scaleX": 1.0,
        "scaleY": 1.0,
        "scaleZ": 1.0
      },
      "Nickname": "Kaptin Badrukk",
      "Description": "",
      "GMNotes": "",
      "ColorDiffuse": {
        "r": 1.0,
        "g": 1.0,
        "b": 1.0
      },
      "Locked": false,
      "Grid": true,
      "Snap": true,
      "IgnoreFoW": false,
      "Autoraise": true,
      "Sticky": true,
      "Tooltip": true,
      "GridProjection": false,
      "HideWhenFaceDown": false,
      "Hands": false,
      "CustomMesh": {
        "MeshURL": "http://cloud-3.steamusercontent.com/ugc/782982187240780506/C6819D58F7BF4C92D45E1EDBFC4DB38830BB4676/",
        "DiffuseURL": "http://cloud-3.steamusercontent.com/ugc/782982187240781394/F5063A35FF1CAA5A93A78BBB6B7FF71249E9FE0C/",
        "NormalURL": "",
        "ColliderURL": "http://cloud-3.steamusercontent.com/ugc/781857847557251815/8AD5182AD3752FA574573E37897CA44CF0C7651E/",
        "Convex": true,
        "MaterialIndex": 3,
        "TypeIndex": 1,
        "CastShadows": true
      },
      "XmlUI": "",
      "LuaScript": "",
      "LuaScriptState": "",
      "GUID": "891f11"
    },
    {
      "Name": "Custom_Model",
      "Transform": {
        "posX": 2.817092,
        "posY": 0.9364074,
        "posZ": -1.5977968,
        "rotX": -3.12854354E-05,
        "rotY": 224.992,
        "rotZ": 1.557592E-05,
        "scaleX": 1.0,
        "scaleY": 1.0,
        "scaleZ": 1.0
      },
      "Nickname": "2/2 Flash Git",
      "Description": "[56f442]M  WS BS  S   T  W   A  LD     SV[-][-]\r\n 5\"  3+  4+  5   4   2   3   6      4+\r\n[e85545]Weapons[-]\r\n[c6c930]Stikkbombs\r\n[-]6\" Grenade D6 S:3 AP:0 D:1 Sp?:-\r\n[c6c930]Snazzgun\r\n[-]24\" Heavy 3 S:6 AP:-2 D:2 Sp?:-\r\n[dc61ed]Abilities[-]\r\nGun-crazy Showoffs\r\nAmmo Runt\r\n",
      "GMNotes": "",
      "ColorDiffuse": {
        "r": 0.9999998,
        "g": 0.992173135,
        "b": 0.9999998
      },
      "Locked": false,
      "Grid": false,
      "Snap": false,
      "IgnoreFoW": false,
      "Autoraise": true,
      "Sticky": false,
      "Tooltip": true,
      "GridProjection": false,
      "HideWhenFaceDown": false,
      "Hands": false,
      "CustomMesh": {
        "MeshURL": "http://cloud-3.steamusercontent.com/ugc/781856840835958355/83A126214E2736D31666CD5923E1C115A521142C/",
        "DiffuseURL": "http://cloud-3.steamusercontent.com/ugc/787504189454434606/E61FEA8814C815928C7464C785C3450C22CDB968/",
        "NormalURL": "",
        "ColliderURL": "http://cloud-3.steamusercontent.com/ugc/781857847557240648/B78448474BD069F4A1B141F0ACDE235853AA79A6/",
        "Convex": true,
        "MaterialIndex": 3,
        "TypeIndex": 1,
        "CastShadows": true
      },
      "XmlUI": "",
      "LuaScript": "function onLoad()\n  self.setVar(\"desc-id\", \"68b62936:552c-4b6f-aced-0279\")\nend\n",
      "LuaScriptState": "",
      "GUID": "86dfa9"
    }
  ],
  "DecalPallet": [],
  "TabStates": {
    "0": {
      "title": "Rules",
      "body": "",
      "color": "Grey",
      "visibleColor": {
        "r": 0.5,
        "g": 0.5,
        "b": 0.5
      },
      "id": 0
    },
    "1": {
      "title": "White",
      "body": "",
      "color": "White",
      "visibleColor": {
        "r": 1.0,
        "g": 1.0,
        "b": 1.0
      },
      "id": 1
    },
    "2": {
      "title": "Brown",
      "body": "",
      "color": "Brown",
      "visibleColor": {
        "r": 0.443,
        "g": 0.231,
        "b": 0.09
      },
      "id": 2
    },
    "3": {
      "title": "Red",
      "body": "",
      "color": "Red",
      "visibleColor": {
        "r": 0.856,
        "g": 0.1,
        "b": 0.094
      },
      "id": 3
    },
    "4": {
      "title": "Orange",
      "body": "",
      "color": "Orange",
      "visibleColor": {
        "r": 0.956,
        "g": 0.392,
        "b": 0.113
      },
      "id": 4
    },
    "5": {
      "title": "Yellow",
      "body": "",
      "color": "Yellow",
      "visibleColor": {
        "r": 0.905,
        "g": 0.898,
        "b": 0.172
      },
      "id": 5
    },
    "6": {
      "title": "Green",
      "body": "",
      "color": "Green",
      "visibleColor": {
        "r": 0.192,
        "g": 0.701,
        "b": 0.168
      },
      "id": 6
    },
    "7": {
      "title": "Blue",
      "body": "",
      "color": "Blue",
      "visibleColor": {
        "r": 0.118,
        "g": 0.53,
        "b": 1.0
      },
      "id": 7
    },
    "8": {
      "title": "Teal",
      "body": "",
      "color": "Teal",
      "visibleColor": {
        "r": 0.129,
        "g": 0.694,
        "b": 0.607
      },
      "id": 8
    },
    "9": {
      "title": "Purple",
      "body": "",
      "color": "Purple",
      "visibleColor": {
        "r": 0.627,
        "g": 0.125,
        "b": 0.941
      },
      "id": 9
    },
    "10": {
      "title": "Pink",
      "body": "",
      "color": "Pink",
      "visibleColor": {
        "r": 0.96,
        "g": 0.439,
        "b": 0.807
      },
      "id": 10
    },
    "11": {
      "title": "Black",
      "body": "",
      "color": "Black",
      "visibleColor": {
        "r": 0.25,
        "g": 0.25,
        "b": 0.25
      },
      "id": 11
    }
  },
  "VersionNumber": "v12.2.2"
}