{
  "SaveName": "Speed Freekz",
  "GameMode": "Ork 40k Speed Freek Models",
  "Gravity": 0.5,
  "PlayArea": 0.5,
  "Date": "2/13/2020 9:13:49 PM",
  "Table": "Table_Square",
  "Sky": "Sky_Downtown",
  "Note": "",
  "Rules": "",
  "XmlUI": "<!-- Xml UI. See documentation: https://api.tabletopsimulator.com/ui/introUI/ -->",
  "LuaScript": "--[[ Lua code. See documentation: https://api.tabletopsimulator.com/ --]]\n\n--[[ The onLoad event is called after the game save finishes loading. --]]\nfunction onLoad()\n    --[[ print('onLoad!') --]]\nend\n\n--[[ The onUpdate event is called once per frame. --]]\nfunction onUpdate()\n    --[[ print('onUpdate loop!') --]]\nend",
  "LuaScriptState": "",
  "MusicPlayer": {
    "RepeatSong": true,
    "PlaylistEntry": -1,
    "CurrentAudioTitle": "Ultramarines Chant",
    "CurrentAudioURL": "http://cloud-3.steamusercontent.com/ugc/773976977327440295/17C1CAA1F70F178395E93C05E55946061E695598/",
    "AudioLibrary": [
      {
        "Item1": "http://cloud-3.steamusercontent.com/ugc/773976977327440295/17C1CAA1F70F178395E93C05E55946061E695598/",
        "Item2": "Ultramarines Chant"
      }
    ]
  },
  "Grid": {
    "Type": 0,
    "Lines": false,
    "Color": {
      "r": 0.0,
      "g": 0.0,
      "b": 0.0
    },
    "Opacity": 0.75,
    "ThickLines": false,
    "Snapping": false,
    "Offset": false,
    "BothSnapping": false,
    "xSize": 2.0,
    "ySize": 2.0,
    "PosOffset": {
      "x": 0.0,
      "y": 1.0,
      "z": 0.0
    }
  },
  "Lighting": {
    "LightIntensity": 0.54,
    "LightColor": {
      "r": 1.0,
      "g": 0.9804,
      "b": 0.8902
    },
    "AmbientIntensity": 1.3,
    "AmbientType": 0,
    "AmbientSkyColor": {
      "r": 0.5,
      "g": 0.5,
      "b": 0.5
    },
    "AmbientEquatorColor": {
      "r": 0.5,
      "g": 0.5,
      "b": 0.5
    },
    "AmbientGroundColor": {
      "r": 0.5,
      "g": 0.5,
      "b": 0.5
    },
    "ReflectionIntensity": 1.0,
    "LutIndex": 0,
    "LutContribution": 1.0
  },
  "Hands": {
    "Enable": true,
    "DisableUnused": false,
    "Hiding": 0,
    "HandTransforms": [
      {
        "Color": "Purple",
        "Transform": {
          "posX": 14.3801212,
          "posY": 3.019432,
          "posZ": 0.141296387,
          "rotX": 0.0,
          "rotY": 270.0,
          "rotZ": 0.0,
          "scaleX": 9.393672,
          "scaleY": 6.634036,
          "scaleZ": 3.522564
        }
      },
      {
        "Color": "White",
        "Transform": {
          "posX": 0.03270387,
          "posY": 3.01940155,
          "posZ": -14.37088,
          "rotX": 0.0,
          "rotY": 0.0,
          "rotZ": 0.0,
          "scaleX": 9.392744,
          "scaleY": 6.634036,
          "scaleZ": 3.52236629
        }
      },
      {
        "Color": "Green",
        "Transform": {
          "posX": 0.03270387,
          "posY": 3.019394,
          "posZ": 14.2776718,
          "rotX": 0.0,
          "rotY": 180.0,
          "rotZ": 0.0,
          "scaleX": 9.393239,
          "scaleY": 6.634036,
          "scaleZ": 3.52253985
        }
      },
      {
        "Color": "Orange",
        "Transform": {
          "posX": -14.2912292,
          "posY": 3.019432,
          "posZ": -0.05830002,
          "rotX": 0.0,
          "rotY": 90.0,
          "rotZ": 0.0,
          "scaleX": 9.393672,
          "scaleY": 6.634036,
          "scaleZ": 3.522564
        }
      }
    ]
  },
  "Turns": {
    "Enable": false,
    "Type": 0,
    "TurnOrder": [],
    "Reverse": false,
    "SkipEmpty": false,
    "DisableInteractions": false,
    "PassTurns": true,
    "TurnColor": ""
  },
  "ObjectStates": [
    {
      "Name": "Custom_Model",
      "Transform": {
        "posX": 0.0263970234,
        "posY": 0.985843539,
        "posZ": -6.69081736,
        "rotX": 359.8958,
        "rotY": 180.0033,
        "rotZ": -0.00451031839,
        "scaleX": 0.904255033,
        "scaleY": 0.716421962,
        "scaleZ": 0.891273558
      },
      "Nickname": "Deffkilla Wartrike",
      "Description": "\n",
      "GMNotes": "",
      "ColorDiffuse": {
        "r": 1.0,
        "g": 1.0,
        "b": 1.0
      },
      "Locked": false,
      "Grid": true,
      "Snap": true,
      "IgnoreFoW": false,
      "Autoraise": true,
      "Sticky": true,
      "Tooltip": true,
      "GridProjection": false,
      "HideWhenFaceDown": false,
      "Hands": false,
      "CustomMesh": {
        "MeshURL": "http://cloud-3.steamusercontent.com/ugc/942838965126418922/637448DFF0DCD1AD2D8C4C719439372864F9D030/",
        "DiffuseURL": "http://cloud-3.steamusercontent.com/ugc/942838965121492542/DA94DD98E6CBEE398FDE88136D9996CD00CE2DF7/",
        "NormalURL": "",
        "ColliderURL": "http://cloud-3.steamusercontent.com/ugc/787504189454036307/EC12A63E30BAC6B8A2A5D9AD5B2471F662CC8875/",
        "Convex": false,
        "MaterialIndex": 0,
        "TypeIndex": 1,
        "CustomShader": {
          "SpecularColor": {
            "r": 1.0,
            "g": 1.0,
            "b": 1.0
          },
          "SpecularIntensity": 0.0,
          "SpecularSharpness": 3.066666,
          "FresnelStrength": 0.222222239
        },
        "CastShadows": true
      },
      "XmlUI": "",
      "LuaScript": "",
      "LuaScriptState": "",
      "GUID": "e10dd4"
    },
    {
      "Name": "Custom_Model",
      "Transform": {
        "posX": 0.00162018463,
        "posY": 0.985845566,
        "posZ": 0.161102861,
        "rotX": 359.895874,
        "rotY": 180.0221,
        "rotZ": -0.00406759325,
        "scaleX": 0.9042551,
        "scaleY": 0.716421962,
        "scaleZ": 0.891273558
      },
      "Nickname": "Megatrakk Scrapjet",
      "Description": "\n",
      "GMNotes": "",
      "ColorDiffuse": {
        "r": 0.9999998,
        "g": 0.992162049,
        "b": 0.9999998
      },
      "Locked": false,
      "Grid": true,
      "Snap": true,
      "IgnoreFoW": false,
      "Autoraise": true,
      "Sticky": true,
      "Tooltip": true,
      "GridProjection": false,
      "HideWhenFaceDown": false,
      "Hands": false,
      "CustomMesh": {
        "MeshURL": "http://cloud-3.steamusercontent.com/ugc/942838965126435552/DE99AF01D3C8047AB2B6E84B29D18A26C365C873/",
        "DiffuseURL": "http://cloud-3.steamusercontent.com/ugc/942838965121712457/36C112E63D393150290160FE085FA87ED7A6F30E/",
        "NormalURL": "",
        "ColliderURL": "http://cloud-3.steamusercontent.com/ugc/787504189454036307/EC12A63E30BAC6B8A2A5D9AD5B2471F662CC8875/",
        "Convex": false,
        "MaterialIndex": 0,
        "TypeIndex": 1,
        "CustomShader": {
          "SpecularColor": {
            "r": 1.0,
            "g": 1.0,
            "b": 1.0
          },
          "SpecularIntensity": 0.0,
          "SpecularSharpness": 3.066666,
          "FresnelStrength": 0.222222239
        },
        "CastShadows": true
      },
      "XmlUI": "",
      "LuaScript": "",
      "LuaScriptState": "",
      "GUID": "715cdf"
    },
    {
      "Name": "Custom_Model",
      "Transform": {
        "posX": -9.717559,
        "posY": 0.977321,
        "posZ": -3.95301056,
        "rotX": -0.00268937275,
        "rotY": 135.0001,
        "rotZ": 9.579003E-06,
        "scaleX": 0.661268,
        "scaleY": 0.523908556,
        "scaleZ": 0.6517748
      },
      "Nickname": "Boomdakka Snazzwagon",
      "Description": "\n",
      "GMNotes": "",
      "ColorDiffuse": {
        "r": 0.9999998,
        "g": 0.992162049,
        "b": 0.9999998
      },
      "Locked": false,
      "Grid": true,
      "Snap": true,
      "IgnoreFoW": false,
      "Autoraise": true,
      "Sticky": true,
      "Tooltip": true,
      "GridProjection": false,
      "HideWhenFaceDown": false,
      "Hands": false,
      "CustomMesh": {
        "MeshURL": "http://cloud-3.steamusercontent.com/ugc/942838965126402445/87BDA4FFD21A03DDB9B507FCFC621BED62BE5ABC/",
        "DiffuseURL": "http://cloud-3.steamusercontent.com/ugc/942838965125549201/057F15DA2F6D8C2BAE8C7ED0D047A963389986ED/",
        "NormalURL": "",
        "ColliderURL": "http://cloud-3.steamusercontent.com/ugc/787504189454036307/EC12A63E30BAC6B8A2A5D9AD5B2471F662CC8875/",
        "Convex": false,
        "MaterialIndex": 0,
        "TypeIndex": 1,
        "CustomShader": {
          "SpecularColor": {
            "r": 1.0,
            "g": 1.0,
            "b": 1.0
          },
          "SpecularIntensity": 0.0,
          "SpecularSharpness": 3.066666,
          "FresnelStrength": 0.222222239
        },
        "CastShadows": true
      },
      "XmlUI": "",
      "LuaScript": "",
      "LuaScriptState": "",
      "GUID": "a10e23"
    },
    {
      "Name": "Custom_Model",
      "Transform": {
        "posX": 4.60628,
        "posY": 0.9843973,
        "posZ": -1.09717429,
        "rotX": -0.00265728077,
        "rotY": 30.0129032,
        "rotZ": -5.53093523E-05,
        "scaleX": 0.931253552,
        "scaleY": 0.7378122,
        "scaleZ": 0.9178844
      },
      "Nickname": "Shokkjump Dragsta",
      "Description": "\n",
      "GMNotes": "",
      "ColorDiffuse": {
        "r": 0.9999998,
        "g": 0.992162049,
        "b": 0.9999998
      },
      "Locked": false,
      "Grid": true,
      "Snap": true,
      "IgnoreFoW": false,
      "Autoraise": true,
      "Sticky": true,
      "Tooltip": true,
      "GridProjection": false,
      "HideWhenFaceDown": false,
      "Hands": false,
      "CustomMesh": {
        "MeshURL": "http://cloud-3.steamusercontent.com/ugc/942838965126363838/7DB52F03904743FE8B9FF40DB27F5D50D543CE71/",
        "DiffuseURL": "http://cloud-3.steamusercontent.com/ugc/942838965121802950/B37B105B17BE659DB415622DD96818E098C2F83D/",
        "NormalURL": "",
        "ColliderURL": "http://cloud-3.steamusercontent.com/ugc/787504189454036307/EC12A63E30BAC6B8A2A5D9AD5B2471F662CC8875/",
        "Convex": false,
        "MaterialIndex": 0,
        "TypeIndex": 1,
        "CustomShader": {
          "SpecularColor": {
            "r": 1.0,
            "g": 1.0,
            "b": 1.0
          },
          "SpecularIntensity": 0.0,
          "SpecularSharpness": 3.066666,
          "FresnelStrength": 0.222222239
        },
        "CastShadows": true
      },
      "XmlUI": "",
      "LuaScript": "",
      "LuaScriptState": "",
      "GUID": "c3eab3"
    },
    {
      "Name": "Custom_Model",
      "Transform": {
        "posX": 9.008848,
        "posY": 0.984865963,
        "posZ": -2.99825883,
        "rotX": -0.002599936,
        "rotY": 44.8692436,
        "rotZ": 0.07407708,
        "scaleX": 0.904255,
        "scaleY": 0.716421962,
        "scaleZ": 0.891273558
      },
      "Nickname": "Squiggbuggy",
      "Description": "\n",
      "GMNotes": "",
      "ColorDiffuse": {
        "r": 0.9999998,
        "g": 0.992162049,
        "b": 0.9999998
      },
      "Locked": false,
      "Grid": true,
      "Snap": true,
      "IgnoreFoW": false,
      "Autoraise": true,
      "Sticky": true,
      "Tooltip": true,
      "GridProjection": false,
      "HideWhenFaceDown": false,
      "Hands": false,
      "CustomMesh": {
        "MeshURL": "http://cloud-3.steamusercontent.com/ugc/942838965126381335/96561FEE6C8909AECF4701F8CB6BF0780B2CE7D6/",
        "DiffuseURL": "http://cloud-3.steamusercontent.com/ugc/942838965122287615/79C359FAC726395BB8D5DE26CB18172F2137BFC2/",
        "NormalURL": "",
        "ColliderURL": "http://cloud-3.steamusercontent.com/ugc/787504189454036307/EC12A63E30BAC6B8A2A5D9AD5B2471F662CC8875/",
        "Convex": false,
        "MaterialIndex": 0,
        "TypeIndex": 1,
        "CustomShader": {
          "SpecularColor": {
            "r": 1.0,
            "g": 1.0,
            "b": 1.0
          },
          "SpecularIntensity": 0.0,
          "SpecularSharpness": 3.066666,
          "FresnelStrength": 0.222222239
        },
        "CastShadows": true
      },
      "XmlUI": "",
      "LuaScript": "",
      "LuaScriptState": "",
      "GUID": "8c944e"
    },
    {
      "Name": "Custom_Model",
      "Transform": {
        "posX": -5.244491,
        "posY": 0.985611856,
        "posZ": -1.03740764,
        "rotX": -0.00264412374,
        "rotY": 150.000549,
        "rotZ": 0.07414284,
        "scaleX": 0.931253552,
        "scaleY": 0.7378124,
        "scaleZ": 0.9178846
      },
      "Nickname": "Kustom boosta-blasta",
      "Description": "\n",
      "GMNotes": "",
      "ColorDiffuse": {
        "r": 0.9999998,
        "g": 0.992162049,
        "b": 0.9999998
      },
      "Locked": false,
      "Grid": true,
      "Snap": true,
      "IgnoreFoW": false,
      "Autoraise": true,
      "Sticky": true,
      "Tooltip": true,
      "GridProjection": false,
      "HideWhenFaceDown": false,
      "Hands": false,
      "CustomMesh": {
        "MeshURL": "http://cloud-3.steamusercontent.com/ugc/942838965126434884/8EAFB8F59789585AC41EC0ACD3D65E35C43EE17B/",
        "DiffuseURL": "http://cloud-3.steamusercontent.com/ugc/942838965122289337/A11C75DFF1A745CAB0109292A1CEF02FE28DDA1D/",
        "NormalURL": "",
        "ColliderURL": "http://cloud-3.steamusercontent.com/ugc/787504189454036307/EC12A63E30BAC6B8A2A5D9AD5B2471F662CC8875/",
        "Convex": false,
        "MaterialIndex": 0,
        "TypeIndex": 1,
        "CustomShader": {
          "SpecularColor": {
            "r": 1.0,
            "g": 1.0,
            "b": 1.0
          },
          "SpecularIntensity": 0.0,
          "SpecularSharpness": 3.066666,
          "FresnelStrength": 0.222222239
        },
        "CastShadows": true
      },
      "XmlUI": "",
      "LuaScript": "",
      "LuaScriptState": "",
      "GUID": "aaad51"
    }
  ],
  "DecalPallet": [],
  "TabStates": {
    "0": {
      "title": "Rules",
      "body": "",
      "color": "Grey",
      "visibleColor": {
        "r": 0.5,
        "g": 0.5,
        "b": 0.5
      },
      "id": 0
    },
    "1": {
      "title": "White",
      "body": "",
      "color": "White",
      "visibleColor": {
        "r": 1.0,
        "g": 1.0,
        "b": 1.0
      },
      "id": 1
    },
    "2": {
      "title": "Brown",
      "body": "",
      "color": "Brown",
      "visibleColor": {
        "r": 0.443,
        "g": 0.231,
        "b": 0.09
      },
      "id": 2
    },
    "3": {
      "title": "Red",
      "body": "",
      "color": "Red",
      "visibleColor": {
        "r": 0.856,
        "g": 0.1,
        "b": 0.094
      },
      "id": 3
    },
    "4": {
      "title": "Orange",
      "body": "",
      "color": "Orange",
      "visibleColor": {
        "r": 0.956,
        "g": 0.392,
        "b": 0.113
      },
      "id": 4
    },
    "5": {
      "title": "Yellow",
      "body": "",
      "color": "Yellow",
      "visibleColor": {
        "r": 0.905,
        "g": 0.898,
        "b": 0.172
      },
      "id": 5
    },
    "6": {
      "title": "Green",
      "body": "",
      "color": "Green",
      "visibleColor": {
        "r": 0.192,
        "g": 0.701,
        "b": 0.168
      },
      "id": 6
    },
    "7": {
      "title": "Blue",
      "body": "",
      "color": "Blue",
      "visibleColor": {
        "r": 0.118,
        "g": 0.53,
        "b": 1.0
      },
      "id": 7
    },
    "8": {
      "title": "Teal",
      "body": "",
      "color": "Teal",
      "visibleColor": {
        "r": 0.129,
        "g": 0.694,
        "b": 0.607
      },
      "id": 8
    },
    "9": {
      "title": "Purple",
      "body": "",
      "color": "Purple",
      "visibleColor": {
        "r": 0.627,
        "g": 0.125,
        "b": 0.941
      },
      "id": 9
    },
    "10": {
      "title": "Pink",
      "body": "",
      "color": "Pink",
      "visibleColor": {
        "r": 0.96,
        "g": 0.439,
        "b": 0.807
      },
      "id": 10
    },
    "11": {
      "title": "Black",
      "body": "",
      "color": "Black",
      "visibleColor": {
        "r": 0.25,
        "g": 0.25,
        "b": 0.25
      },
      "id": 11
    }
  },
  "VersionNumber": "v12.2.2"
}