{
  "SaveName": "Ynnari",
  "GameMode": "Ynnari",
  "Date": "1/6/2021 4:01:09 AM",
  "Gravity": 0.5,
  "PlayArea": 0.5,
  "GameType": "",
  "GameComplexity": "",
  "Tags": [],
  "Table": "Table_Octagon",
  "Sky": "Sky_Forest",
  "Note": "",
  "Rules": "",
  "MusicPlayer": {
    "RepeatSong": true,
    "PlaylistEntry": -1,
    "CurrentAudioTitle": "Ultramarines Chant",
    "CurrentAudioURL": "http://cloud-3.steamusercontent.com/ugc/773976977327440295/17C1CAA1F70F178395E93C05E55946061E695598/",
    "AudioLibrary": [
      {
        "Item1": "http://cloud-3.steamusercontent.com/ugc/773976977327440295/17C1CAA1F70F178395E93C05E55946061E695598/",
        "Item2": "Ultramarines Chant"
      }
    ]
  },
  "Grid": {
    "Type": 0,
    "Lines": false,
    "Color": {
      "r": 0.0,
      "g": 0.0,
      "b": 0.0
    },
    "Opacity": 0.75,
    "ThickLines": false,
    "Snapping": false,
    "Offset": false,
    "BothSnapping": false,
    "xSize": 2.0,
    "ySize": 2.0,
    "PosOffset": {
      "x": 0.0,
      "y": 1.0,
      "z": 0.0
    }
  },
  "Lighting": {
    "LightIntensity": 0.54,
    "LightColor": {
      "r": 1.0,
      "g": 0.9804,
      "b": 0.8902
    },
    "AmbientIntensity": 1.3,
    "AmbientType": 0,
    "AmbientSkyColor": {
      "r": 0.5,
      "g": 0.5,
      "b": 0.5
    },
    "AmbientEquatorColor": {
      "r": 0.5,
      "g": 0.5,
      "b": 0.5
    },
    "AmbientGroundColor": {
      "r": 0.5,
      "g": 0.5,
      "b": 0.5
    },
    "ReflectionIntensity": 1.0,
    "LutIndex": 0,
    "LutContribution": 1.0
  },
  "Hands": {
    "Enable": true,
    "DisableUnused": false,
    "Hiding": 0,
    "HandTransforms": [
      {
        "Color": "Red",
        "Transform": {
          "posX": -12.3078938,
          "posY": 3.66349268,
          "posZ": -12.4467239,
          "rotX": 0.0,
          "rotY": 45.0000038,
          "rotZ": 0.0,
          "scaleX": 9.413998,
          "scaleY": 8.96114,
          "scaleZ": 5.465847
        }
      },
      {
        "Color": "Yellow",
        "Transform": {
          "posX": -12.3997517,
          "posY": 3.6634984,
          "posZ": 12.199688,
          "rotX": 0.0,
          "rotY": 135.000015,
          "rotZ": 0.0,
          "scaleX": 9.414224,
          "scaleY": 8.96114,
          "scaleZ": 5.46597958
        }
      },
      {
        "Color": "Purple",
        "Transform": {
          "posX": 17.3902683,
          "posY": 3.663497,
          "posZ": 0.044939518,
          "rotX": 0.0,
          "rotY": 270.0,
          "rotZ": 0.0,
          "scaleX": 9.414344,
          "scaleY": 8.96114,
          "scaleZ": 5.466023
        }
      },
      {
        "Color": "Blue",
        "Transform": {
          "posX": 12.36914,
          "posY": 3.66349554,
          "posZ": 12.2303085,
          "rotX": 0.0,
          "rotY": 224.999985,
          "rotZ": 0.0,
          "scaleX": 9.41418,
          "scaleY": 8.96114,
          "scaleZ": 5.465953
        }
      },
      {
        "Color": "White",
        "Transform": {
          "posX": 4.76837158E-06,
          "posY": 3.66349745,
          "posZ": -17.3453884,
          "rotX": 0.0,
          "rotY": 0.0,
          "rotZ": 0.0,
          "scaleX": 9.414002,
          "scaleY": 8.96114,
          "scaleZ": 5.46584272
        }
      },
      {
        "Color": "Green",
        "Transform": {
          "posX": -1.43051147E-06,
          "posY": 3.66349554,
          "posZ": 17.1985016,
          "rotX": 0.0,
          "rotY": 179.8,
          "rotZ": 0.0,
          "scaleX": 9.414311,
          "scaleY": 8.96114,
          "scaleZ": 5.466124
        }
      },
      {
        "Color": "Pink",
        "Transform": {
          "posX": 12.3691339,
          "posY": 3.663496,
          "posZ": -12.1405659,
          "rotX": 0.0,
          "rotY": 315.0,
          "rotZ": 0.0,
          "scaleX": 9.414021,
          "scaleY": 8.96114,
          "scaleZ": 5.46587658
        }
      },
      {
        "Color": "Orange",
        "Transform": {
          "posX": -17.4208832,
          "posY": 3.663496,
          "posZ": -0.169384956,
          "rotX": 0.0,
          "rotY": 90.0,
          "rotZ": 0.0,
          "scaleX": 9.414329,
          "scaleY": 8.96114,
          "scaleZ": 5.46600962
        }
      }
    ]
  },
  "Turns": {
    "Enable": false,
    "Type": 0,
    "TurnOrder": [],
    "Reverse": false,
    "SkipEmpty": false,
    "DisableInteractions": false,
    "PassTurns": true,
    "TurnColor": ""
  },
  "TabStates": {
    "0": {
      "title": "Rules",
      "body": "",
      "color": "Grey",
      "visibleColor": {
        "r": 0.5,
        "g": 0.5,
        "b": 0.5
      },
      "id": 0
    },
    "1": {
      "title": "White",
      "body": "",
      "color": "White",
      "visibleColor": {
        "r": 1.0,
        "g": 1.0,
        "b": 1.0
      },
      "id": 1
    },
    "2": {
      "title": "Brown",
      "body": "",
      "color": "Brown",
      "visibleColor": {
        "r": 0.443,
        "g": 0.231,
        "b": 0.09
      },
      "id": 2
    },
    "3": {
      "title": "Red",
      "body": "",
      "color": "Red",
      "visibleColor": {
        "r": 0.856,
        "g": 0.1,
        "b": 0.094
      },
      "id": 3
    },
    "4": {
      "title": "Orange",
      "body": "",
      "color": "Orange",
      "visibleColor": {
        "r": 0.956,
        "g": 0.392,
        "b": 0.113
      },
      "id": 4
    },
    "5": {
      "title": "Yellow",
      "body": "",
      "color": "Yellow",
      "visibleColor": {
        "r": 0.905,
        "g": 0.898,
        "b": 0.172
      },
      "id": 5
    },
    "6": {
      "title": "Green",
      "body": "",
      "color": "Green",
      "visibleColor": {
        "r": 0.192,
        "g": 0.701,
        "b": 0.168
      },
      "id": 6
    },
    "7": {
      "title": "Blue",
      "body": "",
      "color": "Blue",
      "visibleColor": {
        "r": 0.118,
        "g": 0.53,
        "b": 1.0
      },
      "id": 7
    },
    "8": {
      "title": "Teal",
      "body": "",
      "color": "Teal",
      "visibleColor": {
        "r": 0.129,
        "g": 0.694,
        "b": 0.607
      },
      "id": 8
    },
    "9": {
      "title": "Purple",
      "body": "",
      "color": "Purple",
      "visibleColor": {
        "r": 0.627,
        "g": 0.125,
        "b": 0.941
      },
      "id": 9
    },
    "10": {
      "title": "Pink",
      "body": "",
      "color": "Pink",
      "visibleColor": {
        "r": 0.96,
        "g": 0.439,
        "b": 0.807
      },
      "id": 10
    },
    "11": {
      "title": "Black",
      "body": "",
      "color": "Black",
      "visibleColor": {
        "r": 0.25,
        "g": 0.25,
        "b": 0.25
      },
      "id": 11
    }
  },
  "DecalPallet": [],
  "ObjectStates": [
    {
      "Name": "Custom_Model",
      "Transform": {
        "posX": -3.209824,
        "posY": 0.9599997,
        "posZ": -1.1660831,
        "rotX": 3.95060533E-06,
        "rotY": 239.9285,
        "rotZ": -2.61909622E-06,
        "scaleX": 1.0,
        "scaleY": 1.0,
        "scaleZ": 1.0
      },
      "Nickname": "Yvraine",
      "Description": "",
      "GMNotes": "",
      "ColorDiffuse": {
        "r": 0.0,
        "g": 0.0,
        "b": 0.0
      },
      "Locked": false,
      "Grid": true,
      "Snap": true,
      "IgnoreFoW": false,
      "MeasureMovement": false,
      "DragSelectable": true,
      "Autoraise": true,
      "Sticky": true,
      "Tooltip": true,
      "GridProjection": false,
      "HideWhenFaceDown": false,
      "Hands": false,
      "CustomMesh": {
        "MeshURL": "http://cloud-3.steamusercontent.com/ugc/1043093675415154320/15D1F22EBC9E1E80B43C96F54C8A7A243BD576E3/",
        "DiffuseURL": "",
        "NormalURL": "",
        "ColliderURL": "http://cloud-3.steamusercontent.com/ugc/1043093675414933165/98FB0D1E412338E5E22306532B28BDA396133A5D/",
        "Convex": true,
        "MaterialIndex": 1,
        "TypeIndex": 1,
        "CustomShader": {
          "SpecularColor": {
            "r": 0.875,
            "g": 0.812880337,
            "b": 0.7463235
          },
          "SpecularIntensity": 0.05,
          "SpecularSharpness": 2.0,
          "FresnelStrength": 0.107142858
        },
        "CastShadows": true
      },
      "LuaScript": "",
      "LuaScriptState": "",
      "XmlUI": "",
      "GUID": "26bc0b",
      "ChildObjects": [
        {
          "Name": "Custom_Assetbundle",
          "Transform": {
            "posX": -0.00138646644,
            "posY": 0.1380316,
            "posZ": 0.00125694578,
            "rotX": 0.296043128,
            "rotY": 269.999664,
            "rotZ": 359.567535,
            "scaleX": 0.9999997,
            "scaleY": 1.0,
            "scaleZ": 0.9999996
          },
          "Nickname": "",
          "Description": "",
          "GMNotes": "",
          "ColorDiffuse": {
            "r": 1.0,
            "g": 1.0,
            "b": 1.0
          },
          "Locked": false,
          "Grid": true,
          "Snap": true,
          "IgnoreFoW": false,
          "MeasureMovement": false,
          "DragSelectable": true,
          "Autoraise": true,
          "Sticky": true,
          "Tooltip": true,
          "GridProjection": false,
          "HideWhenFaceDown": false,
          "Hands": false,
          "CustomAssetbundle": {
            "AssetbundleURL": "http://cloud-3.steamusercontent.com/ugc/1484451359314543548/A90FF7AA35F16FE8CF6DAED0171ECECD30E970AA/",
            "AssetbundleSecondaryURL": "",
            "MaterialIndex": 3,
            "TypeIndex": 1,
            "LoopingEffectIndex": 0
          },
          "LuaScript": "",
          "LuaScriptState": "",
          "XmlUI": "",
          "GUID": "622d2a"
        }
      ]
    },
    {
      "Name": "Custom_Model",
      "Transform": {
        "posX": 3.1674087,
        "posY": 0.960002,
        "posZ": -1.76665151,
        "rotX": 7.97696248E-06,
        "rotY": 15.1848068,
        "rotZ": -5.68144969E-05,
        "scaleX": 1.0,
        "scaleY": 1.0,
        "scaleZ": 1.0
      },
      "Nickname": "visarc",
      "Description": "",
      "GMNotes": "",
      "ColorDiffuse": {
        "r": 0.0,
        "g": 0.0,
        "b": 0.0
      },
      "Locked": false,
      "Grid": true,
      "Snap": true,
      "IgnoreFoW": false,
      "MeasureMovement": false,
      "DragSelectable": true,
      "Autoraise": true,
      "Sticky": true,
      "Tooltip": true,
      "GridProjection": false,
      "HideWhenFaceDown": false,
      "Hands": false,
      "CustomMesh": {
        "MeshURL": "http://cloud-3.steamusercontent.com/ugc/1043093675415148094/DEAAD0D4F5771EC7613627CC0D74E011905986A8/",
        "DiffuseURL": "",
        "NormalURL": "",
        "ColliderURL": "http://cloud-3.steamusercontent.com/ugc/1043093675414907254/274B3A7DDF7DE1495626704FF1644A81D055BFB7/",
        "Convex": true,
        "MaterialIndex": 1,
        "TypeIndex": 1,
        "CustomShader": {
          "SpecularColor": {
            "r": 0.875,
            "g": 0.812880337,
            "b": 0.7463235
          },
          "SpecularIntensity": 0.05,
          "SpecularSharpness": 2.0,
          "FresnelStrength": 0.107142858
        },
        "CastShadows": true
      },
      "LuaScript": "",
      "LuaScriptState": "",
      "XmlUI": "",
      "GUID": "b93d8d",
      "ChildObjects": [
        {
          "Name": "Custom_Model",
          "Transform": {
            "posX": 3.935179E-06,
            "posY": 0.127393723,
            "posZ": 1.09142127E-06,
            "rotX": 0.000438887073,
            "rotY": 120.005554,
            "rotZ": 0.000902011059,
            "scaleX": 1.0000006,
            "scaleY": 1.0,
            "scaleZ": 1.0000006
          },
          "Nickname": "",
          "Description": "",
          "GMNotes": "",
          "ColorDiffuse": {
            "r": 1.0,
            "g": 1.0,
            "b": 1.0
          },
          "Locked": false,
          "Grid": true,
          "Snap": true,
          "IgnoreFoW": false,
          "MeasureMovement": false,
          "DragSelectable": true,
          "Autoraise": true,
          "Sticky": true,
          "Tooltip": true,
          "GridProjection": false,
          "HideWhenFaceDown": false,
          "Hands": false,
          "CustomMesh": {
            "MeshURL": "http://cloud-3.steamusercontent.com/ugc/1484451359314460496/93388DC87366E592CDDCBD931239EAC55B2AA697/",
            "DiffuseURL": "http://cloud-3.steamusercontent.com/ugc/1484451359314463684/A210CBC5550D47B06CFFD96AE78A60DBCADACEE7/",
            "NormalURL": "",
            "ColliderURL": "http://cloud-3.steamusercontent.com/ugc/1043093675414907254/274B3A7DDF7DE1495626704FF1644A81D055BFB7/",
            "Convex": true,
            "MaterialIndex": 3,
            "TypeIndex": 1,
            "CustomShader": {
              "SpecularColor": {
                "r": 1.0,
                "g": 1.0,
                "b": 1.0
              },
              "SpecularIntensity": 0.0,
              "SpecularSharpness": 2.0,
              "FresnelStrength": 0.0
            },
            "CastShadows": true
          },
          "LuaScript": "",
          "LuaScriptState": "",
          "XmlUI": "",
          "GUID": "935def"
        }
      ]
    },
    {
      "Name": "Custom_Model",
      "Transform": {
        "posX": 0.0883617848,
        "posY": 1.06623971,
        "posZ": -0.08453736,
        "rotX": 0.000193670116,
        "rotY": 150.006775,
        "rotZ": -0.000230823527,
        "scaleX": 1.52032471,
        "scaleY": 1.49999893,
        "scaleZ": 1.52032471
      },
      "Nickname": "Yncarne, Avatar of Ynnead",
      "Description": "",
      "GMNotes": "",
      "ColorDiffuse": {
        "r": 1.0,
        "g": 1.0,
        "b": 1.0
      },
      "Locked": false,
      "Grid": true,
      "Snap": false,
      "IgnoreFoW": false,
      "MeasureMovement": false,
      "DragSelectable": true,
      "Autoraise": true,
      "Sticky": true,
      "Tooltip": true,
      "GridProjection": false,
      "HideWhenFaceDown": false,
      "Hands": false,
      "CustomMesh": {
        "MeshURL": "http://cloud-3.steamusercontent.com/ugc/1652220763696982848/18CDE673CFA6CE665AF721482158E8E1D68CCFEA/",
        "DiffuseURL": "http://cloud-3.steamusercontent.com/ugc/1652220763696983366/EA89083BE80B162EBA7B4DA940F3B400D6732E3C/",
        "NormalURL": "",
        "ColliderURL": "http://cloud-3.steamusercontent.com/ugc/1043093675414910691/A38AFE0E8955841404269A62127443886ED1BD53/",
        "Convex": true,
        "MaterialIndex": 3,
        "TypeIndex": 0,
        "CustomShader": {
          "SpecularColor": {
            "r": 1.0,
            "g": 1.0,
            "b": 1.0
          },
          "SpecularIntensity": 0.0,
          "SpecularSharpness": 2.0,
          "FresnelStrength": 0.0
        },
        "CastShadows": true
      },
      "LuaScript": "",
      "LuaScriptState": "",
      "XmlUI": "",
      "GUID": "33a8d9",
      "ChildObjects": [
        {
          "Name": "Custom_Model",
          "Transform": {
            "posX": -0.0483741872,
            "posY": -0.07082631,
            "posZ": 0.006663962,
            "rotX": 0.000320637278,
            "rotY": 209.950073,
            "rotZ": -0.000120786237,
            "scaleX": 0.6577544,
            "scaleY": 0.6666672,
            "scaleZ": 0.6577544
          },
          "Nickname": "Yncarne",
          "Description": "",
          "GMNotes": "",
          "ColorDiffuse": {
            "r": 0.0,
            "g": 0.0,
            "b": 0.0
          },
          "Locked": true,
          "Grid": true,
          "Snap": true,
          "IgnoreFoW": false,
          "MeasureMovement": false,
          "DragSelectable": true,
          "Autoraise": true,
          "Sticky": true,
          "Tooltip": true,
          "GridProjection": false,
          "HideWhenFaceDown": false,
          "Hands": false,
          "CustomMesh": {
            "MeshURL": "http://cloud-3.steamusercontent.com/ugc/1043093675414914904/5BF90E2203B3A567A488BACE1647347D24BA2E71/",
            "DiffuseURL": "",
            "NormalURL": "",
            "ColliderURL": "http://cloud-3.steamusercontent.com/ugc/1043093675414914904/5BF90E2203B3A567A488BACE1647347D24BA2E71/",
            "Convex": true,
            "MaterialIndex": 1,
            "TypeIndex": 1,
            "CustomShader": {
              "SpecularColor": {
                "r": 0.875,
                "g": 0.812880337,
                "b": 0.7463235
              },
              "SpecularIntensity": 0.05,
              "SpecularSharpness": 2.0,
              "FresnelStrength": 0.107142858
            },
            "CastShadows": true
          },
          "LuaScript": "",
          "LuaScriptState": "",
          "XmlUI": "",
          "GUID": "c9489e",
          "ChildObjects": [
            {
              "Name": "Custom_Model",
              "Transform": {
                "posX": -0.000154613866,
                "posY": 0.1273958,
                "posZ": -6.298827E-05,
                "rotX": -0.000167928447,
                "rotY": -0.000109267778,
                "rotZ": -0.00020571721,
                "scaleX": 0.8683906,
                "scaleY": 1.03014743,
                "scaleZ": 0.664238334
              },
              "Nickname": "",
              "Description": "",
              "GMNotes": "",
              "ColorDiffuse": {
                "r": 1.0,
                "g": 1.0,
                "b": 1.0
              },
              "Locked": false,
              "Grid": true,
              "Snap": true,
              "IgnoreFoW": false,
              "MeasureMovement": false,
              "DragSelectable": true,
              "Autoraise": true,
              "Sticky": true,
              "Tooltip": true,
              "GridProjection": false,
              "HideWhenFaceDown": false,
              "Hands": false,
              "CustomMesh": {
                "MeshURL": "http://cloud-3.steamusercontent.com/ugc/1698381592956833292/6A0C19945DCC42E5D73FF7CD4FEAC0C42ACCAD2F/",
                "DiffuseURL": "http://cloud-3.steamusercontent.com/ugc/1698381592956835008/304ACA4405810D063C7249327DB0F1D3E34BA466/",
                "NormalURL": "",
                "ColliderURL": "http://cloud-3.steamusercontent.com/ugc/1043093675414910691/A38AFE0E8955841404269A62127443886ED1BD53/",
                "Convex": true,
                "MaterialIndex": 3,
                "TypeIndex": 1,
                "CustomShader": {
                  "SpecularColor": {
                    "r": 1.0,
                    "g": 1.0,
                    "b": 1.0
                  },
                  "SpecularIntensity": 0.0,
                  "SpecularSharpness": 2.0,
                  "FresnelStrength": 0.0
                },
                "CastShadows": true
              },
              "LuaScript": "",
              "LuaScriptState": "",
              "XmlUI": "",
              "GUID": "0b2ee7"
            }
          ]
        }
      ]
    }
  ],
  "LuaScript": "--[[ Lua code. See documentation: https://api.tabletopsimulator.com/ --]]\n\n--[[ The onLoad event is called after the game save finishes loading. --]]\nfunction onLoad()\n    --[[ print('onLoad!') --]]\nend\n\n--[[ The onUpdate event is called once per frame. --]]\nfunction onUpdate()\n    --[[ print('onUpdate loop!') --]]\nend",
  "LuaScriptState": "",
  "XmlUI": "<!-- Xml UI. See documentation: https://api.tabletopsimulator.com/ui/introUI/ -->",
  "VersionNumber": "v12.4.3"
}