{
  "SaveName": "9th Edition Secondary Objectives",
  "GameMode": "40k SO Cards",
  "Date": "8/7/2020 4:48:59 PM",
  "Gravity": 0.5,
  "PlayArea": 0.5,
  "GameType": "",
  "GameComplexity": "",
  "PlayingTime": [
    0,
    0
  ],
  "PlayerCounts": [
    0,
    0
  ],
  "Tags": [
    "Miniature Games",
    "Cards",
    "40k",
    "9th edition"
  ],
  "Table": "Table_Hexagon",
  "Sky": "Sky_Downtown",
  "Note": "",
  "Rules": "",
  "MusicPlayer": {
    "RepeatSong": true,
    "PlaylistEntry": -1,
    "CurrentAudioTitle": "Ultramarines Chant",
    "CurrentAudioURL": "http://cloud-3.steamusercontent.com/ugc/773976977327440295/17C1CAA1F70F178395E93C05E55946061E695598/",
    "AudioLibrary": [
      {
        "Item1": "http://cloud-3.steamusercontent.com/ugc/773976977327440295/17C1CAA1F70F178395E93C05E55946061E695598/",
        "Item2": "Ultramarines Chant"
      }
    ]
  },
  "Grid": {
    "Type": 0,
    "Lines": false,
    "Color": {
      "r": 0.0,
      "g": 0.0,
      "b": 0.0
    },
    "Opacity": 0.75,
    "ThickLines": false,
    "Snapping": false,
    "Offset": false,
    "BothSnapping": false,
    "xSize": 2.0,
    "ySize": 2.0,
    "PosOffset": {
      "x": 0.0,
      "y": 1.0,
      "z": 0.0
    }
  },
  "Lighting": {
    "LightIntensity": 0.54,
    "LightColor": {
      "r": 1.0,
      "g": 0.9804,
      "b": 0.8902
    },
    "AmbientIntensity": 1.3,
    "AmbientType": 0,
    "AmbientSkyColor": {
      "r": 0.5,
      "g": 0.5,
      "b": 0.5
    },
    "AmbientEquatorColor": {
      "r": 0.5,
      "g": 0.5,
      "b": 0.5
    },
    "AmbientGroundColor": {
      "r": 0.5,
      "g": 0.5,
      "b": 0.5
    },
    "ReflectionIntensity": 1.0,
    "LutIndex": 0,
    "LutContribution": 1.0
  },
  "Hands": {
    "Enable": true,
    "DisableUnused": false,
    "Hiding": 0,
    "HandTransforms": [
      {
        "Color": "Red",
        "Transform": {
          "posX": -13.642767,
          "posY": 3.57055473,
          "posZ": -7.488201,
          "rotX": 0.0,
          "rotY": 60.0000038,
          "rotZ": 0.0,
          "scaleX": 10.2686615,
          "scaleY": 6.63424635,
          "scaleZ": 4.89355373
        }
      },
      {
        "Color": "Yellow",
        "Transform": {
          "posX": -13.3167419,
          "posY": 3.57056427,
          "posZ": 8.302018,
          "rotX": 0.0,
          "rotY": 120.000015,
          "rotZ": 0.0,
          "scaleX": 10.2694912,
          "scaleY": 6.63424635,
          "scaleZ": 4.893569
        }
      },
      {
        "Color": "Blue",
        "Transform": {
          "posX": 13.5729141,
          "posY": 3.57098675,
          "posZ": 7.749158,
          "rotX": -8.93397646E-06,
          "rotY": 240.000031,
          "rotZ": 8.643905E-06,
          "scaleX": 10.2691422,
          "scaleY": 6.63424635,
          "scaleZ": 4.89371443
        }
      },
      {
        "Color": "White",
        "Transform": {
          "posX": -0.00018787384,
          "posY": 3.5707655,
          "posZ": -15.533596,
          "rotX": 2.5444431E-14,
          "rotY": 1.70754709E-06,
          "rotZ": -1.70754709E-06,
          "scaleX": 10.2680635,
          "scaleY": 6.63424635,
          "scaleZ": 4.893537
        }
      },
      {
        "Color": "Green",
        "Transform": {
          "posX": 0.0015630722,
          "posY": 3.57077026,
          "posZ": 15.5950193,
          "rotX": 0.0,
          "rotY": 180.0,
          "rotZ": 0.0,
          "scaleX": 10.2692394,
          "scaleY": 6.63424635,
          "scaleZ": 4.89408636
        }
      },
      {
        "Color": "Pink",
        "Transform": {
          "posX": 13.6821337,
          "posY": 3.57099438,
          "posZ": -7.407895,
          "rotX": 0.0,
          "rotY": 299.999969,
          "rotZ": 0.0,
          "scaleX": 10.2685184,
          "scaleY": 6.63424635,
          "scaleZ": 4.89321661
        }
      }
    ]
  },
  "Turns": {
    "Enable": false,
    "Type": 0,
    "TurnOrder": [],
    "Reverse": false,
    "SkipEmpty": false,
    "DisableInteractions": false,
    "PassTurns": true,
    "TurnColor": ""
  },
  "TabStates": {
    "0": {
      "title": "Rules",
      "body": "",
      "color": "Grey",
      "visibleColor": {
        "r": 0.5,
        "g": 0.5,
        "b": 0.5
      },
      "id": 0
    },
    "1": {
      "title": "White",
      "body": "",
      "color": "White",
      "visibleColor": {
        "r": 1.0,
        "g": 1.0,
        "b": 1.0
      },
      "id": 1
    },
    "2": {
      "title": "Brown",
      "body": "",
      "color": "Brown",
      "visibleColor": {
        "r": 0.443,
        "g": 0.231,
        "b": 0.09
      },
      "id": 2
    },
    "3": {
      "title": "Red",
      "body": "",
      "color": "Red",
      "visibleColor": {
        "r": 0.856,
        "g": 0.1,
        "b": 0.094
      },
      "id": 3
    },
    "4": {
      "title": "Orange",
      "body": "",
      "color": "Orange",
      "visibleColor": {
        "r": 0.956,
        "g": 0.392,
        "b": 0.113
      },
      "id": 4
    },
    "5": {
      "title": "Yellow",
      "body": "",
      "color": "Yellow",
      "visibleColor": {
        "r": 0.905,
        "g": 0.898,
        "b": 0.172
      },
      "id": 5
    },
    "6": {
      "title": "Green",
      "body": "",
      "color": "Green",
      "visibleColor": {
        "r": 0.192,
        "g": 0.701,
        "b": 0.168
      },
      "id": 6
    },
    "7": {
      "title": "Blue",
      "body": "",
      "color": "Blue",
      "visibleColor": {
        "r": 0.118,
        "g": 0.53,
        "b": 1.0
      },
      "id": 7
    },
    "8": {
      "title": "Teal",
      "body": "",
      "color": "Teal",
      "visibleColor": {
        "r": 0.129,
        "g": 0.694,
        "b": 0.607
      },
      "id": 8
    },
    "9": {
      "title": "Purple",
      "body": "",
      "color": "Purple",
      "visibleColor": {
        "r": 0.627,
        "g": 0.125,
        "b": 0.941
      },
      "id": 9
    },
    "10": {
      "title": "Pink",
      "body": "",
      "color": "Pink",
      "visibleColor": {
        "r": 0.96,
        "g": 0.439,
        "b": 0.807
      },
      "id": 10
    },
    "11": {
      "title": "Black",
      "body": "",
      "color": "Black",
      "visibleColor": {
        "r": 0.25,
        "g": 0.25,
        "b": 0.25
      },
      "id": 11
    }
  },
  "DecalPallet": [],
  "ObjectStates": [
    {
      "Name": "DeckCustom",
      "Transform": {
        "posX": -0.098556526,
        "posY": 1.06276989,
        "posZ": -0.177091509,
        "rotX": -1.65434108E-06,
        "rotY": 179.999878,
        "rotZ": 180.0,
        "scaleX": 1.0,
        "scaleY": 1.0,
        "scaleZ": 1.0
      },
      "Nickname": "40k 9th ed Secondary Objectives",
      "Description": "",
      "GMNotes": "",
      "ColorDiffuse": {
        "r": 0.713235259,
        "g": 0.713235259,
        "b": 0.713235259
      },
      "Locked": false,
      "Grid": true,
      "Snap": true,
      "IgnoreFoW": false,
      "MeasureMovement": false,
      "DragSelectable": true,
      "Autoraise": true,
      "Sticky": true,
      "Tooltip": true,
      "GridProjection": false,
      "HideWhenFaceDown": true,
      "Hands": false,
      "SidewaysCard": false,
      "DeckIDs": [
        3100,
        3101,
        3102,
        3103,
        3104,
        3105,
        3106,
        3107,
        3108,
        3109,
        3110,
        3111,
        3112,
        3113,
        3114,
        3115,
        3116
      ],
      "CustomDeck": {
        "31": {
          "FaceURL": "http://cloud-3.steamusercontent.com/ugc/1478822584565674975/3D11D91DAE929801592F6E87672F2D8FE66C30F0/",
          "BackURL": "http://cloud-3.steamusercontent.com/ugc/87094793645434723/6D9D530D21FC5B1180C3A0FD65EC469715BC5EDE/",
          "NumWidth": 6,
          "NumHeight": 7,
          "BackIsHidden": false,
          "UniqueBack": false,
          "Type": 0
        }
      },
      "LuaScript": "",
      "LuaScriptState": "",
      "XmlUI": "",
      "ContainedObjects": [
        {
          "Name": "Card",
          "Transform": {
            "posX": -0.0985562,
            "posY": 1.06276989,
            "posZ": -0.177091688,
            "rotX": -2.19313961E-06,
            "rotY": 179.999878,
            "rotZ": 180.0,
            "scaleX": 1.0,
            "scaleY": 1.0,
            "scaleZ": 1.0
          },
          "Nickname": "",
          "Description": "",
          "GMNotes": "",
          "ColorDiffuse": {
            "r": 0.713235259,
            "g": 0.713235259,
            "b": 0.713235259
          },
          "Locked": false,
          "Grid": true,
          "Snap": true,
          "IgnoreFoW": false,
          "MeasureMovement": false,
          "DragSelectable": true,
          "Autoraise": true,
          "Sticky": true,
          "Tooltip": true,
          "GridProjection": false,
          "Hands": true,
          "CardID": 3100,
          "SidewaysCard": false,
          "LuaScript": "",
          "LuaScriptState": "",
          "XmlUI": "",
          "ContainedObjects": [],
          "GUID": "6e4eed"
        },
        {
          "Name": "Card",
          "Transform": {
            "posX": -0.0985562,
            "posY": 1.06276989,
            "posZ": -0.177091688,
            "rotX": -2.19313961E-06,
            "rotY": 179.999878,
            "rotZ": 180.0,
            "scaleX": 1.0,
            "scaleY": 1.0,
            "scaleZ": 1.0
          },
          "Nickname": "",
          "Description": "",
          "GMNotes": "",
          "ColorDiffuse": {
            "r": 0.713235259,
            "g": 0.713235259,
            "b": 0.713235259
          },
          "Locked": false,
          "Grid": true,
          "Snap": true,
          "IgnoreFoW": false,
          "MeasureMovement": false,
          "DragSelectable": true,
          "Autoraise": true,
          "Sticky": true,
          "Tooltip": true,
          "GridProjection": false,
          "Hands": true,
          "CardID": 3101,
          "SidewaysCard": false,
          "LuaScript": "",
          "LuaScriptState": "",
          "XmlUI": "",
          "ContainedObjects": [],
          "GUID": "cee62d"
        },
        {
          "Name": "Card",
          "Transform": {
            "posX": -0.0985562,
            "posY": 1.06276989,
            "posZ": -0.177091688,
            "rotX": -2.19313961E-06,
            "rotY": 179.999878,
            "rotZ": 180.0,
            "scaleX": 1.0,
            "scaleY": 1.0,
            "scaleZ": 1.0
          },
          "Nickname": "",
          "Description": "",
          "GMNotes": "",
          "ColorDiffuse": {
            "r": 0.713235259,
            "g": 0.713235259,
            "b": 0.713235259
          },
          "Locked": false,
          "Grid": true,
          "Snap": true,
          "IgnoreFoW": false,
          "MeasureMovement": false,
          "DragSelectable": true,
          "Autoraise": true,
          "Sticky": true,
          "Tooltip": true,
          "GridProjection": false,
          "Hands": true,
          "CardID": 3102,
          "SidewaysCard": false,
          "LuaScript": "",
          "LuaScriptState": "",
          "XmlUI": "",
          "ContainedObjects": [],
          "GUID": "9855ad"
        },
        {
          "Name": "Card",
          "Transform": {
            "posX": -0.0985562,
            "posY": 1.06276989,
            "posZ": -0.177091688,
            "rotX": -2.19313961E-06,
            "rotY": 179.999878,
            "rotZ": 180.0,
            "scaleX": 1.0,
            "scaleY": 1.0,
            "scaleZ": 1.0
          },
          "Nickname": "",
          "Description": "",
          "GMNotes": "",
          "ColorDiffuse": {
            "r": 0.713235259,
            "g": 0.713235259,
            "b": 0.713235259
          },
          "Locked": false,
          "Grid": true,
          "Snap": true,
          "IgnoreFoW": false,
          "MeasureMovement": false,
          "DragSelectable": true,
          "Autoraise": true,
          "Sticky": true,
          "Tooltip": true,
          "GridProjection": false,
          "Hands": true,
          "CardID": 3103,
          "SidewaysCard": false,
          "LuaScript": "",
          "LuaScriptState": "",
          "XmlUI": "",
          "ContainedObjects": [],
          "GUID": "90ff37"
        },
        {
          "Name": "Card",
          "Transform": {
            "posX": -0.0985562,
            "posY": 1.06276989,
            "posZ": -0.177091688,
            "rotX": -2.19313961E-06,
            "rotY": 179.999878,
            "rotZ": 180.0,
            "scaleX": 1.0,
            "scaleY": 1.0,
            "scaleZ": 1.0
          },
          "Nickname": "",
          "Description": "",
          "GMNotes": "",
          "ColorDiffuse": {
            "r": 0.713235259,
            "g": 0.713235259,
            "b": 0.713235259
          },
          "Locked": false,
          "Grid": true,
          "Snap": true,
          "IgnoreFoW": false,
          "MeasureMovement": false,
          "DragSelectable": true,
          "Autoraise": true,
          "Sticky": true,
          "Tooltip": true,
          "GridProjection": false,
          "Hands": true,
          "CardID": 3104,
          "SidewaysCard": false,
          "LuaScript": "",
          "LuaScriptState": "",
          "XmlUI": "",
          "ContainedObjects": [],
          "GUID": "2b3fbe"
        },
        {
          "Name": "Card",
          "Transform": {
            "posX": -0.0985562,
            "posY": 1.06276989,
            "posZ": -0.177091688,
            "rotX": -2.19313961E-06,
            "rotY": 179.999878,
            "rotZ": 180.0,
            "scaleX": 1.0,
            "scaleY": 1.0,
            "scaleZ": 1.0
          },
          "Nickname": "",
          "Description": "",
          "GMNotes": "",
          "ColorDiffuse": {
            "r": 0.713235259,
            "g": 0.713235259,
            "b": 0.713235259
          },
          "Locked": false,
          "Grid": true,
          "Snap": true,
          "IgnoreFoW": false,
          "MeasureMovement": false,
          "DragSelectable": true,
          "Autoraise": true,
          "Sticky": true,
          "Tooltip": true,
          "GridProjection": false,
          "Hands": true,
          "CardID": 3105,
          "SidewaysCard": false,
          "LuaScript": "",
          "LuaScriptState": "",
          "XmlUI": "",
          "ContainedObjects": [],
          "GUID": "49fee0"
        },
        {
          "Name": "Card",
          "Transform": {
            "posX": -0.0985562,
            "posY": 1.06276989,
            "posZ": -0.177091688,
            "rotX": -2.19313961E-06,
            "rotY": 179.999878,
            "rotZ": 180.0,
            "scaleX": 1.0,
            "scaleY": 1.0,
            "scaleZ": 1.0
          },
          "Nickname": "",
          "Description": "",
          "GMNotes": "",
          "ColorDiffuse": {
            "r": 0.713235259,
            "g": 0.713235259,
            "b": 0.713235259
          },
          "Locked": false,
          "Grid": true,
          "Snap": true,
          "IgnoreFoW": false,
          "MeasureMovement": false,
          "DragSelectable": true,
          "Autoraise": true,
          "Sticky": true,
          "Tooltip": true,
          "GridProjection": false,
          "Hands": true,
          "CardID": 3106,
          "SidewaysCard": false,
          "LuaScript": "",
          "LuaScriptState": "",
          "XmlUI": "",
          "ContainedObjects": [],
          "GUID": "47abce"
        },
        {
          "Name": "Card",
          "Transform": {
            "posX": -0.0985562,
            "posY": 1.06276989,
            "posZ": -0.177091688,
            "rotX": -2.19313961E-06,
            "rotY": 179.999878,
            "rotZ": 180.0,
            "scaleX": 1.0,
            "scaleY": 1.0,
            "scaleZ": 1.0
          },
          "Nickname": "",
          "Description": "",
          "GMNotes": "",
          "ColorDiffuse": {
            "r": 0.713235259,
            "g": 0.713235259,
            "b": 0.713235259
          },
          "Locked": false,
          "Grid": true,
          "Snap": true,
          "IgnoreFoW": false,
          "MeasureMovement": false,
          "DragSelectable": true,
          "Autoraise": true,
          "Sticky": true,
          "Tooltip": true,
          "GridProjection": false,
          "Hands": true,
          "CardID": 3107,
          "SidewaysCard": false,
          "LuaScript": "",
          "LuaScriptState": "",
          "XmlUI": "",
          "ContainedObjects": [],
          "GUID": "f3e102"
        },
        {
          "Name": "Card",
          "Transform": {
            "posX": -0.0985562,
            "posY": 1.06276989,
            "posZ": -0.177091688,
            "rotX": -2.19313961E-06,
            "rotY": 179.999878,
            "rotZ": 180.0,
            "scaleX": 1.0,
            "scaleY": 1.0,
            "scaleZ": 1.0
          },
          "Nickname": "",
          "Description": "",
          "GMNotes": "",
          "ColorDiffuse": {
            "r": 0.713235259,
            "g": 0.713235259,
            "b": 0.713235259
          },
          "Locked": false,
          "Grid": true,
          "Snap": true,
          "IgnoreFoW": false,
          "MeasureMovement": false,
          "DragSelectable": true,
          "Autoraise": true,
          "Sticky": true,
          "Tooltip": true,
          "GridProjection": false,
          "Hands": true,
          "CardID": 3108,
          "SidewaysCard": false,
          "LuaScript": "",
          "LuaScriptState": "",
          "XmlUI": "",
          "ContainedObjects": [],
          "GUID": "76b954"
        },
        {
          "Name": "Card",
          "Transform": {
            "posX": -0.0985562,
            "posY": 1.06276989,
            "posZ": -0.177091688,
            "rotX": -2.19313961E-06,
            "rotY": 179.999878,
            "rotZ": 180.0,
            "scaleX": 1.0,
            "scaleY": 1.0,
            "scaleZ": 1.0
          },
          "Nickname": "",
          "Description": "",
          "GMNotes": "",
          "ColorDiffuse": {
            "r": 0.713235259,
            "g": 0.713235259,
            "b": 0.713235259
          },
          "Locked": false,
          "Grid": true,
          "Snap": true,
          "IgnoreFoW": false,
          "MeasureMovement": false,
          "DragSelectable": true,
          "Autoraise": true,
          "Sticky": true,
          "Tooltip": true,
          "GridProjection": false,
          "Hands": true,
          "CardID": 3109,
          "SidewaysCard": false,
          "LuaScript": "",
          "LuaScriptState": "",
          "XmlUI": "",
          "ContainedObjects": [],
          "GUID": "43fee9"
        },
        {
          "Name": "Card",
          "Transform": {
            "posX": -0.0985562,
            "posY": 1.06276989,
            "posZ": -0.177091688,
            "rotX": -2.19313961E-06,
            "rotY": 179.999878,
            "rotZ": 180.0,
            "scaleX": 1.0,
            "scaleY": 1.0,
            "scaleZ": 1.0
          },
          "Nickname": "",
          "Description": "",
          "GMNotes": "",
          "ColorDiffuse": {
            "r": 0.713235259,
            "g": 0.713235259,
            "b": 0.713235259
          },
          "Locked": false,
          "Grid": true,
          "Snap": true,
          "IgnoreFoW": false,
          "MeasureMovement": false,
          "DragSelectable": true,
          "Autoraise": true,
          "Sticky": true,
          "Tooltip": true,
          "GridProjection": false,
          "Hands": true,
          "CardID": 3110,
          "SidewaysCard": false,
          "LuaScript": "",
          "LuaScriptState": "",
          "XmlUI": "",
          "ContainedObjects": [],
          "GUID": "203ebf"
        },
        {
          "Name": "Card",
          "Transform": {
            "posX": -0.0985562,
            "posY": 1.06276989,
            "posZ": -0.177091688,
            "rotX": -2.19313961E-06,
            "rotY": 179.999878,
            "rotZ": 180.0,
            "scaleX": 1.0,
            "scaleY": 1.0,
            "scaleZ": 1.0
          },
          "Nickname": "",
          "Description": "",
          "GMNotes": "",
          "ColorDiffuse": {
            "r": 0.713235259,
            "g": 0.713235259,
            "b": 0.713235259
          },
          "Locked": false,
          "Grid": true,
          "Snap": true,
          "IgnoreFoW": false,
          "MeasureMovement": false,
          "DragSelectable": true,
          "Autoraise": true,
          "Sticky": true,
          "Tooltip": true,
          "GridProjection": false,
          "Hands": true,
          "CardID": 3111,
          "SidewaysCard": false,
          "LuaScript": "",
          "LuaScriptState": "",
          "XmlUI": "",
          "ContainedObjects": [],
          "GUID": "b899a6"
        },
        {
          "Name": "Card",
          "Transform": {
            "posX": -0.0985562,
            "posY": 1.06276989,
            "posZ": -0.177091688,
            "rotX": -2.19313961E-06,
            "rotY": 179.999878,
            "rotZ": 180.0,
            "scaleX": 1.0,
            "scaleY": 1.0,
            "scaleZ": 1.0
          },
          "Nickname": "",
          "Description": "",
          "GMNotes": "",
          "ColorDiffuse": {
            "r": 0.713235259,
            "g": 0.713235259,
            "b": 0.713235259
          },
          "Locked": false,
          "Grid": true,
          "Snap": true,
          "IgnoreFoW": false,
          "MeasureMovement": false,
          "DragSelectable": true,
          "Autoraise": true,
          "Sticky": true,
          "Tooltip": true,
          "GridProjection": false,
          "Hands": true,
          "CardID": 3112,
          "SidewaysCard": false,
          "LuaScript": "",
          "LuaScriptState": "",
          "XmlUI": "",
          "ContainedObjects": [],
          "GUID": "780522"
        },
        {
          "Name": "Card",
          "Transform": {
            "posX": -0.0985562,
            "posY": 1.06276989,
            "posZ": -0.177091688,
            "rotX": -2.19313961E-06,
            "rotY": 179.999878,
            "rotZ": 180.0,
            "scaleX": 1.0,
            "scaleY": 1.0,
            "scaleZ": 1.0
          },
          "Nickname": "",
          "Description": "",
          "GMNotes": "",
          "ColorDiffuse": {
            "r": 0.713235259,
            "g": 0.713235259,
            "b": 0.713235259
          },
          "Locked": false,
          "Grid": true,
          "Snap": true,
          "IgnoreFoW": false,
          "MeasureMovement": false,
          "DragSelectable": true,
          "Autoraise": true,
          "Sticky": true,
          "Tooltip": true,
          "GridProjection": false,
          "Hands": true,
          "CardID": 3113,
          "SidewaysCard": false,
          "LuaScript": "",
          "LuaScriptState": "",
          "XmlUI": "",
          "ContainedObjects": [],
          "GUID": "c2030c"
        },
        {
          "Name": "Card",
          "Transform": {
            "posX": -0.0985562,
            "posY": 1.06276989,
            "posZ": -0.177091688,
            "rotX": -2.19313961E-06,
            "rotY": 179.999878,
            "rotZ": 180.0,
            "scaleX": 1.0,
            "scaleY": 1.0,
            "scaleZ": 1.0
          },
          "Nickname": "",
          "Description": "",
          "GMNotes": "",
          "ColorDiffuse": {
            "r": 0.713235259,
            "g": 0.713235259,
            "b": 0.713235259
          },
          "Locked": false,
          "Grid": true,
          "Snap": true,
          "IgnoreFoW": false,
          "MeasureMovement": false,
          "DragSelectable": true,
          "Autoraise": true,
          "Sticky": true,
          "Tooltip": true,
          "GridProjection": false,
          "Hands": true,
          "CardID": 3114,
          "SidewaysCard": false,
          "LuaScript": "",
          "LuaScriptState": "",
          "XmlUI": "",
          "ContainedObjects": [],
          "GUID": "fe5308"
        },
        {
          "Name": "Card",
          "Transform": {
            "posX": -0.0985562,
            "posY": 1.06276989,
            "posZ": -0.177091688,
            "rotX": -2.19313961E-06,
            "rotY": 179.999878,
            "rotZ": 180.0,
            "scaleX": 1.0,
            "scaleY": 1.0,
            "scaleZ": 1.0
          },
          "Nickname": "",
          "Description": "",
          "GMNotes": "",
          "ColorDiffuse": {
            "r": 0.713235259,
            "g": 0.713235259,
            "b": 0.713235259
          },
          "Locked": false,
          "Grid": true,
          "Snap": true,
          "IgnoreFoW": false,
          "MeasureMovement": false,
          "DragSelectable": true,
          "Autoraise": true,
          "Sticky": true,
          "Tooltip": true,
          "GridProjection": false,
          "Hands": true,
          "CardID": 3115,
          "SidewaysCard": false,
          "LuaScript": "",
          "LuaScriptState": "",
          "XmlUI": "",
          "ContainedObjects": [],
          "GUID": "b5fa68"
        },
        {
          "Name": "Card",
          "Transform": {
            "posX": -0.0985562,
            "posY": 1.06276989,
            "posZ": -0.177091688,
            "rotX": -2.19313961E-06,
            "rotY": 179.999878,
            "rotZ": 180.0,
            "scaleX": 1.0,
            "scaleY": 1.0,
            "scaleZ": 1.0
          },
          "Nickname": "",
          "Description": "",
          "GMNotes": "",
          "ColorDiffuse": {
            "r": 0.713235259,
            "g": 0.713235259,
            "b": 0.713235259
          },
          "Locked": false,
          "Grid": true,
          "Snap": true,
          "IgnoreFoW": false,
          "MeasureMovement": false,
          "DragSelectable": true,
          "Autoraise": true,
          "Sticky": true,
          "Tooltip": true,
          "GridProjection": false,
          "Hands": true,
          "CardID": 3116,
          "SidewaysCard": false,
          "LuaScript": "",
          "LuaScriptState": "",
          "XmlUI": "",
          "ContainedObjects": [],
          "GUID": "a213b1"
        }
      ],
      "GUID": "46fd86"
    },
    {
      "Name": "Card",
      "Transform": {
        "posX": 5.299118,
        "posY": 0.973646462,
        "posZ": -3.318517,
        "rotX": 4.3715816E-05,
        "rotY": 180.000061,
        "rotZ": -0.00200231257,
        "scaleX": 1.0,
        "scaleY": 1.0,
        "scaleZ": 1.0
      },
      "Nickname": "",
      "Description": "",
      "GMNotes": "",
      "ColorDiffuse": {
        "r": 0.713235259,
        "g": 0.713235259,
        "b": 0.713235259
      },
      "Locked": false,
      "Grid": true,
      "Snap": true,
      "IgnoreFoW": false,
      "MeasureMovement": false,
      "DragSelectable": true,
      "Autoraise": true,
      "Sticky": true,
      "Tooltip": true,
      "GridProjection": false,
      "HideWhenFaceDown": true,
      "Hands": true,
      "CardID": 2816,
      "SidewaysCard": false,
      "CustomDeck": {
        "28": {
          "FaceURL": "http://cloud-3.steamusercontent.com/ugc/1297549742970695504/F102AAC58239C5FF6452D3F4EE61BD0C4DBA95F0/",
          "BackURL": "http://cloud-3.steamusercontent.com/ugc/87094793645434723/6D9D530D21FC5B1180C3A0FD65EC469715BC5EDE/",
          "NumWidth": 6,
          "NumHeight": 7,
          "BackIsHidden": false,
          "UniqueBack": false,
          "Type": 0
        }
      },
      "LuaScript": "",
      "LuaScriptState": "",
      "XmlUI": "",
      "GUID": "80ef69"
    },
    {
      "Name": "Card",
      "Transform": {
        "posX": 5.312092,
        "posY": 1.02323651,
        "posZ": -4.43148565,
        "rotX": 0.0225386638,
        "rotY": 180.000137,
        "rotZ": -0.00275573484,
        "scaleX": 1.0,
        "scaleY": 1.0,
        "scaleZ": 1.0
      },
      "Nickname": "",
      "Description": "",
      "GMNotes": "",
      "ColorDiffuse": {
        "r": 0.713235259,
        "g": 0.713235259,
        "b": 0.713235259
      },
      "Locked": false,
      "Grid": true,
      "Snap": true,
      "IgnoreFoW": false,
      "MeasureMovement": false,
      "DragSelectable": true,
      "Autoraise": true,
      "Sticky": true,
      "Tooltip": true,
      "GridProjection": false,
      "HideWhenFaceDown": true,
      "Hands": true,
      "CardID": 2815,
      "SidewaysCard": false,
      "CustomDeck": {
        "28": {
          "FaceURL": "http://cloud-3.steamusercontent.com/ugc/1297549742970695504/F102AAC58239C5FF6452D3F4EE61BD0C4DBA95F0/",
          "BackURL": "http://cloud-3.steamusercontent.com/ugc/87094793645434723/6D9D530D21FC5B1180C3A0FD65EC469715BC5EDE/",
          "NumWidth": 6,
          "NumHeight": 7,
          "BackIsHidden": false,
          "UniqueBack": false,
          "Type": 0
        }
      },
      "LuaScript": "",
      "LuaScriptState": "",
      "XmlUI": "",
      "GUID": "e0c6b6"
    },
    {
      "Name": "Card",
      "Transform": {
        "posX": 2.60817933,
        "posY": 1.02322221,
        "posZ": -4.46823549,
        "rotX": 0.0239697639,
        "rotY": 179.998932,
        "rotZ": 0.00116745452,
        "scaleX": 1.0,
        "scaleY": 1.0,
        "scaleZ": 1.0
      },
      "Nickname": "",
      "Description": "",
      "GMNotes": "",
      "ColorDiffuse": {
        "r": 0.713235259,
        "g": 0.713235259,
        "b": 0.713235259
      },
      "Locked": false,
      "Grid": true,
      "Snap": true,
      "IgnoreFoW": false,
      "MeasureMovement": false,
      "DragSelectable": true,
      "Autoraise": true,
      "Sticky": true,
      "Tooltip": true,
      "GridProjection": false,
      "HideWhenFaceDown": true,
      "Hands": true,
      "CardID": 2812,
      "SidewaysCard": false,
      "CustomDeck": {
        "28": {
          "FaceURL": "http://cloud-3.steamusercontent.com/ugc/1297549742970695504/F102AAC58239C5FF6452D3F4EE61BD0C4DBA95F0/",
          "BackURL": "http://cloud-3.steamusercontent.com/ugc/87094793645434723/6D9D530D21FC5B1180C3A0FD65EC469715BC5EDE/",
          "NumWidth": 6,
          "NumHeight": 7,
          "BackIsHidden": false,
          "UniqueBack": false,
          "Type": 0
        }
      },
      "LuaScript": "",
      "LuaScriptState": "",
      "XmlUI": "",
      "GUID": "26d03e"
    },
    {
      "Name": "Card",
      "Transform": {
        "posX": 2.60652375,
        "posY": 1.073027,
        "posZ": -5.4641,
        "rotX": 0.0239697583,
        "rotY": 179.998718,
        "rotZ": 0.00116741436,
        "scaleX": 1.0,
        "scaleY": 1.0,
        "scaleZ": 1.0
      },
      "Nickname": "",
      "Description": "",
      "GMNotes": "",
      "ColorDiffuse": {
        "r": 0.713235259,
        "g": 0.713235259,
        "b": 0.713235259
      },
      "Locked": false,
      "Grid": true,
      "Snap": true,
      "IgnoreFoW": false,
      "MeasureMovement": false,
      "DragSelectable": true,
      "Autoraise": true,
      "Sticky": true,
      "Tooltip": true,
      "GridProjection": false,
      "HideWhenFaceDown": true,
      "Hands": true,
      "CardID": 2811,
      "SidewaysCard": false,
      "CustomDeck": {
        "28": {
          "FaceURL": "http://cloud-3.steamusercontent.com/ugc/1297549742970695504/F102AAC58239C5FF6452D3F4EE61BD0C4DBA95F0/",
          "BackURL": "http://cloud-3.steamusercontent.com/ugc/87094793645434723/6D9D530D21FC5B1180C3A0FD65EC469715BC5EDE/",
          "NumWidth": 6,
          "NumHeight": 7,
          "BackIsHidden": false,
          "UniqueBack": false,
          "Type": 0
        }
      },
      "LuaScript": "",
      "LuaScriptState": "",
      "XmlUI": "",
      "GUID": "4ebbd1"
    },
    {
      "Name": "Card",
      "Transform": {
        "posX": -0.15309833,
        "posY": 0.973548949,
        "posZ": -3.47482777,
        "rotX": -0.00292389444,
        "rotY": 180.000046,
        "rotZ": -0.0006282259,
        "scaleX": 1.0,
        "scaleY": 1.0,
        "scaleZ": 1.0
      },
      "Nickname": "",
      "Description": "",
      "GMNotes": "",
      "ColorDiffuse": {
        "r": 0.713235259,
        "g": 0.713235259,
        "b": 0.713235259
      },
      "Locked": false,
      "Grid": true,
      "Snap": true,
      "IgnoreFoW": false,
      "MeasureMovement": false,
      "DragSelectable": true,
      "Autoraise": true,
      "Sticky": true,
      "Tooltip": true,
      "GridProjection": false,
      "HideWhenFaceDown": true,
      "Hands": true,
      "CardID": 2810,
      "SidewaysCard": false,
      "CustomDeck": {
        "28": {
          "FaceURL": "http://cloud-3.steamusercontent.com/ugc/1297549742970695504/F102AAC58239C5FF6452D3F4EE61BD0C4DBA95F0/",
          "BackURL": "http://cloud-3.steamusercontent.com/ugc/87094793645434723/6D9D530D21FC5B1180C3A0FD65EC469715BC5EDE/",
          "NumWidth": 6,
          "NumHeight": 7,
          "BackIsHidden": false,
          "UniqueBack": false,
          "Type": 0
        }
      },
      "LuaScript": "",
      "LuaScriptState": "",
      "XmlUI": "",
      "GUID": "080470"
    },
    {
      "Name": "Card",
      "Transform": {
        "posX": -0.178738147,
        "posY": 1.02329779,
        "posZ": -4.418645,
        "rotX": 0.0135709252,
        "rotY": 180.000046,
        "rotZ": -0.00153195066,
        "scaleX": 1.0,
        "scaleY": 1.0,
        "scaleZ": 1.0
      },
      "Nickname": "",
      "Description": "",
      "GMNotes": "",
      "ColorDiffuse": {
        "r": 0.713235259,
        "g": 0.713235259,
        "b": 0.713235259
      },
      "Locked": false,
      "Grid": true,
      "Snap": true,
      "IgnoreFoW": false,
      "MeasureMovement": false,
      "DragSelectable": true,
      "Autoraise": true,
      "Sticky": true,
      "Tooltip": true,
      "GridProjection": false,
      "HideWhenFaceDown": true,
      "Hands": true,
      "CardID": 2809,
      "SidewaysCard": false,
      "CustomDeck": {
        "28": {
          "FaceURL": "http://cloud-3.steamusercontent.com/ugc/1297549742970695504/F102AAC58239C5FF6452D3F4EE61BD0C4DBA95F0/",
          "BackURL": "http://cloud-3.steamusercontent.com/ugc/87094793645434723/6D9D530D21FC5B1180C3A0FD65EC469715BC5EDE/",
          "NumWidth": 6,
          "NumHeight": 7,
          "BackIsHidden": false,
          "UniqueBack": false,
          "Type": 0
        }
      },
      "LuaScript": "",
      "LuaScriptState": "",
      "XmlUI": "",
      "GUID": "112576"
    },
    {
      "Name": "Card",
      "Transform": {
        "posX": -0.18003802,
        "posY": 1.07329774,
        "posZ": -5.417226,
        "rotX": 0.01357093,
        "rotY": 179.999939,
        "rotZ": -0.00153195113,
        "scaleX": 1.0,
        "scaleY": 1.0,
        "scaleZ": 1.0
      },
      "Nickname": "",
      "Description": "",
      "GMNotes": "",
      "ColorDiffuse": {
        "r": 0.713235259,
        "g": 0.713235259,
        "b": 0.713235259
      },
      "Locked": false,
      "Grid": true,
      "Snap": true,
      "IgnoreFoW": false,
      "MeasureMovement": false,
      "DragSelectable": true,
      "Autoraise": true,
      "Sticky": true,
      "Tooltip": true,
      "GridProjection": false,
      "HideWhenFaceDown": true,
      "Hands": true,
      "CardID": 2808,
      "SidewaysCard": false,
      "CustomDeck": {
        "28": {
          "FaceURL": "http://cloud-3.steamusercontent.com/ugc/1297549742970695504/F102AAC58239C5FF6452D3F4EE61BD0C4DBA95F0/",
          "BackURL": "http://cloud-3.steamusercontent.com/ugc/87094793645434723/6D9D530D21FC5B1180C3A0FD65EC469715BC5EDE/",
          "NumWidth": 6,
          "NumHeight": 7,
          "BackIsHidden": false,
          "UniqueBack": false,
          "Type": 0
        }
      },
      "LuaScript": "",
      "LuaScriptState": "",
      "XmlUI": "",
      "GUID": "4ba27a"
    },
    {
      "Name": "Card",
      "Transform": {
        "posX": -2.84062552,
        "posY": 0.973933458,
        "posZ": -3.41089678,
        "rotX": 0.000238379114,
        "rotY": 180.000183,
        "rotZ": 0.0160193443,
        "scaleX": 1.0,
        "scaleY": 1.0,
        "scaleZ": 1.0
      },
      "Nickname": "",
      "Description": "",
      "GMNotes": "",
      "ColorDiffuse": {
        "r": 0.713235259,
        "g": 0.713235259,
        "b": 0.713235259
      },
      "Locked": false,
      "Grid": true,
      "Snap": true,
      "IgnoreFoW": false,
      "MeasureMovement": false,
      "DragSelectable": true,
      "Autoraise": true,
      "Sticky": true,
      "Tooltip": true,
      "GridProjection": false,
      "HideWhenFaceDown": true,
      "Hands": true,
      "CardID": 2806,
      "SidewaysCard": false,
      "CustomDeck": {
        "28": {
          "FaceURL": "http://cloud-3.steamusercontent.com/ugc/1297549742970695504/F102AAC58239C5FF6452D3F4EE61BD0C4DBA95F0/",
          "BackURL": "http://cloud-3.steamusercontent.com/ugc/87094793645434723/6D9D530D21FC5B1180C3A0FD65EC469715BC5EDE/",
          "NumWidth": 6,
          "NumHeight": 7,
          "BackIsHidden": false,
          "UniqueBack": false,
          "Type": 0
        }
      },
      "LuaScript": "",
      "LuaScriptState": "",
      "XmlUI": "",
      "GUID": "333ebb"
    },
    {
      "Name": "Card",
      "Transform": {
        "posX": -2.83869958,
        "posY": 1.02279818,
        "posZ": -4.335518,
        "rotX": 0.08450373,
        "rotY": 180.000778,
        "rotZ": 0.009468064,
        "scaleX": 1.0,
        "scaleY": 1.0,
        "scaleZ": 1.0
      },
      "Nickname": "",
      "Description": "",
      "GMNotes": "",
      "ColorDiffuse": {
        "r": 0.713235259,
        "g": 0.713235259,
        "b": 0.713235259
      },
      "Locked": false,
      "Grid": true,
      "Snap": true,
      "IgnoreFoW": false,
      "MeasureMovement": false,
      "DragSelectable": true,
      "Autoraise": true,
      "Sticky": true,
      "Tooltip": true,
      "GridProjection": false,
      "HideWhenFaceDown": true,
      "Hands": true,
      "CardID": 2804,
      "SidewaysCard": false,
      "CustomDeck": {
        "28": {
          "FaceURL": "http://cloud-3.steamusercontent.com/ugc/1297549742970695504/F102AAC58239C5FF6452D3F4EE61BD0C4DBA95F0/",
          "BackURL": "http://cloud-3.steamusercontent.com/ugc/87094793645434723/6D9D530D21FC5B1180C3A0FD65EC469715BC5EDE/",
          "NumWidth": 6,
          "NumHeight": 7,
          "BackIsHidden": false,
          "UniqueBack": false,
          "Type": 0
        }
      },
      "LuaScript": "",
      "LuaScriptState": "",
      "XmlUI": "",
      "GUID": "15d85a"
    },
    {
      "Name": "Card",
      "Transform": {
        "posX": -5.596329,
        "posY": 0.9738451,
        "posZ": -3.391748,
        "rotX": 0.0109512731,
        "rotY": 180.000229,
        "rotZ": -0.00270631444,
        "scaleX": 1.0,
        "scaleY": 1.0,
        "scaleZ": 1.0
      },
      "Nickname": "",
      "Description": "",
      "GMNotes": "",
      "ColorDiffuse": {
        "r": 0.713235259,
        "g": 0.713235259,
        "b": 0.713235259
      },
      "Locked": false,
      "Grid": true,
      "Snap": true,
      "IgnoreFoW": false,
      "MeasureMovement": false,
      "DragSelectable": true,
      "Autoraise": true,
      "Sticky": true,
      "Tooltip": true,
      "GridProjection": false,
      "HideWhenFaceDown": true,
      "Hands": true,
      "CardID": 2803,
      "SidewaysCard": false,
      "CustomDeck": {
        "28": {
          "FaceURL": "http://cloud-3.steamusercontent.com/ugc/1297549742970695504/F102AAC58239C5FF6452D3F4EE61BD0C4DBA95F0/",
          "BackURL": "http://cloud-3.steamusercontent.com/ugc/87094793645434723/6D9D530D21FC5B1180C3A0FD65EC469715BC5EDE/",
          "NumWidth": 6,
          "NumHeight": 7,
          "BackIsHidden": false,
          "UniqueBack": false,
          "Type": 0
        }
      },
      "LuaScript": "",
      "LuaScriptState": "",
      "XmlUI": "",
      "GUID": "dd6821"
    },
    {
      "Name": "Card",
      "Transform": {
        "posX": -5.582067,
        "posY": 1.02254915,
        "posZ": -4.505687,
        "rotX": 0.08097782,
        "rotY": 180.000046,
        "rotZ": -0.00306739938,
        "scaleX": 1.0,
        "scaleY": 1.0,
        "scaleZ": 1.0
      },
      "Nickname": "",
      "Description": "",
      "GMNotes": "",
      "ColorDiffuse": {
        "r": 0.713235259,
        "g": 0.713235259,
        "b": 0.713235259
      },
      "Locked": false,
      "Grid": true,
      "Snap": true,
      "IgnoreFoW": false,
      "MeasureMovement": false,
      "DragSelectable": true,
      "Autoraise": true,
      "Sticky": true,
      "Tooltip": true,
      "GridProjection": false,
      "HideWhenFaceDown": true,
      "Hands": true,
      "CardID": 2802,
      "SidewaysCard": false,
      "CustomDeck": {
        "28": {
          "FaceURL": "http://cloud-3.steamusercontent.com/ugc/1297549742970695504/F102AAC58239C5FF6452D3F4EE61BD0C4DBA95F0/",
          "BackURL": "http://cloud-3.steamusercontent.com/ugc/87094793645434723/6D9D530D21FC5B1180C3A0FD65EC469715BC5EDE/",
          "NumWidth": 6,
          "NumHeight": 7,
          "BackIsHidden": false,
          "UniqueBack": false,
          "Type": 0
        }
      },
      "LuaScript": "",
      "LuaScriptState": "",
      "XmlUI": "",
      "GUID": "6b082d"
    },
    {
      "Name": "Card",
      "Transform": {
        "posX": -5.59585476,
        "posY": 1.071426,
        "posZ": -5.426945,
        "rotX": 0.0809778646,
        "rotY": 179.999832,
        "rotZ": -0.00306767575,
        "scaleX": 1.0,
        "scaleY": 1.0,
        "scaleZ": 1.0
      },
      "Nickname": "",
      "Description": "",
      "GMNotes": "",
      "ColorDiffuse": {
        "r": 0.713235259,
        "g": 0.713235259,
        "b": 0.713235259
      },
      "Locked": false,
      "Grid": true,
      "Snap": true,
      "IgnoreFoW": false,
      "MeasureMovement": false,
      "DragSelectable": true,
      "Autoraise": true,
      "Sticky": true,
      "Tooltip": true,
      "GridProjection": false,
      "HideWhenFaceDown": true,
      "Hands": true,
      "CardID": 2801,
      "SidewaysCard": false,
      "CustomDeck": {
        "28": {
          "FaceURL": "http://cloud-3.steamusercontent.com/ugc/1297549742970695504/F102AAC58239C5FF6452D3F4EE61BD0C4DBA95F0/",
          "BackURL": "http://cloud-3.steamusercontent.com/ugc/87094793645434723/6D9D530D21FC5B1180C3A0FD65EC469715BC5EDE/",
          "NumWidth": 6,
          "NumHeight": 7,
          "BackIsHidden": false,
          "UniqueBack": false,
          "Type": 0
        }
      },
      "LuaScript": "",
      "LuaScriptState": "",
      "XmlUI": "",
      "GUID": "e58edb"
    },
    {
      "Name": "Card",
      "Transform": {
        "posX": -5.64528036,
        "posY": 1.12239563,
        "posZ": -6.376392,
        "rotX": 0.099217,
        "rotY": 180.001114,
        "rotZ": -0.00316121941,
        "scaleX": 1.0,
        "scaleY": 1.0,
        "scaleZ": 1.0
      },
      "Nickname": "",
      "Description": "",
      "GMNotes": "",
      "ColorDiffuse": {
        "r": 0.713235259,
        "g": 0.713235259,
        "b": 0.713235259
      },
      "Locked": false,
      "Grid": true,
      "Snap": true,
      "IgnoreFoW": false,
      "MeasureMovement": false,
      "DragSelectable": true,
      "Autoraise": true,
      "Sticky": true,
      "Tooltip": true,
      "GridProjection": false,
      "HideWhenFaceDown": true,
      "Hands": true,
      "CardID": 2800,
      "SidewaysCard": false,
      "CustomDeck": {
        "28": {
          "FaceURL": "http://cloud-3.steamusercontent.com/ugc/1297549742970695504/F102AAC58239C5FF6452D3F4EE61BD0C4DBA95F0/",
          "BackURL": "http://cloud-3.steamusercontent.com/ugc/87094793645434723/6D9D530D21FC5B1180C3A0FD65EC469715BC5EDE/",
          "NumWidth": 6,
          "NumHeight": 7,
          "BackIsHidden": false,
          "UniqueBack": false,
          "Type": 0
        }
      },
      "LuaScript": "",
      "LuaScriptState": "",
      "XmlUI": "",
      "GUID": "24ac29"
    },
    {
      "Name": "Card",
      "Transform": {
        "posX": -2.84444213,
        "posY": 1.07140267,
        "posZ": -5.41999865,
        "rotX": 0.08450384,
        "rotY": 180.000351,
        "rotZ": 0.009467496,
        "scaleX": 1.0,
        "scaleY": 1.0,
        "scaleZ": 1.0
      },
      "Nickname": "",
      "Description": "",
      "GMNotes": "",
      "ColorDiffuse": {
        "r": 0.713235259,
        "g": 0.713235259,
        "b": 0.713235259
      },
      "Locked": false,
      "Grid": true,
      "Snap": true,
      "IgnoreFoW": false,
      "MeasureMovement": false,
      "DragSelectable": true,
      "Autoraise": true,
      "Sticky": true,
      "Tooltip": true,
      "GridProjection": false,
      "HideWhenFaceDown": true,
      "Hands": true,
      "CardID": 2907,
      "SidewaysCard": false,
      "CustomDeck": {
        "29": {
          "FaceURL": "http://cloud-3.steamusercontent.com/ugc/1297549742973874411/906C3FCC1872AE36886F03B8B0E44AFDAA7C10C6/",
          "BackURL": "http://cloud-3.steamusercontent.com/ugc/87094793645434723/6D9D530D21FC5B1180C3A0FD65EC469715BC5EDE/",
          "NumWidth": 6,
          "NumHeight": 7,
          "BackIsHidden": false,
          "UniqueBack": false,
          "Type": 0
        }
      },
      "LuaScript": "",
      "LuaScriptState": "",
      "XmlUI": "",
      "GUID": "cafc66"
    },
    {
      "Name": "Card",
      "Transform": {
        "posX": -2.83382654,
        "posY": 1.12218535,
        "posZ": -6.3879447,
        "rotX": 0.105162829,
        "rotY": 179.995819,
        "rotZ": 0.005918828,
        "scaleX": 1.0,
        "scaleY": 1.0,
        "scaleZ": 1.0
      },
      "Nickname": "",
      "Description": "",
      "GMNotes": "",
      "ColorDiffuse": {
        "r": 0.713235259,
        "g": 0.713235259,
        "b": 0.713235259
      },
      "Locked": false,
      "Grid": true,
      "Snap": true,
      "IgnoreFoW": false,
      "MeasureMovement": false,
      "DragSelectable": true,
      "Autoraise": true,
      "Sticky": true,
      "Tooltip": true,
      "GridProjection": false,
      "HideWhenFaceDown": true,
      "Hands": true,
      "CardID": 2905,
      "SidewaysCard": false,
      "CustomDeck": {
        "29": {
          "FaceURL": "http://cloud-3.steamusercontent.com/ugc/1297549742973874411/906C3FCC1872AE36886F03B8B0E44AFDAA7C10C6/",
          "BackURL": "http://cloud-3.steamusercontent.com/ugc/87094793645434723/6D9D530D21FC5B1180C3A0FD65EC469715BC5EDE/",
          "NumWidth": 6,
          "NumHeight": 7,
          "BackIsHidden": false,
          "UniqueBack": false,
          "Type": 0
        }
      },
      "LuaScript": "",
      "LuaScriptState": "",
      "XmlUI": "",
      "GUID": "4b156b"
    },
    {
      "Name": "Card",
      "Transform": {
        "posX": 2.601254,
        "posY": 0.9736435,
        "posZ": -3.4257586,
        "rotX": 0.0005457329,
        "rotY": 179.998825,
        "rotZ": 0.00123395654,
        "scaleX": 1.0,
        "scaleY": 1.0,
        "scaleZ": 1.0
      },
      "Nickname": "",
      "Description": "",
      "GMNotes": "",
      "ColorDiffuse": {
        "r": 0.713235259,
        "g": 0.713235259,
        "b": 0.713235259
      },
      "Locked": false,
      "Grid": true,
      "Snap": true,
      "IgnoreFoW": false,
      "MeasureMovement": false,
      "DragSelectable": true,
      "Autoraise": true,
      "Sticky": true,
      "Tooltip": true,
      "GridProjection": false,
      "HideWhenFaceDown": true,
      "Hands": true,
      "CardID": 3013,
      "SidewaysCard": false,
      "CustomDeck": {
        "30": {
          "FaceURL": "http://cloud-3.steamusercontent.com/ugc/1335830850556496974/D6F21F4E31039C49661BB81DD27858541C4D4540/",
          "BackURL": "http://cloud-3.steamusercontent.com/ugc/87094793645434723/6D9D530D21FC5B1180C3A0FD65EC469715BC5EDE/",
          "NumWidth": 6,
          "NumHeight": 7,
          "BackIsHidden": false,
          "UniqueBack": false,
          "Type": 0
        }
      },
      "LuaScript": "",
      "LuaScriptState": "",
      "XmlUI": "",
      "GUID": "b5085f"
    },
    {
      "Name": "Card",
      "Transform": {
        "posX": 5.2934103,
        "posY": 1.07328427,
        "posZ": -5.42906046,
        "rotX": 0.0225388482,
        "rotY": 180.010544,
        "rotZ": -0.00275624241,
        "scaleX": 1.0,
        "scaleY": 1.0,
        "scaleZ": 1.0
      },
      "Nickname": "",
      "Description": "",
      "GMNotes": "",
      "ColorDiffuse": {
        "r": 0.713235259,
        "g": 0.713235259,
        "b": 0.713235259
      },
      "Locked": false,
      "Grid": true,
      "Snap": true,
      "IgnoreFoW": false,
      "MeasureMovement": false,
      "DragSelectable": true,
      "Autoraise": true,
      "Sticky": true,
      "Tooltip": true,
      "GridProjection": false,
      "HideWhenFaceDown": true,
      "Hands": true,
      "CardID": 3114,
      "SidewaysCard": false,
      "CustomDeck": {
        "31": {
          "FaceURL": "http://cloud-3.steamusercontent.com/ugc/1478822584565674975/3D11D91DAE929801592F6E87672F2D8FE66C30F0/",
          "BackURL": "http://cloud-3.steamusercontent.com/ugc/87094793645434723/6D9D530D21FC5B1180C3A0FD65EC469715BC5EDE/",
          "NumWidth": 6,
          "NumHeight": 7,
          "BackIsHidden": false,
          "UniqueBack": false,
          "Type": 0
        }
      },
      "LuaScript": "",
      "LuaScriptState": "",
      "XmlUI": "",
      "GUID": "fe5308"
    }
  ],
  "LuaScript": "--[[ Lua code. See documentation: https://api.tabletopsimulator.com/ --]]\n\n--[[ The onLoad event is called after the game save finishes loading. --]]\nfunction onLoad()\n    --[[ print('onLoad!') --]]\nend\n\n--[[ The onUpdate event is called once per frame. --]]\nfunction onUpdate()\n    --[[ print('onUpdate loop!') --]]\nend",
  "LuaScriptState": "",
  "XmlUI": "<!-- Xml UI. See documentation: https://api.tabletopsimulator.com/ui/introUI/ -->",
  "VersionNumber": "v12.4.3"
}