{
  "SaveName": "Black Templar Supplement Units",
  "GameMode": "Flex Table",
  "Date": "10/4/2020 12:06:26 AM",
  "Gravity": 0.5,
  "PlayArea": 0.5,
  "GameType": "",
  "GameComplexity": "",
  "Tags": [],
  "Table": "Table_None",
  "Sky": "Sky_Museum",
  "Note": "[b]Flex Table[/b]\n\nClick the white button on the leg near the white seat to view your options.\n\nChange the tabletop image.\nSave a tabletop image for quick recall.\nChange the width and depth of the table.\n\n\n\n\n\n\n\n\n\n\n\n\nThis table is actually made up of multiple bits, so you can't save+import it into another room. But you can bring the items from another room into here.",
  "Rules": "",
  "MusicPlayer": {
    "RepeatSong": true,
    "PlaylistEntry": -1,
    "CurrentAudioTitle": "Ultramarines Chant",
    "CurrentAudioURL": "http://cloud-3.steamusercontent.com/ugc/773976977327440295/17C1CAA1F70F178395E93C05E55946061E695598/",
    "AudioLibrary": [
      {
        "Item1": "http://cloud-3.steamusercontent.com/ugc/773976977327440295/17C1CAA1F70F178395E93C05E55946061E695598/",
        "Item2": "Ultramarines Chant"
      }
    ]
  },
  "Grid": {
    "Type": 0,
    "Lines": false,
    "Color": {
      "r": 0.0,
      "g": 0.0,
      "b": 0.0
    },
    "Opacity": 0.75,
    "ThickLines": false,
    "Snapping": false,
    "Offset": false,
    "BothSnapping": false,
    "xSize": 2.0,
    "ySize": 2.0,
    "PosOffset": {
      "x": 0.0,
      "y": 1.0,
      "z": 0.0
    }
  },
  "Lighting": {
    "LightIntensity": 0.54,
    "LightColor": {
      "r": 1.0,
      "g": 0.9804,
      "b": 0.8902
    },
    "AmbientIntensity": 1.3,
    "AmbientType": 0,
    "AmbientSkyColor": {
      "r": 0.5,
      "g": 0.5,
      "b": 0.5
    },
    "AmbientEquatorColor": {
      "r": 0.5,
      "g": 0.5,
      "b": 0.5
    },
    "AmbientGroundColor": {
      "r": 0.5,
      "g": 0.5,
      "b": 0.5
    },
    "ReflectionIntensity": 1.0,
    "LutIndex": 0,
    "LutContribution": 1.0
  },
  "Hands": {
    "Enable": true,
    "DisableUnused": false,
    "Hiding": 0,
    "HandTransforms": [
      {
        "Color": "White",
        "Transform": {
          "posX": 0.0,
          "posY": 5.0,
          "posZ": -19.7499981,
          "rotX": 0.0,
          "rotY": 0.0,
          "rotZ": 0.0,
          "scaleX": 11.8350019,
          "scaleY": 7.002465,
          "scaleZ": 4.04115963
        }
      },
      {
        "Color": "Red",
        "Transform": {
          "posX": -19.7500019,
          "posY": 5.0,
          "posZ": 0.0,
          "rotX": 0.0,
          "rotY": 90.0,
          "rotZ": 0.0,
          "scaleX": 11.73866,
          "scaleY": 7.0,
          "scaleZ": 4.07978964
        }
      },
      {
        "Color": "Green",
        "Transform": {
          "posX": 0.0,
          "posY": 5.0,
          "posZ": 19.7499981,
          "rotX": 0.0,
          "rotY": 180.0,
          "rotZ": 0.0,
          "scaleX": 11.8350019,
          "scaleY": 7.0,
          "scaleZ": 4.041209
        }
      },
      {
        "Color": "Blue",
        "Transform": {
          "posX": 19.7500019,
          "posY": 5.0,
          "posZ": 0.0,
          "rotX": 0.0,
          "rotY": 270.0,
          "rotZ": 0.0,
          "scaleX": 11.7384386,
          "scaleY": 7.0,
          "scaleZ": 4.079717
        }
      }
    ]
  },
  "Turns": {
    "Enable": false,
    "Type": 0,
    "TurnOrder": [],
    "Reverse": false,
    "SkipEmpty": false,
    "DisableInteractions": false,
    "PassTurns": true,
    "TurnColor": ""
  },
  "TabStates": {
    "0": {
      "title": "Rules",
      "body": "",
      "color": "Grey",
      "visibleColor": {
        "r": 0.5,
        "g": 0.5,
        "b": 0.5
      },
      "id": 0
    },
    "1": {
      "title": "White",
      "body": "",
      "color": "White",
      "visibleColor": {
        "r": 1.0,
        "g": 1.0,
        "b": 1.0
      },
      "id": 1
    },
    "2": {
      "title": "Brown",
      "body": "",
      "color": "Brown",
      "visibleColor": {
        "r": 0.443,
        "g": 0.231,
        "b": 0.09
      },
      "id": 2
    },
    "3": {
      "title": "Red",
      "body": "",
      "color": "Red",
      "visibleColor": {
        "r": 0.856,
        "g": 0.1,
        "b": 0.094
      },
      "id": 3
    },
    "4": {
      "title": "Orange",
      "body": "",
      "color": "Orange",
      "visibleColor": {
        "r": 0.956,
        "g": 0.392,
        "b": 0.113
      },
      "id": 4
    },
    "5": {
      "title": "Yellow",
      "body": "",
      "color": "Yellow",
      "visibleColor": {
        "r": 0.905,
        "g": 0.898,
        "b": 0.172
      },
      "id": 5
    },
    "6": {
      "title": "Green",
      "body": "",
      "color": "Green",
      "visibleColor": {
        "r": 0.192,
        "g": 0.701,
        "b": 0.168
      },
      "id": 6
    },
    "7": {
      "title": "Blue",
      "body": "",
      "color": "Blue",
      "visibleColor": {
        "r": 0.118,
        "g": 0.53,
        "b": 1.0
      },
      "id": 7
    },
    "8": {
      "title": "Teal",
      "body": "",
      "color": "Teal",
      "visibleColor": {
        "r": 0.129,
        "g": 0.694,
        "b": 0.607
      },
      "id": 8
    },
    "9": {
      "title": "Purple",
      "body": "",
      "color": "Purple",
      "visibleColor": {
        "r": 0.627,
        "g": 0.125,
        "b": 0.941
      },
      "id": 9
    },
    "10": {
      "title": "Pink",
      "body": "",
      "color": "Pink",
      "visibleColor": {
        "r": 0.96,
        "g": 0.439,
        "b": 0.807
      },
      "id": 10
    },
    "11": {
      "title": "Black",
      "body": "",
      "color": "Black",
      "visibleColor": {
        "r": 0.25,
        "g": 0.25,
        "b": 0.25
      },
      "id": 11
    }
  },
  "DecalPallet": [],
  "ObjectStates": [
    {
      "Name": "Custom_Assetbundle",
      "Transform": {
        "posX": 0.0,
        "posY": -9.0,
        "posZ": 0.0,
        "rotX": 6.536436E-07,
        "rotY": -2.39176334E-05,
        "rotZ": -3.84849864E-06,
        "scaleX": 1.0,
        "scaleY": 1.0,
        "scaleZ": 1.0
      },
      "Nickname": "",
      "Description": "",
      "GMNotes": "",
      "ColorDiffuse": {
        "r": 1.0,
        "g": 1.0,
        "b": 1.0
      },
      "Locked": true,
      "Grid": true,
      "Snap": true,
      "IgnoreFoW": false,
      "MeasureMovement": false,
      "DragSelectable": true,
      "Autoraise": true,
      "Sticky": true,
      "Tooltip": true,
      "GridProjection": false,
      "HideWhenFaceDown": false,
      "Hands": false,
      "CustomAssetbundle": {
        "AssetbundleURL": "http://cloud-3.steamusercontent.com/ugc/879750610978795929/723C50F43FAB3DE3DC12CB8460536E8CB34B60A3/",
        "AssetbundleSecondaryURL": "",
        "MaterialIndex": 2,
        "TypeIndex": 4,
        "LoopingEffectIndex": 0
      },
      "LuaScript": "",
      "LuaScriptState": "",
      "XmlUI": "",
      "GUID": "afc863"
    },
    {
      "Name": "Custom_Assetbundle",
      "Transform": {
        "posX": 0.0,
        "posY": -9.0,
        "posZ": 0.0,
        "rotX": 6.536436E-07,
        "rotY": 90.0,
        "rotZ": -3.84849864E-06,
        "scaleX": 1.0,
        "scaleY": 1.0,
        "scaleZ": 1.0
      },
      "Nickname": "",
      "Description": "",
      "GMNotes": "",
      "ColorDiffuse": {
        "r": 1.0,
        "g": 1.0,
        "b": 1.0
      },
      "Locked": true,
      "Grid": true,
      "Snap": true,
      "IgnoreFoW": false,
      "MeasureMovement": false,
      "DragSelectable": true,
      "Autoraise": true,
      "Sticky": true,
      "Tooltip": true,
      "GridProjection": false,
      "HideWhenFaceDown": false,
      "Hands": false,
      "CustomAssetbundle": {
        "AssetbundleURL": "http://cloud-3.steamusercontent.com/ugc/879750610978795929/723C50F43FAB3DE3DC12CB8460536E8CB34B60A3/",
        "AssetbundleSecondaryURL": "",
        "MaterialIndex": 2,
        "TypeIndex": 4,
        "LoopingEffectIndex": 0
      },
      "LuaScript": "",
      "LuaScriptState": "",
      "XmlUI": "",
      "GUID": "c8edca"
    },
    {
      "Name": "Custom_Assetbundle",
      "Transform": {
        "posX": 0.0,
        "posY": -9.0,
        "posZ": 0.0,
        "rotX": 6.536436E-07,
        "rotY": 180.0,
        "rotZ": -3.84849864E-06,
        "scaleX": 1.0,
        "scaleY": 1.0,
        "scaleZ": 1.0
      },
      "Nickname": "",
      "Description": "",
      "GMNotes": "",
      "ColorDiffuse": {
        "r": 1.0,
        "g": 1.0,
        "b": 1.0
      },
      "Locked": true,
      "Grid": true,
      "Snap": true,
      "IgnoreFoW": false,
      "MeasureMovement": false,
      "DragSelectable": true,
      "Autoraise": true,
      "Sticky": true,
      "Tooltip": true,
      "GridProjection": false,
      "HideWhenFaceDown": false,
      "Hands": false,
      "CustomAssetbundle": {
        "AssetbundleURL": "http://cloud-3.steamusercontent.com/ugc/879750610978795929/723C50F43FAB3DE3DC12CB8460536E8CB34B60A3/",
        "AssetbundleSecondaryURL": "",
        "MaterialIndex": 2,
        "TypeIndex": 4,
        "LoopingEffectIndex": 0
      },
      "LuaScript": "",
      "LuaScriptState": "",
      "XmlUI": "",
      "GUID": "393bf7"
    },
    {
      "Name": "Custom_Assetbundle",
      "Transform": {
        "posX": 0.0,
        "posY": -9.0,
        "posZ": 0.0,
        "rotX": 6.536436E-07,
        "rotY": 270.0,
        "rotZ": -3.84849864E-06,
        "scaleX": 1.0,
        "scaleY": 1.0,
        "scaleZ": 1.0
      },
      "Nickname": "",
      "Description": "",
      "GMNotes": "",
      "ColorDiffuse": {
        "r": 1.0,
        "g": 1.0,
        "b": 1.0
      },
      "Locked": true,
      "Grid": true,
      "Snap": true,
      "IgnoreFoW": false,
      "MeasureMovement": false,
      "DragSelectable": true,
      "Autoraise": true,
      "Sticky": true,
      "Tooltip": true,
      "GridProjection": false,
      "HideWhenFaceDown": false,
      "Hands": false,
      "CustomAssetbundle": {
        "AssetbundleURL": "http://cloud-3.steamusercontent.com/ugc/879750610978795929/723C50F43FAB3DE3DC12CB8460536E8CB34B60A3/",
        "AssetbundleSecondaryURL": "",
        "MaterialIndex": 2,
        "TypeIndex": 4,
        "LoopingEffectIndex": 0
      },
      "LuaScript": "",
      "LuaScriptState": "",
      "XmlUI": "",
      "GUID": "12c65e"
    },
    {
      "Name": "Chinese_Checkers_Piece",
      "Transform": {
        "posX": 19.1600037,
        "posY": -0.259998322,
        "posZ": -22.12,
        "rotX": 0.00190076465,
        "rotY": 180.0,
        "rotZ": 0.000379891542,
        "scaleX": 1.6499995,
        "scaleY": 1.6499995,
        "scaleZ": 1.6499995
      },
      "Nickname": "Flex Table Control",
      "Description": "",
      "GMNotes": "",
      "ColorDiffuse": {
        "r": 1.0,
        "g": 1.0,
        "b": 1.0
      },
      "Locked": true,
      "Grid": true,
      "Snap": true,
      "IgnoreFoW": false,
      "MeasureMovement": false,
      "DragSelectable": true,
      "Autoraise": true,
      "Sticky": true,
      "Tooltip": false,
      "GridProjection": false,
      "HideWhenFaceDown": false,
      "Hands": false,
      "MaterialIndex": 1,
      "LuaScript": "tableHeightOffset = -9\n\nfunction onSave()\n    saved_data = JSON.encode({tid=tableImageData, cd=checkData})\n    --saved_data = \"\"\n    return saved_data\nend\n\nfunction onload(saved_data)\n    --Loads the tracking for if the game has started yet\n    if saved_data ~= \"\" then\n         local loaded_data = JSON.decode(saved_data)\n         tableImageData = loaded_data.tid\n         checkData = loaded_data.cd\n    else\n        tableImageData = {}\n        checkData = {move=false, scale=false}\n    end\n\n    --Disables interactable status of objects with GUID in list\n    for _, guid in ipairs(ref_noninteractable) do\n        local obj = getObjectFromGUID(guid)\n        if obj then obj.interactable = false end\n    end\n\n    --Establish references to table parts\n    obj_leg1 = getObjectFromGUID(\"afc863\")\n    obj_leg2 = getObjectFromGUID(\"c8edca\")\n    obj_leg3 = getObjectFromGUID(\"393bf7\")\n    obj_leg4 = getObjectFromGUID(\"12c65e\")\n    obj_surface = getObjectFromGUID(\"4ee1f2\")\n    obj_side_top = getObjectFromGUID(\"35b95f\")\n    obj_side_bot = getObjectFromGUID(\"f938a2\")\n    obj_side_lef = getObjectFromGUID(\"9f95fd\")\n    obj_side_rig = getObjectFromGUID(\"5af8f2\")\n\n    controlActive = false\n    createOpenCloseButton()\nend\n\n\n\n--Activation/deactivation of control panel\n\n\n\n--Activated by clicking on\nfunction click_toggleControl(_, color)\n    if permissionCheck(color) then\n        if not controlActive then\n            --Activate control panel\n            controlActive = true\n            self.clearButtons()\n            createOpenCloseButton()\n            createSurfaceInput()\n            createSurfaceButtons()\n            createScaleInput()\n            createScaleButtons()\n        else\n            --Deactivate control panel\n            controlActive = false\n            self.clearButtons()\n            self.clearInputs()\n            createOpenCloseButton()\n\n        end\n    end\nend\n\n\n\n\n--Table surface control\n\n\n\n--Changes table surface\nfunction click_applySurface(_, color)\n    if permissionCheck(color) then\n        updateSurface()\n        broadcastToAll(\"New Table Image Applied\", {0.2,0.9,0.2})\n    end\nend\n\n--Saves table surface\nfunction click_saveSurface(_, color)\n    if permissionCheck(color) then\n        local nickname = self.getInputs()[1].value\n        local url = self.getInputs()[2].value\n        if nickname == \"\" then\n            --No nickname\n            broadcastToAll(\"Please supply a nickname for this save.\", {0.9,0.2,0.2})\n        else\n            --Nickname exists\n\n            if findInImageDataIndex(url, nickname) == nil then\n                --Save doesn't exist already\n                table.insert(tableImageData, {url=url, name=nickname})\n                broadcastToAll(\"Image URL saved to memory.\", {0.2,0.9,0.2})\n                --Refresh buttons\n                self.clearButtons()\n                createOpenCloseButton()\n                createSurfaceButtons()\n                createScaleButtons()\n            else\n                --Save exists already\n                broadcastToAll(\"Memory already contains a save with this Name or URL. Delete it first.\", {0.9,0.2,0.2})\n            end\n        end\n    end\nend\n\n--Loads table surface\nfunction click_loadMemory(_, color, index)\n    if permissionCheck(color) then\n        self.editInput({index=0, value=tableImageData[index].name})\n        self.editInput({index=1, value=tableImageData[index].url})\n        updateSurface()\n        broadcastToAll(\"Table Image Loaded\", {0.2,0.9,0.2})\n    end\nend\n\n--Deletes table surface\nfunction click_deleteMemory(_, color, index)\n    if permissionCheck(color) then\n        table.remove(tableImageData, index)\n        self.clearButtons()\n        createOpenCloseButton()\n        createSurfaceButtons()\n        createScaleButtons()\n        broadcastToAll(\"Element Removed from Memory\", {0.2,0.9,0.2})\n    end\nend\n\n--Updates surface from the values in the input field\nfunction updateSurface()\n    local customInfo = obj_surface.getCustomObject()\n    customInfo.diffuse = self.getInputs()[2].value\n    obj_surface.setCustomObject(customInfo)\n    obj_surface = obj_surface.reload()\nend\n\n\n\n--Table Scale control\n\n\n\n--Applies Scale to table pieces\nfunction click_applyScale(_, color)\n    if permissionCheck(color) then\n        local newWidth = tonumber(self.getInputs()[3].value)\n        local newDepth = tonumber(self.getInputs()[4].value)\n        if type(newWidth) ~= \"number\" then\n            broadcastToAll(\"Invalid Width\", {0.9,0.2,0.2})\n            return\n        elseif type(newDepth) ~= \"number\" then\n            broadcastToAll(\"Invalid Depth\", {0.9,0.2,0.2})\n            return\n        elseif newWidth<0.1 or newDepth<0.1 then\n            broadcastToAll(\"Scale cannot go below 0.1\", {0.9,0.2,0.2})\n            return\n        elseif newWidth>12 or newDepth>12 then\n            broadcastToAll(\"Scale should not go over 12 (world size limitation)\", {0.9,0.2,0.2})\n            return\n        else\n            changeTableScale(math.abs(newWidth), math.abs(newDepth))\n            broadcastToAll(\"Scale applied.\", {0.2,0.9,0.2})\n        end\n    end\nend\n\n--Checks/unchecks move box for hands\nfunction click_checkMove(_, color)\n    if permissionCheck(color) then\n        local find_func = function(o) return o.click_function==\"click_checkMove\" end\n        if checkData.move == true then\n            checkData.move = false\n            local buttonEntry = findButton(self, find_func)\n            self.editButton({index=buttonEntry.index, label=\"\"})\n        else\n            checkData.move = true\n            local buttonEntry = findButton(self, find_func)\n            self.editButton({index=buttonEntry.index, label=string.char(10008)})\n        end\n    end\nend\n\n--Checks/unchecks scale box for hands\n--This button was disabled for technical reasons\n--[[\nfunction click_checkScale(_, color)\n    if permissionCheck(color) then\n        local find_func = function(o) return o.click_function==\"click_checkScale\" end\n        if checkData.scale == true then\n            checkData.scale = false\n            local buttonEntry = findButton(self, find_func)\n            self.editButton({index=buttonEntry.index, label=\"\"})\n        else\n            checkData.scale = true\n            local buttonEntry = findButton(self, find_func)\n            self.editButton({index=buttonEntry.index, label=string.char(10008)})\n        end\n    end\nend\n]]\n\n--Alters scale of elements and moves them\nfunction changeTableScale(width, depth)\n    --Scaling factors used to translate scale to position offset\n    local width2pos = (width-1) * 18\n    local depth2pos = (depth-1) * 18\n\n    --Hand zone movement\n    if checkData.move == true then\n        for _, pc in ipairs(ref_playerColor) do\n            if Player[pc].getHandCount() > 0 then\n                moveHandZone(Player[pc], width2pos, depth2pos)\n            end\n        end\n    end\n    --Hand zone scaling\n    --The button to enable this was disabled for technical reasons\n    if checkData.scale == true then\n        for _, pc in ipairs(ref_playerColor) do\n            if Player[pc].getHandCount() > 0 then\n                scaleHandZone(Player[pc], width, depth)\n            end\n        end\n    end\n\n    --Resizing table elements\n    obj_side_top.setScale({width, 1, 1})\n    obj_side_bot.setScale({width, 1, 1})\n    obj_side_lef.setScale({depth, 1, 1})\n    obj_side_rig.setScale({depth, 1, 1})\n    obj_surface.setScale({width, 1, depth})\n\n    --Moving table elements to accomodate new scale\n    obj_side_lef.setPosition({-width2pos,tableHeightOffset,0})\n    obj_side_rig.setPosition({ width2pos,tableHeightOffset,0})\n    obj_side_top.setPosition({0,tableHeightOffset, depth2pos})\n    obj_side_bot.setPosition({0,tableHeightOffset,-depth2pos})\n    obj_leg1.setPosition({-width2pos,tableHeightOffset,-depth2pos})\n    obj_leg2.setPosition({-width2pos,tableHeightOffset, depth2pos})\n    obj_leg3.setPosition({ width2pos,tableHeightOffset, depth2pos})\n    obj_leg4.setPosition({ width2pos,tableHeightOffset,-depth2pos})\n    self.setPosition(obj_leg4.positionToWorld({-22.12, 8.74,-19.16}))\n    --Only enabled when changing tableHeightOffset\n    --obj_surface.setPosition({0,tableHeightOffset,0})\nend\n\n--Move hand zone, p=player reference, facts are scaling factors\nfunction moveHandZone(p, width2pos, depth2pos)\n    local widthX = obj_side_rig.getPosition().x\n    local depthZ = obj_side_top.getPosition().z\n    for i=1, p.getHandCount() do\n        local handT = p.getHandTransform()\n        local pos = handT.position\n        local y = handT.rotation.y\n\n        if y<45 or y>320 or y>135 and y<225 then\n            if pos.z > 0 then\n                pos.z = pos.z + depth2pos - depthZ\n            else\n                pos.z = pos.z - depth2pos + depthZ\n            end\n        else\n            if pos.x > 0 then\n                pos.x = pos.x + width2pos - widthX\n            else\n                pos.x = pos.x - width2pos + widthX\n            end\n        end\n\n        --Only enabled when changing tableHeightOffset\n        --pos.y = tableHeightOffset + 14\n\n        handT.position = pos\n        p.setHandTransform(handT, i)\n    end\nend\n\n\n---Scales hand zones, p=player reference, facts are scaling factors\nfunction scaleHandZone(p, width, depth)\n    local widthFact = width / obj_side_top.getScale().x\n    local depthFact = depth / obj_side_lef.getScale().x\n    for i=1, p.getHandCount() do\n        local handT = p.getHandTransform()\n        local scale = handT.scale\n        local y = handT.rotation.y\n        if y<45 or y>320 or y>135 and y<225 then\n            scale.x = scale.x * widthFact\n        else\n            scale.x = scale.x * depthFact\n        end\n        handT.scale = scale\n        p.setHandTransform(handT, i)\n    end\nend\n\n\n\n--Information gathering\n\n\n\n--Checks if a color is promoted or host\nfunction permissionCheck(color)\n    if Player[color].host==true or Player[color].promoted==true then\n        return true\n    else\n        return false\n    end\nend\n\n--Locates a string saved within memory file\nfunction findInImageDataIndex(...)\n    for _, str in ipairs({...}) do\n        for i, v in ipairs(tableImageData) do\n            if v.url == str or v.name == str then\n                return i\n            end\n        end\n    end\n    return nil\nend\n\n--Round number (num) to the Nth decimal (dec)\nfunction round(num, dec)\n  local mult = 10^(dec or 0)\n  return math.floor(num * mult + 0.5) / mult\nend\n\n--Locates a button with a helper function\nfunction findButton(obj, func)\n    if func==nil then error(\"No func supplied to findButton\") end\n    for _, v in ipairs(obj.getButtons()) do\n        if func(v) then\n            return v\n        end\n    end\n    return nil\nend\n\n\n\n--Creation of buttons/inputs\n\n\n\nfunction createOpenCloseButton()\n    local tooltip = \"Open Table Control Panel\"\n    if controlActive then\n        tooltip = \"Close Table Control Panel\"\n    end\n    self.createButton({\n        click_function=\"click_toggleControl\", function_owner=self,\n        position={0,0,0}, rotation={-45,0,0}, height=400, width=400,\n        color={1,1,1,0}, tooltip=tooltip\n    })\nend\n\nfunction createSurfaceInput()\n    local currentURL = obj_surface.getCustomObject().diffuse\n    local nickname = \"\"\n    if findInImageDataIndex(currentURL) ~= nil then\n        nickname = tableImageData[findInImageDataIndex(currentURL)].name\n    end\n    self.createInput({\n        label=\"Nickname\", input_function=\"none\", function_owner=self,\n        alignment=3, position={0,0,2}, height=224, width=4000,\n        font_size=200, tooltip=\"Enter nickname for table image (only used for save)\",\n        value=nickname\n    })\n    self.createInput({\n        label=\"URL\", input_function=\"none\", function_owner=self,\n        alignment=3, position={0,0,3}, height=224, width=4000,\n        font_size=200, tooltip=\"Enter URL for tabletop image\",\n        value=currentURL\n    })\nend\n\nfunction createSurfaceButtons()\n    --Label\n    self.createButton({\n        label=\"Tabletop Surface Image\", click_function=\"none\",\n        position={0,0,1}, height=0, width=0, font_size=300, font_color={1,1,1}\n    })\n    --Functional\n    self.createButton({\n        label=\"Apply Image\\nTo Table\", click_function=\"click_applySurface\",\n        function_owner=self, tooltip=\"Apply URL as table image\",\n        position={2,0,4}, height=440, width=1400, font_size=200,\n    })\n    self.createButton({\n        label=\"Save Image\\nTo Memory\", click_function=\"click_saveSurface\",\n        function_owner=self, tooltip=\"Record URL into memory (requires nickname)\",\n        position={-2,0,4}, height=440, width=1400, font_size=200,\n    })\n    --Label\n    self.createButton({\n        label=\"Load From Memory\", click_function=\"none\",\n        position={0,0,5.5}, height=0, width=0, font_size=300, font_color={1,1,1}\n    })\n    --Saves, created dynamically from memory file\n    for i, memoryEntry in ipairs(tableImageData) do\n        --Load\n        local funcName = i..\"loadMemory\"\n        local func = function(x,y) click_loadMemory(x,y,i) end\n        self.setVar(funcName, func)\n        self.createButton({\n            label=memoryEntry.name, click_function=funcName,\n            function_owner=self, tooltip=memoryEntry.url, font_size=200,\n            position={-0.6,0,6.5+0.5*(i-1)}, height=240, width=3300,\n        })\n        --Delete\n        local funcName = i..\"deleteMemory\"\n        local func = function(x,y) click_deleteMemory(x,y,i) end\n        self.setVar(funcName, func)\n        self.createButton({\n            label=\"DELETE\", click_function=funcName,\n            function_owner=self, tooltip=\"\",\n            position={3.6,0,6.5+0.5*(i-1)}, height=240, width=600,\n            font_size=160, font_color={1,0,0}, color={0.8,0.8,0.8}\n        })\n    end\nend\n\nfunction createScaleInput()\n    self.createInput({\n        label=string.char(8644), input_function=\"none\", function_owner=self,\n        alignment=3, position={-8.5,0,2}, height=224, width=400,\n        font_size=200, tooltip=\"Table Width\",\n        value=round(obj_side_top.getScale().x, 1)\n    })\n    self.createInput({\n        label=string.char(8645), input_function=\"none\", function_owner=self,\n        alignment=3, position={-7.5,0,2}, height=224, width=400,\n        font_size=200, tooltip=\"Table Depth\",\n        value=round(obj_side_lef.getScale().x, 1)\n    })\nend\n\nfunction createScaleButtons()\n    --Labels\n    self.createButton({\n        label=\"Table Scale\", click_function=\"none\",\n        position={-8,0,1}, height=0, width=0, font_size=300, font_color={1,1,1}\n    })\n    self.createButton({\n        label=string.char(8644)..\"            \"..string.char(8645),\n        click_function=\"none\",\n        position={-8,0,2}, height=0, width=0, font_size=300, font_color={1,1,1}\n    })\n    self.createButton({\n        label=\"Move Hands:\", click_function=\"none\",\n        position={-8.3,0,3}, height=0, width=0, font_size=200, font_color={1,1,1}\n    })\n    --Disabled due to me removing the feature for technical reasons\n    --[[\n    self.createButton({\n        label=\"Scale Hands:\", click_function=\"none\",\n        position={-8.3,0,4}, height=0, width=0, font_size=200, font_color={1,1,1}\n    })\n    ]]\n    --Checkboxes\n    local label = \"\"\n    if checkData.move == true then label = string.char(10008) end\n    self.createButton({\n        label=label, click_function=\"click_checkMove\",\n        function_owner=self, tooltip=\"Check to move hands when table is rescaled\",\n        position={-6.8,0,3}, height=224, width=224, font_size=200,\n    })\n    --[[\n    local label = \"\"\n    if checkData.scale == true then label = string.char(10008) end\n    self.createButton({\n        label=label, click_function=\"click_checkScale\",\n        function_owner=self, tooltip=\"Check to scale the width of hands when table is rescaled\",\n        position={-6.8,0,4}, height=224, width=224, font_size=200,\n    })\n    ]]\n    --Apply button\n    self.createButton({\n        label=\"Apply Scale\", click_function=\"click_applyScale\",\n        function_owner=self, tooltip=\"Apply width/depth to table\",\n        position={-8,0,4}, height=440, width=1400, font_size=200,\n    })\nend\n\n\n\n\n\n--Data tables\n\n\n\n\nref_noninteractable = {\n    \"afc863\",\"c8edca\",\"393bf7\",\"12c65e\",\"f938a2\",\"9f95fd\",\"35b95f\",\n    \"5af8f2\",\"4ee1f2\",\"bd69bd\"\n}\n\nref_playerColor = {\n    \"White\", \"Brown\", \"Red\", \"Orange\", \"Yellow\",\n    \"Green\", \"Teal\", \"Blue\", \"Purple\", \"Pink\", \"Black\"\n}\n\n--Dummy function, absorbs unwanted triggers\nfunction none() end\n",
      "LuaScriptState": "{\"cd\":{\"move\":true,\"scale\":false},\"tid\":[{\"name\":\"Felt - Green\",\"url\":\"http://cloud-3.steamusercontent.com/ugc/1018320153795068598/FF91D48AB5415E01B8E9EFF7E2421C05AE05ACD2/\"},{\"name\":\"Felt - Red\",\"url\":\"http://cloud-3.steamusercontent.com/ugc/1018320153795309227/76366CE0E933214A24710553DB94CEEDB3A4F629/\"},{\"name\":\"Felt - Grey\",\"url\":\"http://cloud-3.steamusercontent.com/ugc/1018320153795312023/7A32A39FD692F3CEE69729A5B7E2C6AF1D00970E/\"}]}",
      "XmlUI": "",
      "GUID": "bd69bd"
    },
    {
      "Name": "Custom_Assetbundle",
      "Transform": {
        "posX": 0.0,
        "posY": -9.0,
        "posZ": 0.0,
        "rotX": -1.01777751E-13,
        "rotY": 0.0,
        "rotZ": 0.0,
        "scaleX": 1.0,
        "scaleY": 1.0,
        "scaleZ": 1.0
      },
      "Nickname": "",
      "Description": "",
      "GMNotes": "",
      "ColorDiffuse": {
        "r": 1.0,
        "g": 1.0,
        "b": 1.0
      },
      "Locked": true,
      "Grid": true,
      "Snap": true,
      "IgnoreFoW": false,
      "MeasureMovement": false,
      "DragSelectable": true,
      "Autoraise": true,
      "Sticky": true,
      "Tooltip": true,
      "GridProjection": false,
      "HideWhenFaceDown": false,
      "Hands": false,
      "CustomAssetbundle": {
        "AssetbundleURL": "http://cloud-3.steamusercontent.com/ugc/879750610978796471/14ED0DBD593370733A0309B0950004F33EB9FACA/",
        "AssetbundleSecondaryURL": "",
        "MaterialIndex": 1,
        "TypeIndex": 4,
        "LoopingEffectIndex": 0
      },
      "LuaScript": "",
      "LuaScriptState": "",
      "XmlUI": "",
      "GUID": "f938a2"
    },
    {
      "Name": "Custom_Assetbundle",
      "Transform": {
        "posX": 0.0,
        "posY": -9.0,
        "posZ": 0.0,
        "rotX": 0.0,
        "rotY": 90.0,
        "rotZ": 0.0,
        "scaleX": 1.0,
        "scaleY": 1.0,
        "scaleZ": 1.0
      },
      "Nickname": "",
      "Description": "",
      "GMNotes": "",
      "ColorDiffuse": {
        "r": 1.0,
        "g": 1.0,
        "b": 1.0
      },
      "Locked": true,
      "Grid": true,
      "Snap": true,
      "IgnoreFoW": false,
      "MeasureMovement": false,
      "DragSelectable": true,
      "Autoraise": true,
      "Sticky": true,
      "Tooltip": true,
      "GridProjection": false,
      "HideWhenFaceDown": false,
      "Hands": false,
      "CustomAssetbundle": {
        "AssetbundleURL": "http://cloud-3.steamusercontent.com/ugc/879750610978796471/14ED0DBD593370733A0309B0950004F33EB9FACA/",
        "AssetbundleSecondaryURL": "",
        "MaterialIndex": 1,
        "TypeIndex": 4,
        "LoopingEffectIndex": 0
      },
      "LuaScript": "",
      "LuaScriptState": "",
      "XmlUI": "",
      "GUID": "9f95fd"
    },
    {
      "Name": "Custom_Assetbundle",
      "Transform": {
        "posX": 0.0,
        "posY": -9.0,
        "posZ": 0.0,
        "rotX": -1.01777751E-13,
        "rotY": 180.0,
        "rotZ": 0.0,
        "scaleX": 1.0,
        "scaleY": 1.0,
        "scaleZ": 1.0
      },
      "Nickname": "",
      "Description": "",
      "GMNotes": "",
      "ColorDiffuse": {
        "r": 1.0,
        "g": 1.0,
        "b": 1.0
      },
      "Locked": true,
      "Grid": true,
      "Snap": true,
      "IgnoreFoW": false,
      "MeasureMovement": false,
      "DragSelectable": true,
      "Autoraise": true,
      "Sticky": true,
      "Tooltip": true,
      "GridProjection": false,
      "HideWhenFaceDown": false,
      "Hands": false,
      "CustomAssetbundle": {
        "AssetbundleURL": "http://cloud-3.steamusercontent.com/ugc/879750610978796471/14ED0DBD593370733A0309B0950004F33EB9FACA/",
        "AssetbundleSecondaryURL": "",
        "MaterialIndex": 1,
        "TypeIndex": 4,
        "LoopingEffectIndex": 0
      },
      "LuaScript": "",
      "LuaScriptState": "",
      "XmlUI": "",
      "GUID": "35b95f"
    },
    {
      "Name": "Custom_Assetbundle",
      "Transform": {
        "posX": 0.0,
        "posY": -9.0,
        "posZ": 0.0,
        "rotX": 0.0,
        "rotY": 270.0,
        "rotZ": 0.0,
        "scaleX": 1.0,
        "scaleY": 1.0,
        "scaleZ": 1.0
      },
      "Nickname": "",
      "Description": "",
      "GMNotes": "",
      "ColorDiffuse": {
        "r": 1.0,
        "g": 1.0,
        "b": 1.0
      },
      "Locked": true,
      "Grid": true,
      "Snap": true,
      "IgnoreFoW": false,
      "MeasureMovement": false,
      "DragSelectable": true,
      "Autoraise": true,
      "Sticky": true,
      "Tooltip": true,
      "GridProjection": false,
      "HideWhenFaceDown": false,
      "Hands": false,
      "CustomAssetbundle": {
        "AssetbundleURL": "http://cloud-3.steamusercontent.com/ugc/879750610978796471/14ED0DBD593370733A0309B0950004F33EB9FACA/",
        "AssetbundleSecondaryURL": "",
        "MaterialIndex": 1,
        "TypeIndex": 4,
        "LoopingEffectIndex": 0
      },
      "LuaScript": "",
      "LuaScriptState": "",
      "XmlUI": "",
      "GUID": "5af8f2"
    },
    {
      "Name": "Custom_Model",
      "Transform": {
        "posX": 0.0,
        "posY": -9.0,
        "posZ": 0.0,
        "rotX": 359.983124,
        "rotY": -0.00189453643,
        "rotZ": 359.920135,
        "scaleX": 1.0,
        "scaleY": 1.0,
        "scaleZ": 1.0
      },
      "Nickname": "",
      "Description": "",
      "GMNotes": "",
      "ColorDiffuse": {
        "r": 1.0,
        "g": 1.0,
        "b": 1.0
      },
      "Locked": true,
      "Grid": true,
      "Snap": true,
      "IgnoreFoW": false,
      "MeasureMovement": false,
      "DragSelectable": true,
      "Autoraise": true,
      "Sticky": true,
      "Tooltip": true,
      "GridProjection": true,
      "HideWhenFaceDown": false,
      "Hands": false,
      "CustomMesh": {
        "MeshURL": "http://cloud-3.steamusercontent.com/ugc/879750610978796176/4A5A65543B98BCFBF57E910D06EC984208223D38/",
        "DiffuseURL": "http://cloud-3.steamusercontent.com/ugc/769481639410724183/FF91D48AB5415E01B8E9EFF7E2421C05AE05ACD2/",
        "NormalURL": "",
        "ColliderURL": "",
        "Convex": true,
        "MaterialIndex": 1,
        "TypeIndex": 4,
        "CustomShader": {
          "SpecularColor": {
            "r": 1.0,
            "g": 1.0,
            "b": 1.0
          },
          "SpecularIntensity": 0.0,
          "SpecularSharpness": 2.0,
          "FresnelStrength": 0.0
        },
        "CastShadows": true
      },
      "LuaScript": "",
      "LuaScriptState": "",
      "XmlUI": "",
      "GUID": "4ee1f2"
    },
    {
      "Name": "Custom_Model",
      "Transform": {
        "posX": -8.559185,
        "posY": 1.50732648,
        "posZ": -1.58545506,
        "rotX": 0.0168172177,
        "rotY": 180.023056,
        "rotZ": 0.0799014,
        "scaleX": 1.0,
        "scaleY": 1.0,
        "scaleZ": 1.0
      },
      "Nickname": "Crusaders",
      "Description": "\r\n",
      "GMNotes": "",
      "ColorDiffuse": {
        "r": 0.9999998,
        "g": 0.992160261,
        "b": 0.9999998
      },
      "Locked": false,
      "Grid": true,
      "Snap": true,
      "IgnoreFoW": false,
      "MeasureMovement": false,
      "DragSelectable": true,
      "Autoraise": true,
      "Sticky": true,
      "Tooltip": true,
      "GridProjection": false,
      "HideWhenFaceDown": false,
      "Hands": false,
      "CustomMesh": {
        "MeshURL": "http://cloud-3.steamusercontent.com/ugc/769481453907215543/7898BE4ED4468EAB4E960871C9155B1FF74F3B9E/",
        "DiffuseURL": "http://cloud-3.steamusercontent.com/ugc/787504189454008799/BD03B1F3ADCE3E5F704C1A2523E89F7DE3182804/",
        "NormalURL": "",
        "ColliderURL": "http://cloud-3.steamusercontent.com/ugc/785235974151687516/584FB18C497C094EB730BFC3AC416126ED9E924B/",
        "Convex": true,
        "MaterialIndex": 3,
        "TypeIndex": 0,
        "CustomShader": {
          "SpecularColor": {
            "r": 1.0,
            "g": 1.0,
            "b": 1.0
          },
          "SpecularIntensity": 0.0,
          "SpecularSharpness": 2.0,
          "FresnelStrength": 0.0
        },
        "CastShadows": true
      },
      "LuaScript": "",
      "LuaScriptState": "",
      "XmlUI": "",
      "GUID": "d7cbe2"
    },
    {
      "Name": "Custom_Model",
      "Transform": {
        "posX": -5.17836475,
        "posY": 1.50250745,
        "posZ": -1.94425893,
        "rotX": 0.0168790426,
        "rotY": 179.983368,
        "rotZ": 0.07988511,
        "scaleX": 1.0,
        "scaleY": 1.0,
        "scaleZ": 1.0
      },
      "Nickname": "Crusaders",
      "Description": "\n",
      "GMNotes": "",
      "ColorDiffuse": {
        "r": 0.9999998,
        "g": 0.992160261,
        "b": 0.9999998
      },
      "Locked": false,
      "Grid": true,
      "Snap": true,
      "IgnoreFoW": false,
      "MeasureMovement": false,
      "DragSelectable": true,
      "Autoraise": true,
      "Sticky": true,
      "Tooltip": true,
      "GridProjection": false,
      "HideWhenFaceDown": false,
      "Hands": false,
      "CustomMesh": {
        "MeshURL": "http://cloud-3.steamusercontent.com/ugc/80340029171202515/FC62366D4F0B1C9749613D32A3134DD4FF8E007A/",
        "DiffuseURL": "http://cloud-3.steamusercontent.com/ugc/787504189454008799/BD03B1F3ADCE3E5F704C1A2523E89F7DE3182804/",
        "NormalURL": "",
        "ColliderURL": "http://cloud-3.steamusercontent.com/ugc/787504189454001135/584FB18C497C094EB730BFC3AC416126ED9E924B/",
        "Convex": true,
        "MaterialIndex": 3,
        "TypeIndex": 0,
        "CastShadows": true
      },
      "LuaScript": "",
      "LuaScriptState": "",
      "XmlUI": "",
      "GUID": "cacbbb"
    },
    {
      "Name": "Custom_Model",
      "Transform": {
        "posX": -5.59773,
        "posY": 1.50256944,
        "posZ": -3.719801,
        "rotX": 0.0168175772,
        "rotY": 180.025162,
        "rotZ": 0.0799073651,
        "scaleX": 1.0,
        "scaleY": 1.0,
        "scaleZ": 1.0
      },
      "Nickname": "Crusaders",
      "Description": "\n",
      "GMNotes": "",
      "ColorDiffuse": {
        "r": 0.9999998,
        "g": 0.992160261,
        "b": 0.9999998
      },
      "Locked": false,
      "Grid": true,
      "Snap": true,
      "IgnoreFoW": false,
      "MeasureMovement": false,
      "DragSelectable": true,
      "Autoraise": true,
      "Sticky": true,
      "Tooltip": true,
      "GridProjection": false,
      "HideWhenFaceDown": false,
      "Hands": false,
      "CustomMesh": {
        "MeshURL": "http://cloud-3.steamusercontent.com/ugc/80340029171200364/5903431ECCA0C451533484936B09C602E0DD40F4/",
        "DiffuseURL": "http://cloud-3.steamusercontent.com/ugc/787504189454008799/BD03B1F3ADCE3E5F704C1A2523E89F7DE3182804/",
        "NormalURL": "",
        "ColliderURL": "http://cloud-3.steamusercontent.com/ugc/787504189454001135/584FB18C497C094EB730BFC3AC416126ED9E924B/",
        "Convex": true,
        "MaterialIndex": 3,
        "TypeIndex": 0,
        "CastShadows": true
      },
      "LuaScript": "",
      "LuaScriptState": "",
      "XmlUI": "",
      "GUID": "462272"
    },
    {
      "Name": "Custom_Model",
      "Transform": {
        "posX": -6.9612627,
        "posY": 1.50502431,
        "posZ": -1.83850324,
        "rotX": 0.0168245789,
        "rotY": 180.021286,
        "rotZ": 0.0798977762,
        "scaleX": 1.0,
        "scaleY": 1.0,
        "scaleZ": 1.0
      },
      "Nickname": "Crusaders",
      "Description": "\n",
      "GMNotes": "",
      "ColorDiffuse": {
        "r": 0.9999998,
        "g": 0.992160261,
        "b": 0.9999998
      },
      "Locked": false,
      "Grid": true,
      "Snap": true,
      "IgnoreFoW": false,
      "MeasureMovement": false,
      "DragSelectable": true,
      "Autoraise": true,
      "Sticky": true,
      "Tooltip": true,
      "GridProjection": false,
      "HideWhenFaceDown": false,
      "Hands": false,
      "CustomMesh": {
        "MeshURL": "http://cloud-3.steamusercontent.com/ugc/80340029171202052/07ECF32041F2B4C08C398615DD541B584B171D2D/",
        "DiffuseURL": "http://cloud-3.steamusercontent.com/ugc/787504189454008799/BD03B1F3ADCE3E5F704C1A2523E89F7DE3182804/",
        "NormalURL": "",
        "ColliderURL": "http://cloud-3.steamusercontent.com/ugc/787504189454001135/584FB18C497C094EB730BFC3AC416126ED9E924B/",
        "Convex": true,
        "MaterialIndex": 3,
        "TypeIndex": 0,
        "CastShadows": true
      },
      "LuaScript": "",
      "LuaScriptState": "",
      "XmlUI": "",
      "GUID": "3a5e58"
    },
    {
      "Name": "Custom_Model",
      "Transform": {
        "posX": -5.468971,
        "posY": 1.50190783,
        "posZ": -5.357523,
        "rotX": 0.0369757824,
        "rotY": 164.999878,
        "rotZ": 0.0727813,
        "scaleX": 1.0,
        "scaleY": 1.0,
        "scaleZ": 1.0
      },
      "Nickname": "Crusaders",
      "Description": "\n",
      "GMNotes": "",
      "ColorDiffuse": {
        "r": 0.9999998,
        "g": 0.992160261,
        "b": 0.9999998
      },
      "Locked": false,
      "Grid": true,
      "Snap": true,
      "IgnoreFoW": false,
      "MeasureMovement": false,
      "DragSelectable": true,
      "Autoraise": true,
      "Sticky": true,
      "Tooltip": true,
      "GridProjection": false,
      "HideWhenFaceDown": false,
      "Hands": false,
      "CustomMesh": {
        "MeshURL": "http://cloud-3.steamusercontent.com/ugc/769481826555155352/C805212420436B5203AE921888B0693A3264B280/",
        "DiffuseURL": "http://cloud-3.steamusercontent.com/ugc/769481826555139022/F32F2CE1F8B424EF32600DF736E34D0A62D28552/",
        "NormalURL": "",
        "ColliderURL": "http://cloud-3.steamusercontent.com/ugc/787504189454001135/584FB18C497C094EB730BFC3AC416126ED9E924B/",
        "Convex": true,
        "MaterialIndex": 3,
        "TypeIndex": 0,
        "CustomShader": {
          "SpecularColor": {
            "r": 1.0,
            "g": 1.0,
            "b": 1.0
          },
          "SpecularIntensity": 0.0,
          "SpecularSharpness": 2.0,
          "FresnelStrength": 0.0
        },
        "CastShadows": true
      },
      "LuaScript": "",
      "LuaScriptState": "",
      "XmlUI": "",
      "GUID": "62cc36"
    },
    {
      "Name": "Custom_Model",
      "Transform": {
        "posX": -5.27051163,
        "posY": 1.48501539,
        "posZ": -6.82112932,
        "rotX": 0.0798613653,
        "rotY": 89.98706,
        "rotZ": 359.983124,
        "scaleX": 1.0,
        "scaleY": 1.0,
        "scaleZ": 1.0
      },
      "Nickname": "Neophytes",
      "Description": "\r\n",
      "GMNotes": "",
      "ColorDiffuse": {
        "r": 0.9999998,
        "g": 0.992160261,
        "b": 0.9999998
      },
      "Locked": false,
      "Grid": true,
      "Snap": true,
      "IgnoreFoW": false,
      "MeasureMovement": false,
      "DragSelectable": true,
      "Autoraise": true,
      "Sticky": true,
      "Tooltip": true,
      "GridProjection": false,
      "HideWhenFaceDown": false,
      "Hands": false,
      "CustomMesh": {
        "MeshURL": "http://cloud-3.steamusercontent.com/ugc/80340029171184463/A57BBC4EB7C4FAC431A740AFF58FBEE22A5D5FD3/",
        "DiffuseURL": "http://cloud-3.steamusercontent.com/ugc/787504189454008889/1F1226A431FECF712422260F3D364656D24951C7/",
        "NormalURL": "",
        "ColliderURL": "http://cloud-3.steamusercontent.com/ugc/769481639410724294/DE623BD66F73B5BAEA303E463D9ECB77B0FB1687/",
        "Convex": true,
        "MaterialIndex": 3,
        "TypeIndex": 0,
        "CustomShader": {
          "SpecularColor": {
            "r": 1.0,
            "g": 1.0,
            "b": 1.0
          },
          "SpecularIntensity": 0.0,
          "SpecularSharpness": 2.0,
          "FresnelStrength": 0.0
        },
        "CastShadows": true
      },
      "LuaScript": "",
      "LuaScriptState": "",
      "XmlUI": "",
      "GUID": "22daba"
    },
    {
      "Name": "Custom_Model",
      "Transform": {
        "posX": -7.43625832,
        "posY": 1.50518191,
        "posZ": -3.55219674,
        "rotX": 0.01686065,
        "rotY": 180.000412,
        "rotZ": 0.079868,
        "scaleX": 1.0,
        "scaleY": 1.0,
        "scaleZ": 1.0
      },
      "Nickname": "Crusaders",
      "Description": "\r\n",
      "GMNotes": "",
      "ColorDiffuse": {
        "r": 0.9999998,
        "g": 0.992160261,
        "b": 0.9999998
      },
      "Locked": false,
      "Grid": true,
      "Snap": true,
      "IgnoreFoW": false,
      "MeasureMovement": false,
      "DragSelectable": true,
      "Autoraise": true,
      "Sticky": true,
      "Tooltip": true,
      "GridProjection": false,
      "HideWhenFaceDown": false,
      "Hands": false,
      "CustomMesh": {
        "MeshURL": "http://cloud-3.steamusercontent.com/ugc/769481453907268340/E7FD7A89EB4C1C4634753121F1B40A87BA3AA86C/",
        "DiffuseURL": "http://cloud-3.steamusercontent.com/ugc/787504189454008799/BD03B1F3ADCE3E5F704C1A2523E89F7DE3182804/",
        "NormalURL": "",
        "ColliderURL": "http://cloud-3.steamusercontent.com/ugc/785235974151687516/584FB18C497C094EB730BFC3AC416126ED9E924B/",
        "Convex": true,
        "MaterialIndex": 3,
        "TypeIndex": 0,
        "CustomShader": {
          "SpecularColor": {
            "r": 1.0,
            "g": 1.0,
            "b": 1.0
          },
          "SpecularIntensity": 0.0,
          "SpecularSharpness": 2.0,
          "FresnelStrength": 0.0
        },
        "CastShadows": true
      },
      "LuaScript": "",
      "LuaScriptState": "",
      "XmlUI": "",
      "GUID": "0c392a"
    },
    {
      "Name": "Custom_Model",
      "Transform": {
        "posX": -6.853104,
        "posY": 1.50382984,
        "posZ": -5.384134,
        "rotX": 0.06841451,
        "rotY": 134.999954,
        "rotZ": 0.0445417166,
        "scaleX": 1.0,
        "scaleY": 1.0,
        "scaleZ": 1.0
      },
      "Nickname": "Crusaders",
      "Description": "\n",
      "GMNotes": "",
      "ColorDiffuse": {
        "r": 0.9999998,
        "g": 0.992160261,
        "b": 0.9999998
      },
      "Locked": false,
      "Grid": true,
      "Snap": true,
      "IgnoreFoW": false,
      "MeasureMovement": false,
      "DragSelectable": true,
      "Autoraise": true,
      "Sticky": true,
      "Tooltip": true,
      "GridProjection": false,
      "HideWhenFaceDown": false,
      "Hands": false,
      "CustomMesh": {
        "MeshURL": "http://cloud-3.steamusercontent.com/ugc/769481826555182192/65572D693281CBAB422FBF1832F3F1B1F39415AE/",
        "DiffuseURL": "http://cloud-3.steamusercontent.com/ugc/769481826555139022/F32F2CE1F8B424EF32600DF736E34D0A62D28552/",
        "NormalURL": "",
        "ColliderURL": "http://cloud-3.steamusercontent.com/ugc/787504189454001135/584FB18C497C094EB730BFC3AC416126ED9E924B/",
        "Convex": true,
        "MaterialIndex": 3,
        "TypeIndex": 0,
        "CustomShader": {
          "SpecularColor": {
            "r": 1.0,
            "g": 1.0,
            "b": 1.0
          },
          "SpecularIntensity": 0.0,
          "SpecularSharpness": 2.0,
          "FresnelStrength": 0.0
        },
        "CastShadows": true
      },
      "LuaScript": "",
      "LuaScriptState": "",
      "XmlUI": "",
      "GUID": "b4adb3"
    },
    {
      "Name": "Custom_Model",
      "Transform": {
        "posX": -3.26823831,
        "posY": 1.49983811,
        "posZ": -1.96713769,
        "rotX": 0.0168347042,
        "rotY": 180.01564,
        "rotZ": 0.07988008,
        "scaleX": 1.0,
        "scaleY": 1.0,
        "scaleZ": 1.0
      },
      "Nickname": "Crusaders",
      "Description": "\n",
      "GMNotes": "",
      "ColorDiffuse": {
        "r": 0.9999998,
        "g": 0.992160261,
        "b": 0.9999998
      },
      "Locked": false,
      "Grid": true,
      "Snap": true,
      "IgnoreFoW": false,
      "MeasureMovement": false,
      "DragSelectable": true,
      "Autoraise": true,
      "Sticky": true,
      "Tooltip": true,
      "GridProjection": false,
      "HideWhenFaceDown": false,
      "Hands": false,
      "CustomMesh": {
        "MeshURL": "http://cloud-3.steamusercontent.com/ugc/80340029171202946/1BC3A67C2BFFB71230739B1E7DFF5C4AA1CD7F1B/",
        "DiffuseURL": "http://cloud-3.steamusercontent.com/ugc/787504189454008799/BD03B1F3ADCE3E5F704C1A2523E89F7DE3182804/",
        "NormalURL": "",
        "ColliderURL": "http://cloud-3.steamusercontent.com/ugc/787504189454001135/584FB18C497C094EB730BFC3AC416126ED9E924B/",
        "Convex": true,
        "MaterialIndex": 3,
        "TypeIndex": 0,
        "CastShadows": true
      },
      "LuaScript": "",
      "LuaScriptState": "",
      "XmlUI": "",
      "GUID": "4fe984"
    },
    {
      "Name": "Custom_Model",
      "Transform": {
        "posX": -2.69263577,
        "posY": 1.49847686,
        "posZ": -3.86391234,
        "rotX": 0.0168306045,
        "rotY": 180.022034,
        "rotZ": 0.07989097,
        "scaleX": 1.0,
        "scaleY": 1.0,
        "scaleZ": 1.0
      },
      "Nickname": "Crusaders",
      "Description": "\n",
      "GMNotes": "",
      "ColorDiffuse": {
        "r": 0.9999998,
        "g": 0.992160261,
        "b": 0.9999998
      },
      "Locked": false,
      "Grid": true,
      "Snap": true,
      "IgnoreFoW": false,
      "MeasureMovement": false,
      "DragSelectable": true,
      "Autoraise": true,
      "Sticky": true,
      "Tooltip": true,
      "GridProjection": false,
      "HideWhenFaceDown": false,
      "Hands": false,
      "CustomMesh": {
        "MeshURL": "http://cloud-3.steamusercontent.com/ugc/80340029171201176/09486B4C4E1BFA81ECC3EDABC6D3292B9D70C9AA/",
        "DiffuseURL": "http://cloud-3.steamusercontent.com/ugc/787504189454008799/BD03B1F3ADCE3E5F704C1A2523E89F7DE3182804/",
        "NormalURL": "",
        "ColliderURL": "http://cloud-3.steamusercontent.com/ugc/787504189454001135/584FB18C497C094EB730BFC3AC416126ED9E924B/",
        "Convex": true,
        "MaterialIndex": 3,
        "TypeIndex": 0,
        "CastShadows": true
      },
      "LuaScript": "",
      "LuaScriptState": "",
      "XmlUI": "",
      "GUID": "d4d819"
    },
    {
      "Name": "Custom_Model",
      "Transform": {
        "posX": -2.74113131,
        "posY": 1.49807179,
        "posZ": -5.470565,
        "rotX": 0.054543823,
        "rotY": 150.014618,
        "rotZ": 0.0607573465,
        "scaleX": 1.0,
        "scaleY": 1.0,
        "scaleZ": 1.0
      },
      "Nickname": "Crusaders",
      "Description": "\n",
      "GMNotes": "",
      "ColorDiffuse": {
        "r": 0.9999998,
        "g": 0.992160261,
        "b": 0.9999998
      },
      "Locked": false,
      "Grid": true,
      "Snap": true,
      "IgnoreFoW": false,
      "MeasureMovement": false,
      "DragSelectable": true,
      "Autoraise": true,
      "Sticky": true,
      "Tooltip": true,
      "GridProjection": false,
      "HideWhenFaceDown": false,
      "Hands": false,
      "CustomMesh": {
        "MeshURL": "http://cloud-3.steamusercontent.com/ugc/769481826555173381/21AE9A3524ABD1C315AD1BE8CD8466C11FE9B9C0/",
        "DiffuseURL": "http://cloud-3.steamusercontent.com/ugc/769481826555139022/F32F2CE1F8B424EF32600DF736E34D0A62D28552/",
        "NormalURL": "",
        "ColliderURL": "http://cloud-3.steamusercontent.com/ugc/787504189454001135/584FB18C497C094EB730BFC3AC416126ED9E924B/",
        "Convex": true,
        "MaterialIndex": 3,
        "TypeIndex": 0,
        "CustomShader": {
          "SpecularColor": {
            "r": 1.0,
            "g": 1.0,
            "b": 1.0
          },
          "SpecularIntensity": 0.0,
          "SpecularSharpness": 2.0,
          "FresnelStrength": 0.0
        },
        "CastShadows": true
      },
      "LuaScript": "",
      "LuaScriptState": "",
      "XmlUI": "",
      "GUID": "4c1ca4"
    },
    {
      "Name": "Custom_Model",
      "Transform": {
        "posX": -4.161457,
        "posY": 1.50059652,
        "posZ": -3.62150955,
        "rotX": -0.0043719057,
        "rotY": 194.998413,
        "rotZ": 0.08154681,
        "scaleX": 1.0,
        "scaleY": 1.0,
        "scaleZ": 1.0
      },
      "Nickname": "Crusaders",
      "Description": "\n",
      "GMNotes": "",
      "ColorDiffuse": {
        "r": 0.9999998,
        "g": 0.992160261,
        "b": 0.9999998
      },
      "Locked": false,
      "Grid": true,
      "Snap": true,
      "IgnoreFoW": false,
      "MeasureMovement": false,
      "DragSelectable": true,
      "Autoraise": true,
      "Sticky": true,
      "Tooltip": true,
      "GridProjection": false,
      "HideWhenFaceDown": false,
      "Hands": false,
      "CustomMesh": {
        "MeshURL": "http://cloud-3.steamusercontent.com/ugc/80340029171200786/317AC196C96D7F994BBF22175B29FBC448405E56/",
        "DiffuseURL": "http://cloud-3.steamusercontent.com/ugc/787504189454008799/BD03B1F3ADCE3E5F704C1A2523E89F7DE3182804/",
        "NormalURL": "",
        "ColliderURL": "http://cloud-3.steamusercontent.com/ugc/787504189454001135/584FB18C497C094EB730BFC3AC416126ED9E924B/",
        "Convex": true,
        "MaterialIndex": 3,
        "TypeIndex": 0,
        "CastShadows": true
      },
      "LuaScript": "",
      "LuaScriptState": "",
      "XmlUI": "",
      "GUID": "cace7e"
    },
    {
      "Name": "Custom_Model",
      "Transform": {
        "posX": -2.9098537,
        "posY": 1.48169124,
        "posZ": -6.933973,
        "rotX": 0.0168543328,
        "rotY": 180.01207,
        "rotZ": 0.07987895,
        "scaleX": 1.0,
        "scaleY": 1.0,
        "scaleZ": 1.0
      },
      "Nickname": "Neophytes",
      "Description": "\r\n",
      "GMNotes": "",
      "ColorDiffuse": {
        "r": 0.9999998,
        "g": 0.992160261,
        "b": 0.9999998
      },
      "Locked": false,
      "Grid": true,
      "Snap": true,
      "IgnoreFoW": false,
      "MeasureMovement": false,
      "DragSelectable": true,
      "Autoraise": true,
      "Sticky": true,
      "Tooltip": true,
      "GridProjection": false,
      "HideWhenFaceDown": false,
      "Hands": false,
      "CustomMesh": {
        "MeshURL": "http://cloud-3.steamusercontent.com/ugc/80340029171182795/A9CB0CCE1A152DEF85C7D7D5A477D21ED95B2914/",
        "DiffuseURL": "http://cloud-3.steamusercontent.com/ugc/787504189454009002/52830B87F9E73F4BD45B7EC7FAC19BBD392B416D/",
        "NormalURL": "",
        "ColliderURL": "http://cloud-3.steamusercontent.com/ugc/769481639410724294/DE623BD66F73B5BAEA303E463D9ECB77B0FB1687/",
        "Convex": true,
        "MaterialIndex": 3,
        "TypeIndex": 0,
        "CustomShader": {
          "SpecularColor": {
            "r": 1.0,
            "g": 1.0,
            "b": 1.0
          },
          "SpecularIntensity": 0.0,
          "SpecularSharpness": 2.0,
          "FresnelStrength": 0.0
        },
        "CastShadows": true
      },
      "LuaScript": "",
      "LuaScriptState": "",
      "XmlUI": "",
      "GUID": "24b81c"
    },
    {
      "Name": "Custom_Model",
      "Transform": {
        "posX": -4.02145,
        "posY": 1.499882,
        "posZ": -5.383647,
        "rotX": 0.06842437,
        "rotY": 134.988647,
        "rotZ": 0.0445306376,
        "scaleX": 1.0,
        "scaleY": 1.0,
        "scaleZ": 1.0
      },
      "Nickname": "Crusaders",
      "Description": "\n",
      "GMNotes": "",
      "ColorDiffuse": {
        "r": 0.9999998,
        "g": 0.992160261,
        "b": 0.9999998
      },
      "Locked": false,
      "Grid": true,
      "Snap": true,
      "IgnoreFoW": false,
      "MeasureMovement": false,
      "DragSelectable": true,
      "Autoraise": true,
      "Sticky": true,
      "Tooltip": true,
      "GridProjection": false,
      "HideWhenFaceDown": false,
      "Hands": false,
      "CustomMesh": {
        "MeshURL": "http://cloud-3.steamusercontent.com/ugc/769481826555167348/6207569B29AC80D16A54020F9B5722C9158DC613/",
        "DiffuseURL": "http://cloud-3.steamusercontent.com/ugc/769481826555139022/F32F2CE1F8B424EF32600DF736E34D0A62D28552/",
        "NormalURL": "",
        "ColliderURL": "http://cloud-3.steamusercontent.com/ugc/787504189454001135/584FB18C497C094EB730BFC3AC416126ED9E924B/",
        "Convex": true,
        "MaterialIndex": 3,
        "TypeIndex": 0,
        "CustomShader": {
          "SpecularColor": {
            "r": 1.0,
            "g": 1.0,
            "b": 1.0
          },
          "SpecularIntensity": 0.0,
          "SpecularSharpness": 2.0,
          "FresnelStrength": 0.0
        },
        "CastShadows": true
      },
      "LuaScript": "",
      "LuaScriptState": "",
      "XmlUI": "",
      "GUID": "542495"
    },
    {
      "Name": "Custom_Model",
      "Transform": {
        "posX": -4.0821805,
        "posY": 1.48333716,
        "posZ": -6.89538431,
        "rotX": 0.08155315,
        "rotY": 104.974632,
        "rotZ": 0.004343808,
        "scaleX": 1.0,
        "scaleY": 1.0,
        "scaleZ": 1.0
      },
      "Nickname": "Neophytes",
      "Description": "\r\n",
      "GMNotes": "",
      "ColorDiffuse": {
        "r": 0.9999998,
        "g": 0.992160261,
        "b": 0.9999998
      },
      "Locked": false,
      "Grid": true,
      "Snap": true,
      "IgnoreFoW": false,
      "MeasureMovement": false,
      "DragSelectable": true,
      "Autoraise": true,
      "Sticky": true,
      "Tooltip": true,
      "GridProjection": false,
      "HideWhenFaceDown": false,
      "Hands": false,
      "CustomMesh": {
        "MeshURL": "http://cloud-3.steamusercontent.com/ugc/80340029171184043/F3664F1A0DEE3C35357A9A2F51B28CB74E374C07/",
        "DiffuseURL": "http://cloud-3.steamusercontent.com/ugc/787504189454009002/52830B87F9E73F4BD45B7EC7FAC19BBD392B416D/",
        "NormalURL": "",
        "ColliderURL": "http://cloud-3.steamusercontent.com/ugc/769481639410724294/DE623BD66F73B5BAEA303E463D9ECB77B0FB1687/",
        "Convex": true,
        "MaterialIndex": 3,
        "TypeIndex": 0,
        "CustomShader": {
          "SpecularColor": {
            "r": 1.0,
            "g": 1.0,
            "b": 1.0
          },
          "SpecularIntensity": 0.0,
          "SpecularSharpness": 2.0,
          "FresnelStrength": 0.0
        },
        "CastShadows": true
      },
      "LuaScript": "",
      "LuaScriptState": "",
      "XmlUI": "",
      "GUID": "83eb3d"
    },
    {
      "Name": "Custom_Model",
      "Transform": {
        "posX": -1.56254113,
        "posY": 1.4974736,
        "posZ": -1.92276454,
        "rotX": 0.0169000216,
        "rotY": 179.982635,
        "rotZ": 0.07987038,
        "scaleX": 1.0,
        "scaleY": 1.0,
        "scaleZ": 1.0
      },
      "Nickname": "Crusaders",
      "Description": "\n",
      "GMNotes": "",
      "ColorDiffuse": {
        "r": 0.9999998,
        "g": 0.992160261,
        "b": 0.9999998
      },
      "Locked": false,
      "Grid": true,
      "Snap": true,
      "IgnoreFoW": false,
      "MeasureMovement": false,
      "DragSelectable": true,
      "Autoraise": true,
      "Sticky": true,
      "Tooltip": true,
      "GridProjection": false,
      "HideWhenFaceDown": false,
      "Hands": false,
      "CustomMesh": {
        "MeshURL": "http://cloud-3.steamusercontent.com/ugc/80340029171204093/D89A3116259C0EAAE930A40753690FACE48092EA/",
        "DiffuseURL": "http://cloud-3.steamusercontent.com/ugc/787504189454008799/BD03B1F3ADCE3E5F704C1A2523E89F7DE3182804/",
        "NormalURL": "",
        "ColliderURL": "http://cloud-3.steamusercontent.com/ugc/787504189454001135/584FB18C497C094EB730BFC3AC416126ED9E924B/",
        "Convex": true,
        "MaterialIndex": 3,
        "TypeIndex": 0,
        "CastShadows": true
      },
      "LuaScript": "",
      "LuaScriptState": "",
      "XmlUI": "",
      "GUID": "b7dc12"
    },
    {
      "Name": "Custom_Model",
      "Transform": {
        "posX": -1.20752156,
        "posY": 1.49642515,
        "posZ": -3.801814,
        "rotX": 0.0168259218,
        "rotY": 180.02124,
        "rotZ": 0.07989264,
        "scaleX": 1.0,
        "scaleY": 1.0,
        "scaleZ": 1.0
      },
      "Nickname": "Crusaders",
      "Description": "\n",
      "GMNotes": "",
      "ColorDiffuse": {
        "r": 0.9999998,
        "g": 0.992160261,
        "b": 0.9999998
      },
      "Locked": false,
      "Grid": true,
      "Snap": true,
      "IgnoreFoW": false,
      "MeasureMovement": false,
      "DragSelectable": true,
      "Autoraise": true,
      "Sticky": true,
      "Tooltip": true,
      "GridProjection": false,
      "HideWhenFaceDown": false,
      "Hands": false,
      "CustomMesh": {
        "MeshURL": "http://cloud-3.steamusercontent.com/ugc/80340029171201604/0D01A72CB4FDFF106E66BD06282C5D59E1F88D58/",
        "DiffuseURL": "http://cloud-3.steamusercontent.com/ugc/787504189454008799/BD03B1F3ADCE3E5F704C1A2523E89F7DE3182804/",
        "NormalURL": "",
        "ColliderURL": "http://cloud-3.steamusercontent.com/ugc/787504189454001135/584FB18C497C094EB730BFC3AC416126ED9E924B/",
        "Convex": true,
        "MaterialIndex": 3,
        "TypeIndex": 0,
        "CastShadows": true
      },
      "LuaScript": "",
      "LuaScriptState": "",
      "XmlUI": "",
      "GUID": "3d52e8"
    },
    {
      "Name": "Custom_Model",
      "Transform": {
        "posX": -1.26720417,
        "posY": 1.49602163,
        "posZ": -5.453106,
        "rotX": 0.0369602367,
        "rotY": 165.00148,
        "rotZ": 0.07278845,
        "scaleX": 1.0,
        "scaleY": 1.0,
        "scaleZ": 1.0
      },
      "Nickname": "Crusaders",
      "Description": "\n",
      "GMNotes": "",
      "ColorDiffuse": {
        "r": 0.9999998,
        "g": 0.992160261,
        "b": 0.9999998
      },
      "Locked": false,
      "Grid": true,
      "Snap": true,
      "IgnoreFoW": false,
      "MeasureMovement": false,
      "DragSelectable": true,
      "Autoraise": true,
      "Sticky": true,
      "Tooltip": true,
      "GridProjection": false,
      "HideWhenFaceDown": false,
      "Hands": false,
      "CustomMesh": {
        "MeshURL": "http://cloud-3.steamusercontent.com/ugc/769481826555144843/78B75FDB50E8D14B2C5A51FDC8F63BC5B860EA11/",
        "DiffuseURL": "http://cloud-3.steamusercontent.com/ugc/769481826555139022/F32F2CE1F8B424EF32600DF736E34D0A62D28552/",
        "NormalURL": "",
        "ColliderURL": "http://cloud-3.steamusercontent.com/ugc/787504189454001135/584FB18C497C094EB730BFC3AC416126ED9E924B/",
        "Convex": true,
        "MaterialIndex": 3,
        "TypeIndex": 0,
        "CustomShader": {
          "SpecularColor": {
            "r": 1.0,
            "g": 1.0,
            "b": 1.0
          },
          "SpecularIntensity": 0.0,
          "SpecularSharpness": 2.0,
          "FresnelStrength": 0.0
        },
        "CastShadows": true
      },
      "LuaScript": "",
      "LuaScriptState": "",
      "XmlUI": "",
      "GUID": "5ae98b"
    },
    {
      "Name": "Custom_Model",
      "Transform": {
        "posX": 0.382051528,
        "posY": 1.49478006,
        "posZ": -1.86308944,
        "rotX": 0.0168403089,
        "rotY": 180.021088,
        "rotZ": 0.07987145,
        "scaleX": 1.0,
        "scaleY": 1.0,
        "scaleZ": 1.0
      },
      "Nickname": "Crusaders",
      "Description": "\n",
      "GMNotes": "",
      "ColorDiffuse": {
        "r": 0.9999998,
        "g": 0.992160261,
        "b": 0.9999998
      },
      "Locked": false,
      "Grid": true,
      "Snap": true,
      "IgnoreFoW": false,
      "MeasureMovement": false,
      "DragSelectable": true,
      "Autoraise": true,
      "Sticky": true,
      "Tooltip": true,
      "GridProjection": false,
      "HideWhenFaceDown": false,
      "Hands": false,
      "CustomMesh": {
        "MeshURL": "http://cloud-3.steamusercontent.com/ugc/80340029171204675/09A46BEBB5A5DC463D098521FE544BA0DB5AD521/",
        "DiffuseURL": "http://cloud-3.steamusercontent.com/ugc/787504189454008799/BD03B1F3ADCE3E5F704C1A2523E89F7DE3182804/",
        "NormalURL": "",
        "ColliderURL": "http://cloud-3.steamusercontent.com/ugc/787504189454001135/584FB18C497C094EB730BFC3AC416126ED9E924B/",
        "Convex": true,
        "MaterialIndex": 3,
        "TypeIndex": 0,
        "CastShadows": true
      },
      "LuaScript": "",
      "LuaScriptState": "",
      "XmlUI": "",
      "GUID": "7a92a7"
    },
    {
      "Name": "Custom_Model",
      "Transform": {
        "posX": -0.260902226,
        "posY": 1.47952318,
        "posZ": -7.980173,
        "rotX": 0.0168800652,
        "rotY": 180.0,
        "rotZ": 0.07987348,
        "scaleX": 1.0,
        "scaleY": 1.0,
        "scaleZ": 1.0
      },
      "Nickname": "Cenobite Servitor",
      "Description": "\r\r",
      "GMNotes": "",
      "ColorDiffuse": {
        "r": 0.9999998,
        "g": 0.992165,
        "b": 0.9999998
      },
      "Locked": false,
      "Grid": true,
      "Snap": false,
      "IgnoreFoW": false,
      "MeasureMovement": false,
      "DragSelectable": true,
      "Autoraise": true,
      "Sticky": false,
      "Tooltip": true,
      "GridProjection": false,
      "HideWhenFaceDown": false,
      "Hands": false,
      "CustomMesh": {
        "MeshURL": "http://cloud-3.steamusercontent.com/ugc/769481826565597581/EBD4E162D6EF0D70983C9D0BCDF4D4F5BE48911C/",
        "DiffuseURL": "http://cloud-3.steamusercontent.com/ugc/769481826565598003/B70E84A449B71AF8B0E90372D8C1360DA9BCB912/",
        "NormalURL": "",
        "ColliderURL": "http://cloud-3.steamusercontent.com/ugc/785235974151698166/76F2B70C012D41AEB101E555653209AAA0144904/",
        "Convex": true,
        "MaterialIndex": 3,
        "TypeIndex": 1,
        "CustomShader": {
          "SpecularColor": {
            "r": 1.0,
            "g": 1.0,
            "b": 1.0
          },
          "SpecularIntensity": 0.0,
          "SpecularSharpness": 2.0,
          "FresnelStrength": 0.0
        },
        "CastShadows": true
      },
      "LuaScript": "",
      "LuaScriptState": "",
      "XmlUI": "",
      "GUID": "de1710"
    },
    {
      "Name": "Custom_Model",
      "Transform": {
        "posX": 1.00436461,
        "posY": 1.493283,
        "posZ": -3.99988031,
        "rotX": 0.0369748,
        "rotY": 165.011414,
        "rotZ": 0.07280133,
        "scaleX": 1.0,
        "scaleY": 1.0,
        "scaleZ": 1.0
      },
      "Nickname": "Sword Brothers",
      "Description": "\n",
      "GMNotes": "",
      "ColorDiffuse": {
        "r": 0.9999998,
        "g": 0.992160261,
        "b": 0.9999998
      },
      "Locked": false,
      "Grid": true,
      "Snap": true,
      "IgnoreFoW": false,
      "MeasureMovement": false,
      "DragSelectable": true,
      "Autoraise": true,
      "Sticky": true,
      "Tooltip": true,
      "GridProjection": false,
      "HideWhenFaceDown": false,
      "Hands": false,
      "CustomMesh": {
        "MeshURL": "http://cloud-3.steamusercontent.com/ugc/80340029171186187/A632D7A808980ADF96399887C9BDCD00565C55E3/",
        "DiffuseURL": "http://cloud-3.steamusercontent.com/ugc/787504189454009307/2A76B7158C17805CD5EC97F745E231E4974F8D2A/",
        "NormalURL": "",
        "ColliderURL": "http://cloud-3.steamusercontent.com/ugc/787504189454001135/584FB18C497C094EB730BFC3AC416126ED9E924B/",
        "Convex": true,
        "MaterialIndex": 3,
        "TypeIndex": 0,
        "CastShadows": true
      },
      "LuaScript": "",
      "LuaScriptState": "",
      "XmlUI": "",
      "GUID": "551d01"
    },
    {
      "Name": "Custom_Model",
      "Transform": {
        "posX": 1.24591553,
        "posY": 1.49232352,
        "posZ": -6.11747169,
        "rotX": 0.0169443078,
        "rotY": 180.012,
        "rotZ": 0.07983221,
        "scaleX": 1.0,
        "scaleY": 1.0,
        "scaleZ": 1.0
      },
      "Nickname": "Sword Brothers",
      "Description": "\n",
      "GMNotes": "",
      "ColorDiffuse": {
        "r": 0.9999998,
        "g": 0.992160261,
        "b": 0.9999998
      },
      "Locked": false,
      "Grid": true,
      "Snap": true,
      "IgnoreFoW": false,
      "MeasureMovement": false,
      "DragSelectable": true,
      "Autoraise": true,
      "Sticky": true,
      "Tooltip": true,
      "GridProjection": false,
      "HideWhenFaceDown": false,
      "Hands": false,
      "CustomMesh": {
        "MeshURL": "http://cloud-3.steamusercontent.com/ugc/769481639413357131/89189F9395FD26218853BB22121A883307D83835/",
        "DiffuseURL": "http://cloud-3.steamusercontent.com/ugc/787504189454009307/2A76B7158C17805CD5EC97F745E231E4974F8D2A/",
        "NormalURL": "",
        "ColliderURL": "http://cloud-3.steamusercontent.com/ugc/787504189454001135/584FB18C497C094EB730BFC3AC416126ED9E924B/",
        "Convex": true,
        "MaterialIndex": 3,
        "TypeIndex": 0,
        "CustomShader": {
          "SpecularColor": {
            "r": 1.0,
            "g": 1.0,
            "b": 1.0
          },
          "SpecularIntensity": 0.0,
          "SpecularSharpness": 2.0,
          "FresnelStrength": 0.0
        },
        "CastShadows": true
      },
      "LuaScript": "",
      "LuaScriptState": "",
      "XmlUI": "",
      "GUID": "cf64f6"
    },
    {
      "Name": "Custom_Model",
      "Transform": {
        "posX": 1.31913233,
        "posY": 1.47732043,
        "posZ": -7.98020029,
        "rotX": 0.0168821588,
        "rotY": 179.999924,
        "rotZ": 0.07986636,
        "scaleX": 1.0,
        "scaleY": 1.0,
        "scaleZ": 1.0
      },
      "Nickname": "Cenobite Servitor",
      "Description": "\r\r",
      "GMNotes": "",
      "ColorDiffuse": {
        "r": 0.9999998,
        "g": 0.992165,
        "b": 0.9999998
      },
      "Locked": false,
      "Grid": true,
      "Snap": false,
      "IgnoreFoW": false,
      "MeasureMovement": false,
      "DragSelectable": true,
      "Autoraise": true,
      "Sticky": false,
      "Tooltip": true,
      "GridProjection": false,
      "HideWhenFaceDown": false,
      "Hands": false,
      "CustomMesh": {
        "MeshURL": "http://cloud-3.steamusercontent.com/ugc/769481826565598918/A4323E372B108A65B95E4190E4D8D877095286C5/",
        "DiffuseURL": "http://cloud-3.steamusercontent.com/ugc/769481826565599494/CCF9088B106999D574C7001A09ACD45B541C3B2F/",
        "NormalURL": "",
        "ColliderURL": "http://cloud-3.steamusercontent.com/ugc/785235974151698166/76F2B70C012D41AEB101E555653209AAA0144904/",
        "Convex": true,
        "MaterialIndex": 3,
        "TypeIndex": 1,
        "CustomShader": {
          "SpecularColor": {
            "r": 1.0,
            "g": 1.0,
            "b": 1.0
          },
          "SpecularIntensity": 0.0,
          "SpecularSharpness": 2.0,
          "FresnelStrength": 0.0
        },
        "CastShadows": true
      },
      "LuaScript": "",
      "LuaScriptState": "",
      "XmlUI": "",
      "GUID": "7effd8"
    },
    {
      "Name": "Custom_Model",
      "Transform": {
        "posX": 2.724578,
        "posY": 1.49091089,
        "posZ": -3.91335678,
        "rotX": -0.004401583,
        "rotY": 195.012115,
        "rotZ": 0.08150881,
        "scaleX": 1.0,
        "scaleY": 1.0,
        "scaleZ": 1.0
      },
      "Nickname": "Sword Brothers",
      "Description": "\n",
      "GMNotes": "",
      "ColorDiffuse": {
        "r": 0.9999998,
        "g": 0.992160261,
        "b": 0.9999998
      },
      "Locked": false,
      "Grid": true,
      "Snap": true,
      "IgnoreFoW": false,
      "MeasureMovement": false,
      "DragSelectable": true,
      "Autoraise": true,
      "Sticky": true,
      "Tooltip": true,
      "GridProjection": false,
      "HideWhenFaceDown": false,
      "Hands": false,
      "CustomMesh": {
        "MeshURL": "http://cloud-3.steamusercontent.com/ugc/80340029171186626/24B5BB6040B12F7FE0395422B69ED8784E815E90/",
        "DiffuseURL": "http://cloud-3.steamusercontent.com/ugc/787504189454009307/2A76B7158C17805CD5EC97F745E231E4974F8D2A/",
        "NormalURL": "",
        "ColliderURL": "http://cloud-3.steamusercontent.com/ugc/787504189454001135/584FB18C497C094EB730BFC3AC416126ED9E924B/",
        "Convex": true,
        "MaterialIndex": 3,
        "TypeIndex": 0,
        "CastShadows": true
      },
      "LuaScript": "",
      "LuaScriptState": "",
      "XmlUI": "",
      "GUID": "532a00"
    },
    {
      "Name": "Custom_Model",
      "Transform": {
        "posX": 3.04421878,
        "posY": 1.48984146,
        "posZ": -6.032418,
        "rotX": 0.0168569311,
        "rotY": 180.01265,
        "rotZ": 0.07987357,
        "scaleX": 1.0,
        "scaleY": 1.0,
        "scaleZ": 1.0
      },
      "Nickname": "Sword Brothers",
      "Description": "\n",
      "GMNotes": "",
      "ColorDiffuse": {
        "r": 0.9999998,
        "g": 0.992160261,
        "b": 0.9999998
      },
      "Locked": false,
      "Grid": true,
      "Snap": true,
      "IgnoreFoW": false,
      "MeasureMovement": false,
      "DragSelectable": true,
      "Autoraise": true,
      "Sticky": true,
      "Tooltip": true,
      "GridProjection": false,
      "HideWhenFaceDown": false,
      "Hands": false,
      "CustomMesh": {
        "MeshURL": "http://cloud-3.steamusercontent.com/ugc/769481639413374284/D998D1675145BCAB2AC67ED3746156F4813D0FB5/",
        "DiffuseURL": "http://cloud-3.steamusercontent.com/ugc/787504189454009307/2A76B7158C17805CD5EC97F745E231E4974F8D2A/",
        "NormalURL": "",
        "ColliderURL": "http://cloud-3.steamusercontent.com/ugc/787504189454001135/584FB18C497C094EB730BFC3AC416126ED9E924B/",
        "Convex": true,
        "MaterialIndex": 3,
        "TypeIndex": 0,
        "CustomShader": {
          "SpecularColor": {
            "r": 1.0,
            "g": 1.0,
            "b": 1.0
          },
          "SpecularIntensity": 0.0,
          "SpecularSharpness": 2.0,
          "FresnelStrength": 0.0
        },
        "CastShadows": true
      },
      "LuaScript": "",
      "LuaScriptState": "",
      "XmlUI": "",
      "GUID": "713146"
    },
    {
      "Name": "Custom_Model",
      "Transform": {
        "posX": 2.89895487,
        "posY": 1.47511816,
        "posZ": -7.98024,
        "rotX": -0.004345389,
        "rotY": 195.0,
        "rotZ": 0.08151602,
        "scaleX": 1.0,
        "scaleY": 1.0,
        "scaleZ": 1.0
      },
      "Nickname": "Cenobite Servitor",
      "Description": "\r\r",
      "GMNotes": "",
      "ColorDiffuse": {
        "r": 0.9999998,
        "g": 0.992165,
        "b": 0.9999998
      },
      "Locked": false,
      "Grid": true,
      "Snap": false,
      "IgnoreFoW": false,
      "MeasureMovement": false,
      "DragSelectable": true,
      "Autoraise": true,
      "Sticky": false,
      "Tooltip": true,
      "GridProjection": false,
      "HideWhenFaceDown": false,
      "Hands": false,
      "CustomMesh": {
        "MeshURL": "http://cloud-3.steamusercontent.com/ugc/769481826565600556/F4BB9EACE4E5A353AE94A29A2051E90C02B0DA97/",
        "DiffuseURL": "http://cloud-3.steamusercontent.com/ugc/769481826565601060/3C7FCDDB02547BF7DAAC3BBE4D114C729FE9684E/",
        "NormalURL": "",
        "ColliderURL": "http://cloud-3.steamusercontent.com/ugc/785235974151698166/76F2B70C012D41AEB101E555653209AAA0144904/",
        "Convex": true,
        "MaterialIndex": 3,
        "TypeIndex": 1,
        "CustomShader": {
          "SpecularColor": {
            "r": 1.0,
            "g": 1.0,
            "b": 1.0
          },
          "SpecularIntensity": 0.0,
          "SpecularSharpness": 2.0,
          "FresnelStrength": 0.0
        },
        "CastShadows": true
      },
      "LuaScript": "",
      "LuaScriptState": "",
      "XmlUI": "",
      "GUID": "686ec7"
    },
    {
      "Name": "Custom_Model",
      "Transform": {
        "posX": 4.710331,
        "posY": 1.48811638,
        "posZ": -4.000434,
        "rotX": 0.0168448314,
        "rotY": 180.00386,
        "rotZ": 0.07989579,
        "scaleX": 1.0,
        "scaleY": 1.0,
        "scaleZ": 1.0
      },
      "Nickname": "Sword Brothers",
      "Description": "\n",
      "GMNotes": "",
      "ColorDiffuse": {
        "r": 0.9999998,
        "g": 0.992160261,
        "b": 0.9999998
      },
      "Locked": false,
      "Grid": true,
      "Snap": true,
      "IgnoreFoW": false,
      "MeasureMovement": false,
      "DragSelectable": true,
      "Autoraise": true,
      "Sticky": true,
      "Tooltip": true,
      "GridProjection": false,
      "HideWhenFaceDown": false,
      "Hands": false,
      "CustomMesh": {
        "MeshURL": "http://cloud-3.steamusercontent.com/ugc/769481639413335067/D2075A470D5B0898C925BE83E068C3E6B9A75593/",
        "DiffuseURL": "http://cloud-3.steamusercontent.com/ugc/787504189454009307/2A76B7158C17805CD5EC97F745E231E4974F8D2A/",
        "NormalURL": "",
        "ColliderURL": "http://cloud-3.steamusercontent.com/ugc/787504189454001135/584FB18C497C094EB730BFC3AC416126ED9E924B/",
        "Convex": true,
        "MaterialIndex": 3,
        "TypeIndex": 0,
        "CustomShader": {
          "SpecularColor": {
            "r": 1.0,
            "g": 1.0,
            "b": 1.0
          },
          "SpecularIntensity": 0.0,
          "SpecularSharpness": 2.0,
          "FresnelStrength": 0.0
        },
        "CastShadows": true
      },
      "LuaScript": "",
      "LuaScriptState": "",
      "XmlUI": "",
      "GUID": "9be0b0"
    },
    {
      "Name": "Custom_Model",
      "Transform": {
        "posX": 4.822074,
        "posY": 1.48733568,
        "posZ": -6.124823,
        "rotX": 0.0168396663,
        "rotY": 180.012329,
        "rotZ": 0.07989885,
        "scaleX": 1.0,
        "scaleY": 1.0,
        "scaleZ": 1.0
      },
      "Nickname": "Sword Brothers",
      "Description": "\n",
      "GMNotes": "",
      "ColorDiffuse": {
        "r": 0.9999998,
        "g": 0.992160261,
        "b": 0.9999998
      },
      "Locked": false,
      "Grid": true,
      "Snap": true,
      "IgnoreFoW": false,
      "MeasureMovement": false,
      "DragSelectable": true,
      "Autoraise": true,
      "Sticky": true,
      "Tooltip": true,
      "GridProjection": false,
      "HideWhenFaceDown": false,
      "Hands": false,
      "CustomMesh": {
        "MeshURL": "http://cloud-3.steamusercontent.com/ugc/80340029171187118/05D93355EEBEB58576D6E778D326E5F6AA0CB700/",
        "DiffuseURL": "http://cloud-3.steamusercontent.com/ugc/787504189454009307/2A76B7158C17805CD5EC97F745E231E4974F8D2A/",
        "NormalURL": "",
        "ColliderURL": "http://cloud-3.steamusercontent.com/ugc/787504189454001135/584FB18C497C094EB730BFC3AC416126ED9E924B/",
        "Convex": true,
        "MaterialIndex": 3,
        "TypeIndex": 0,
        "CastShadows": true
      },
      "LuaScript": "",
      "LuaScriptState": "",
      "XmlUI": "",
      "GUID": "371917"
    }
  ],
  "LuaScript": "--",
  "LuaScriptState": "",
  "XmlUI": "<!-- Xml UI. See documentation: https://api.tabletopsimulator.com/ui/introUI/ -->",
  "VersionNumber": "v12.4.3"
}