{
  "SaveName": "Assorted Buildings",
  "GameMode": "40k Fortifications",
  "Gravity": 0.5,
  "PlayArea": 0.5,
  "Date": "3/1/2020 12:40:20 AM",
  "Table": "Table_Custom",
  "TableURL": "http://cloud-3.steamusercontent.com/ugc/787505667313810272/A6547B7227C68558D0E8B078A3CD53501438242D/",
  "Sky": "Sky_Tunnel",
  "Note": "",
  "Rules": "",
  "XmlUI": "<!-- Xml UI. See documentation: https://api.tabletopsimulator.com/ui/introUI/ -->",
  "LuaScript": "--[[ Lua code. See documentation: https://api.tabletopsimulator.com/ --]]\n\n--[[ The onLoad event is called after the game save finishes loading. --]]\nfunction onLoad()\n    --[[ print('onLoad!') --]]\nend\n\n--[[ The onUpdate event is called once per frame. --]]\nfunction onUpdate()\n    --[[ print('onUpdate loop!') --]]\nend",
  "LuaScriptState": "",
  "Grid": {
    "Type": 0,
    "Lines": false,
    "Color": {
      "r": 0.0,
      "g": 0.0,
      "b": 0.0
    },
    "Opacity": 0.75,
    "ThickLines": false,
    "Snapping": false,
    "Offset": false,
    "BothSnapping": false,
    "xSize": 0.5,
    "ySize": 0.5,
    "PosOffset": {
      "x": 0.0,
      "y": 1.0,
      "z": 0.0
    }
  },
  "Lighting": {
    "LightIntensity": 0.54,
    "LightColor": {
      "r": 1.0,
      "g": 0.9804,
      "b": 0.8902
    },
    "AmbientIntensity": 1.3,
    "AmbientType": 0,
    "AmbientSkyColor": {
      "r": 0.5,
      "g": 0.5,
      "b": 0.5
    },
    "AmbientEquatorColor": {
      "r": 0.5,
      "g": 0.5,
      "b": 0.5
    },
    "AmbientGroundColor": {
      "r": 0.5,
      "g": 0.5,
      "b": 0.5
    },
    "ReflectionIntensity": 1.0,
    "LutIndex": 0,
    "LutContribution": 1.0
  },
  "Hands": {
    "Enable": true,
    "DisableUnused": false,
    "Hiding": 0,
    "HandTransforms": [
      {
        "Color": "Blue",
        "Transform": {
          "posX": 23.6700039,
          "posY": 3.23855448,
          "posZ": 34.4527626,
          "rotX": 0.0,
          "rotY": 179.8,
          "rotZ": 0.0,
          "scaleX": 15.3271561,
          "scaleY": 11.8970528,
          "scaleZ": 6.35028458
        }
      },
      {
        "Color": "Brown",
        "Transform": {
          "posX": 0.0,
          "posY": 3.23855448,
          "posZ": -34.42515,
          "rotX": 0.0,
          "rotY": 0.0,
          "rotZ": 0.0,
          "scaleX": 15.3268919,
          "scaleY": 11.8970528,
          "scaleZ": 6.35014534
        }
      },
      {
        "Color": "Green",
        "Transform": {
          "posX": -23.6700039,
          "posY": 3.23855448,
          "posZ": 34.43159,
          "rotX": 0.0,
          "rotY": 180.0,
          "rotZ": 0.0,
          "scaleX": 15.3268747,
          "scaleY": 11.8970528,
          "scaleZ": 6.35014534
        }
      },
      {
        "Color": "Orange",
        "Transform": {
          "posX": -51.6596222,
          "posY": 3.23855448,
          "posZ": -11.7324,
          "rotX": 0.0,
          "rotY": 90.0,
          "rotZ": 0.0,
          "scaleX": 15.1942663,
          "scaleY": 11.8970528,
          "scaleZ": 6.40581226
        }
      },
      {
        "Color": "Pink",
        "Transform": {
          "posX": 51.64263,
          "posY": 3.23855448,
          "posZ": -11.7324,
          "rotX": 0.0,
          "rotY": 270.0,
          "rotZ": 0.0,
          "scaleX": 15.1942511,
          "scaleY": 11.8970528,
          "scaleZ": 6.40581226
        }
      },
      {
        "Color": "Purple",
        "Transform": {
          "posX": 51.5785675,
          "posY": 3.23855448,
          "posZ": 11.7324,
          "rotX": 0.0,
          "rotY": 270.0,
          "rotZ": 0.0,
          "scaleX": 15.194252,
          "scaleY": 11.8970528,
          "scaleZ": 6.40581226
        }
      },
      {
        "Color": "Red",
        "Transform": {
          "posX": -23.6700039,
          "posY": 3.23855448,
          "posZ": -34.42515,
          "rotX": 0.0,
          "rotY": 0.0,
          "rotZ": 0.0,
          "scaleX": 15.3268948,
          "scaleY": 11.8970528,
          "scaleZ": 6.35014534
        }
      },
      {
        "Color": "Teal",
        "Transform": {
          "posX": 0.0,
          "posY": 3.23855448,
          "posZ": 34.4527626,
          "rotX": 0.0,
          "rotY": 179.800049,
          "rotZ": 0.0,
          "scaleX": 15.3271589,
          "scaleY": 11.8970528,
          "scaleZ": 6.35028458
        }
      },
      {
        "Color": "White",
        "Transform": {
          "posX": 23.6700039,
          "posY": 3.23855448,
          "posZ": -34.2558136,
          "rotX": 0.0,
          "rotY": 0.0,
          "rotZ": 0.0,
          "scaleX": 15.3268747,
          "scaleY": 11.8970547,
          "scaleZ": 6.705048
        }
      },
      {
        "Color": "Yellow",
        "Transform": {
          "posX": -51.6596222,
          "posY": 3.23855448,
          "posZ": 11.7324,
          "rotX": 0.0,
          "rotY": 90.0,
          "rotZ": 0.0,
          "scaleX": 15.1942644,
          "scaleY": 11.8970528,
          "scaleZ": 6.40581226
        }
      }
    ]
  },
  "Turns": {
    "Enable": false,
    "Type": 0,
    "TurnOrder": [],
    "Reverse": false,
    "SkipEmpty": false,
    "DisableInteractions": false,
    "PassTurns": true
  },
  "ObjectStates": [
    {
      "Name": "Custom_Model",
      "Transform": {
        "posX": -41.64891,
        "posY": 2.728652,
        "posZ": 23.035862,
        "rotX": 359.97583,
        "rotY": 270.010742,
        "rotZ": -9.396513E-07,
        "scaleX": 0.875,
        "scaleY": 0.875,
        "scaleZ": 0.875
      },
      "Nickname": "Comm Relay Station - 6 man",
      "Description": "",
      "GMNotes": "",
      "ColorDiffuse": {
        "r": 0.9999998,
        "g": 0.9921611,
        "b": 0.9999998
      },
      "Locked": false,
      "Grid": true,
      "Snap": true,
      "IgnoreFoW": false,
      "Autoraise": true,
      "Sticky": true,
      "Tooltip": true,
      "GridProjection": false,
      "HideWhenFaceDown": false,
      "Hands": false,
      "CustomMesh": {
        "MeshURL": "http://cloud-3.steamusercontent.com/ugc/787505667313810376/4ECE3239076FD1C0583E2CE2E2401B772CECC1CE/",
        "DiffuseURL": "http://cloud-3.steamusercontent.com/ugc/787505667313810463/6D29EC26AA5BA5D70087F2A36E9427368AEA946B/",
        "NormalURL": "",
        "ColliderURL": "",
        "Convex": true,
        "MaterialIndex": 3,
        "TypeIndex": 0,
        "CastShadows": true
      },
      "XmlUI": "",
      "LuaScript": "",
      "LuaScriptState": "",
      "GUID": "c2417f"
    },
    {
      "Name": "Custom_Model",
      "Transform": {
        "posX": -27.70448,
        "posY": 2.70808125,
        "posZ": 24.17452,
        "rotX": 359.9867,
        "rotY": 0.0005852919,
        "rotZ": 2.57771973E-07,
        "scaleX": 0.875,
        "scaleY": 0.875,
        "scaleZ": 0.875
      },
      "Nickname": "Guard Tower - 4 man",
      "Description": "",
      "GMNotes": "",
      "ColorDiffuse": {
        "r": 0.9999998,
        "g": 0.992160857,
        "b": 0.9999998
      },
      "Locked": false,
      "Grid": true,
      "Snap": true,
      "IgnoreFoW": false,
      "Autoraise": true,
      "Sticky": true,
      "Tooltip": true,
      "GridProjection": false,
      "HideWhenFaceDown": false,
      "Hands": false,
      "CustomMesh": {
        "MeshURL": "http://cloud-3.steamusercontent.com/ugc/787505667313810570/4014EED1A5A1D63782B8DBAB55DBB008A451A2EE/",
        "DiffuseURL": "http://cloud-3.steamusercontent.com/ugc/787505667313810646/D0B06C61B160E26D2E8C078F3A4CB3447ADC4C82/",
        "NormalURL": "",
        "ColliderURL": "",
        "Convex": true,
        "MaterialIndex": 3,
        "TypeIndex": 0,
        "CastShadows": true
      },
      "XmlUI": "",
      "LuaScript": "",
      "LuaScriptState": "",
      "GUID": "146ff0"
    },
    {
      "Name": "Custom_Model",
      "Transform": {
        "posX": -14.3151665,
        "posY": 2.95029521,
        "posZ": 24.383194,
        "rotX": 359.992126,
        "rotY": 359.9802,
        "rotZ": 8.315682E-06,
        "scaleX": 1.0,
        "scaleY": 1.0,
        "scaleZ": 1.0
      },
      "Nickname": "Waystation - 5 man",
      "Description": "",
      "GMNotes": "",
      "ColorDiffuse": {
        "r": 0.9999998,
        "g": 0.992161334,
        "b": 0.9999998
      },
      "Locked": false,
      "Grid": true,
      "Snap": true,
      "IgnoreFoW": false,
      "Autoraise": true,
      "Sticky": true,
      "Tooltip": true,
      "GridProjection": false,
      "HideWhenFaceDown": false,
      "Hands": false,
      "CustomMesh": {
        "MeshURL": "http://cloud-3.steamusercontent.com/ugc/787505667313810776/BB694BD615F19C8716F1584C2247C37F3CC75D44/",
        "DiffuseURL": "http://cloud-3.steamusercontent.com/ugc/787505667313810861/AD26998E3CB500C70320A7B4C227D0AFB364AFAC/",
        "NormalURL": "",
        "ColliderURL": "",
        "Convex": true,
        "MaterialIndex": 3,
        "TypeIndex": 0,
        "CastShadows": true
      },
      "XmlUI": "",
      "LuaScript": "",
      "LuaScriptState": "",
      "GUID": "5033a9"
    },
    {
      "Name": "Custom_Model",
      "Transform": {
        "posX": -44.97529,
        "posY": 2.40984821,
        "posZ": 10.8436413,
        "rotX": -7.7120427E-07,
        "rotY": 180.001953,
        "rotZ": 1.78591949E-06,
        "scaleX": 0.875,
        "scaleY": 0.875,
        "scaleZ": 0.875
      },
      "Nickname": "building_barricade_sb_block_01",
      "Description": "",
      "GMNotes": "",
      "ColorDiffuse": {
        "r": 0.9999998,
        "g": 0.9921618,
        "b": 0.9999998
      },
      "Locked": false,
      "Grid": true,
      "Snap": true,
      "IgnoreFoW": false,
      "Autoraise": true,
      "Sticky": true,
      "Tooltip": true,
      "GridProjection": false,
      "HideWhenFaceDown": false,
      "Hands": false,
      "CustomMesh": {
        "MeshURL": "http://cloud-3.steamusercontent.com/ugc/787505667313810960/5EB065245EFCEA78BFD26DDCBE92CBAB84975B2B/",
        "DiffuseURL": "http://cloud-3.steamusercontent.com/ugc/787505667313811035/1A811130C3A4B36C7C46DD499293F061BF29D1D2/",
        "NormalURL": "",
        "ColliderURL": "",
        "Convex": true,
        "MaterialIndex": 3,
        "TypeIndex": 0,
        "CastShadows": true
      },
      "XmlUI": "",
      "LuaScript": "",
      "LuaScriptState": "",
      "GUID": "4214da"
    },
    {
      "Name": "Custom_Model",
      "Transform": {
        "posX": -40.01551,
        "posY": 0.957549036,
        "posZ": 10.9667721,
        "rotX": 1.34781192E-06,
        "rotY": 180.014282,
        "rotZ": -1.03393432E-07,
        "scaleX": 0.875,
        "scaleY": 0.875,
        "scaleZ": 0.875
      },
      "Nickname": "Construction Barricade",
      "Description": "",
      "GMNotes": "",
      "ColorDiffuse": {
        "r": 0.9999998,
        "g": 0.9921625,
        "b": 0.9999998
      },
      "Locked": false,
      "Grid": true,
      "Snap": true,
      "IgnoreFoW": false,
      "Autoraise": true,
      "Sticky": true,
      "Tooltip": true,
      "GridProjection": false,
      "HideWhenFaceDown": false,
      "Hands": false,
      "CustomMesh": {
        "MeshURL": "http://cloud-3.steamusercontent.com/ugc/787505667313811130/690D454DC27B247D96594631C83BB3B0C4400907/",
        "DiffuseURL": "http://cloud-3.steamusercontent.com/ugc/787505667313811215/FFFE3390C937430CAB575EFE8EFBFDFA8225B272/",
        "NormalURL": "",
        "ColliderURL": "",
        "Convex": true,
        "MaterialIndex": 3,
        "TypeIndex": 0,
        "CastShadows": true
      },
      "XmlUI": "",
      "LuaScript": "",
      "LuaScriptState": "",
      "GUID": "a29469"
    },
    {
      "Name": "Custom_Model",
      "Transform": {
        "posX": -35.3601875,
        "posY": 1.10600019,
        "posZ": 10.8811474,
        "rotX": -4.92738445E-06,
        "rotY": 0.0268715452,
        "rotZ": 1.891938E-07,
        "scaleX": 1.0,
        "scaleY": 1.0,
        "scaleZ": 1.0
      },
      "Nickname": "Tank Trap",
      "Description": "",
      "GMNotes": "",
      "ColorDiffuse": {
        "r": 0.9999998,
        "g": 0.992160857,
        "b": 0.9999998
      },
      "Locked": false,
      "Grid": true,
      "Snap": true,
      "IgnoreFoW": false,
      "Autoraise": true,
      "Sticky": true,
      "Tooltip": true,
      "GridProjection": false,
      "HideWhenFaceDown": false,
      "Hands": false,
      "CustomMesh": {
        "MeshURL": "http://cloud-3.steamusercontent.com/ugc/787505667313780483/00AFBFA0B2B6528C02DE48E56353CFB1A304B1E1/",
        "DiffuseURL": "http://cloud-3.steamusercontent.com/ugc/787505667313780566/BE221204992FBFC5FB142B6AB97E00FE74AB2166/",
        "NormalURL": "",
        "ColliderURL": "",
        "Convex": true,
        "MaterialIndex": 3,
        "TypeIndex": 0,
        "CastShadows": true
      },
      "XmlUI": "",
      "LuaScript": "",
      "LuaScriptState": "",
      "GUID": "cb41bc"
    },
    {
      "Name": "Custom_Model",
      "Transform": {
        "posX": 3.07541823,
        "posY": 1.908239,
        "posZ": 20.1838932,
        "rotX": 2.77022045E-05,
        "rotY": 90.00395,
        "rotZ": -0.00474832533,
        "scaleX": 1.0,
        "scaleY": 1.0,
        "scaleZ": 1.0
      },
      "Nickname": "Bunker - 4 man",
      "Description": "",
      "GMNotes": "",
      "ColorDiffuse": {
        "r": 0.9999998,
        "g": 0.9921611,
        "b": 0.9999998
      },
      "Locked": false,
      "Grid": true,
      "Snap": true,
      "IgnoreFoW": false,
      "Autoraise": true,
      "Sticky": true,
      "Tooltip": true,
      "GridProjection": false,
      "HideWhenFaceDown": false,
      "Hands": false,
      "CustomMesh": {
        "MeshURL": "http://cloud-3.steamusercontent.com/ugc/787505667313811377/2AE7B9037B59FAF5FD2A86943D8E80C5FB611CCD/",
        "DiffuseURL": "http://cloud-3.steamusercontent.com/ugc/787505667313811463/BEC5A1FFE4BBCEE73A863BEB039F0B884072A2D5/",
        "NormalURL": "",
        "ColliderURL": "",
        "Convex": true,
        "MaterialIndex": 3,
        "TypeIndex": 0,
        "CastShadows": true
      },
      "XmlUI": "",
      "LuaScript": "",
      "LuaScriptState": "",
      "GUID": "07f2ae"
    },
    {
      "Name": "Custom_Model",
      "Transform": {
        "posX": -5.75393724,
        "posY": 2.404624,
        "posZ": 19.9696064,
        "rotX": -1.51974768E-06,
        "rotY": 179.785583,
        "rotZ": 2.896875E-07,
        "scaleX": 0.875,
        "scaleY": 0.875,
        "scaleZ": 0.875
      },
      "Nickname": "building_barricade_sb_block_01",
      "Description": "",
      "GMNotes": "",
      "ColorDiffuse": {
        "r": 0.9999998,
        "g": 0.9921618,
        "b": 0.9999998
      },
      "Locked": false,
      "Grid": true,
      "Snap": true,
      "IgnoreFoW": false,
      "Autoraise": true,
      "Sticky": true,
      "Tooltip": true,
      "GridProjection": false,
      "HideWhenFaceDown": false,
      "Hands": false,
      "CustomMesh": {
        "MeshURL": "http://cloud-3.steamusercontent.com/ugc/787505667313810960/5EB065245EFCEA78BFD26DDCBE92CBAB84975B2B/",
        "DiffuseURL": "http://cloud-3.steamusercontent.com/ugc/787505667313811035/1A811130C3A4B36C7C46DD499293F061BF29D1D2/",
        "NormalURL": "",
        "ColliderURL": "",
        "Convex": true,
        "MaterialIndex": 3,
        "TypeIndex": 0,
        "CastShadows": true
      },
      "XmlUI": "",
      "LuaScript": "",
      "LuaScriptState": "",
      "GUID": "98a240"
    },
    {
      "Name": "Custom_Model",
      "Transform": {
        "posX": 17.1565,
        "posY": 1.65049362,
        "posZ": 21.0775928,
        "rotX": 1.863732E-05,
        "rotY": 90.00568,
        "rotZ": 359.993866,
        "scaleX": 1.0,
        "scaleY": 1.0,
        "scaleZ": 1.0
      },
      "Nickname": "Bunker - 6man",
      "Description": "",
      "GMNotes": "",
      "ColorDiffuse": {
        "r": 0.9999998,
        "g": 0.992160857,
        "b": 0.9999998
      },
      "Locked": false,
      "Grid": true,
      "Snap": true,
      "IgnoreFoW": false,
      "Autoraise": true,
      "Sticky": true,
      "Tooltip": true,
      "GridProjection": false,
      "HideWhenFaceDown": false,
      "Hands": false,
      "CustomMesh": {
        "MeshURL": "http://cloud-3.steamusercontent.com/ugc/787505667313811537/6A197743FE9D07DA4EB511DFCCF5D35EBAC4522B/",
        "DiffuseURL": "http://cloud-3.steamusercontent.com/ugc/787505667313811610/1EBE6B515DBEA31B02A9176AC9BFD6617164FE54/",
        "NormalURL": "",
        "ColliderURL": "",
        "Convex": true,
        "MaterialIndex": 3,
        "TypeIndex": 0,
        "CastShadows": true
      },
      "XmlUI": "",
      "LuaScript": "",
      "LuaScriptState": "",
      "GUID": "f7be73"
    },
    {
      "Name": "Custom_Model",
      "Transform": {
        "posX": 34.9927864,
        "posY": 2.850003,
        "posZ": 22.2125778,
        "rotX": 0.00473927148,
        "rotY": 179.986664,
        "rotZ": -2.39964447E-05,
        "scaleX": 1.0,
        "scaleY": 1.0,
        "scaleZ": 1.0
      },
      "Nickname": "ig_barracks_8slot_01",
      "Description": "",
      "GMNotes": "",
      "ColorDiffuse": {
        "r": 0.9999998,
        "g": 0.992161334,
        "b": 0.9999998
      },
      "Locked": false,
      "Grid": true,
      "Snap": true,
      "IgnoreFoW": false,
      "Autoraise": true,
      "Sticky": true,
      "Tooltip": true,
      "GridProjection": false,
      "HideWhenFaceDown": false,
      "Hands": false,
      "CustomMesh": {
        "MeshURL": "http://cloud-3.steamusercontent.com/ugc/787505667313811698/63E9063F3381BFA47557EB75A69CFA01FA265F33/",
        "DiffuseURL": "http://cloud-3.steamusercontent.com/ugc/787505667313811776/796755FEE8183DDE01E7219A2CB3E80D70DF8BC0/",
        "NormalURL": "",
        "ColliderURL": "",
        "Convex": true,
        "MaterialIndex": 3,
        "TypeIndex": 0,
        "CastShadows": true
      },
      "XmlUI": "",
      "LuaScript": "",
      "LuaScriptState": "",
      "GUID": "1ce4d3"
    },
    {
      "Name": "Custom_Model",
      "Transform": {
        "posX": -42.7036057,
        "posY": 3.20782328,
        "posZ": -9.569417,
        "rotX": 2.77012555E-06,
        "rotY": 0.018126335,
        "rotZ": 359.96933,
        "scaleX": 1.0,
        "scaleY": 1.0,
        "scaleZ": 1.0
      },
      "Nickname": "ig_hq_8slot",
      "Description": "",
      "GMNotes": "",
      "ColorDiffuse": {
        "r": 0.9999998,
        "g": 0.9921616,
        "b": 0.9999998
      },
      "Locked": false,
      "Grid": true,
      "Snap": true,
      "IgnoreFoW": false,
      "Autoraise": true,
      "Sticky": true,
      "Tooltip": true,
      "GridProjection": false,
      "HideWhenFaceDown": false,
      "Hands": false,
      "CustomMesh": {
        "MeshURL": "http://cloud-3.steamusercontent.com/ugc/787505667313811878/6AE7B285A5D88128CBFA509943B3F3ADD0E8916B/",
        "DiffuseURL": "http://cloud-3.steamusercontent.com/ugc/787505667313811973/5E24E45B31FEBEB07FA4944AB13BAB46C477C946/",
        "NormalURL": "",
        "ColliderURL": "",
        "Convex": true,
        "MaterialIndex": 3,
        "TypeIndex": 0,
        "CastShadows": true
      },
      "XmlUI": "",
      "LuaScript": "",
      "LuaScriptState": "",
      "GUID": "d3ab5e"
    },
    {
      "Name": "Custom_Model",
      "Transform": {
        "posX": -25.4349976,
        "posY": 3.0582,
        "posZ": 10.9526529,
        "rotX": -9.313116E-09,
        "rotY": 359.98996,
        "rotZ": 1.22698211E-07,
        "scaleX": 1.0,
        "scaleY": 1.0,
        "scaleZ": 1.0
      },
      "Nickname": "Khorne Shrine",
      "Description": "",
      "GMNotes": "",
      "ColorDiffuse": {
        "r": 0.9999998,
        "g": 0.9921611,
        "b": 0.9999998
      },
      "Locked": false,
      "Grid": true,
      "Snap": true,
      "IgnoreFoW": false,
      "Autoraise": true,
      "Sticky": true,
      "Tooltip": true,
      "GridProjection": false,
      "HideWhenFaceDown": false,
      "Hands": false,
      "CustomMesh": {
        "MeshURL": "http://cloud-3.steamusercontent.com/ugc/787505667313812096/69A845B83C6DF8A015F69B9D09CC2D768A606C90/",
        "DiffuseURL": "http://cloud-3.steamusercontent.com/ugc/787505667313812166/C213ED5C71BBCCF9E6F0F0D72D20167A26579743/",
        "NormalURL": "",
        "ColliderURL": "",
        "Convex": true,
        "MaterialIndex": 3,
        "TypeIndex": 0,
        "CastShadows": true
      },
      "XmlUI": "",
      "LuaScript": "",
      "LuaScriptState": "",
      "GUID": "38afb7"
    },
    {
      "Name": "Custom_Model",
      "Transform": {
        "posX": 18.9854031,
        "posY": 2.72380018,
        "posZ": -0.4056449,
        "rotX": -1.71282591E-06,
        "rotY": 180.0107,
        "rotZ": 3.24924173E-07,
        "scaleX": 0.5,
        "scaleY": 0.5,
        "scaleZ": 0.5
      },
      "Nickname": "Chaos Portal",
      "Description": "",
      "GMNotes": "",
      "ColorDiffuse": {
        "r": 0.9999998,
        "g": 0.992160857,
        "b": 0.9999998
      },
      "Locked": false,
      "Grid": true,
      "Snap": true,
      "IgnoreFoW": false,
      "Autoraise": true,
      "Sticky": true,
      "Tooltip": true,
      "GridProjection": false,
      "HideWhenFaceDown": false,
      "Hands": false,
      "CustomMesh": {
        "MeshURL": "http://cloud-3.steamusercontent.com/ugc/787505667313812244/4914EC931C8AEF09EEB632E78ECC9C18555450D4/",
        "DiffuseURL": "http://cloud-3.steamusercontent.com/ugc/787505667313812341/FB697BD6B660F54C85EF0C959C211801E9309EBB/",
        "NormalURL": "",
        "ColliderURL": "",
        "Convex": true,
        "MaterialIndex": 3,
        "TypeIndex": 0,
        "CastShadows": true
      },
      "XmlUI": "",
      "LuaScript": "",
      "LuaScriptState": "",
      "GUID": "f04bbc"
    },
    {
      "Name": "Custom_Model",
      "Transform": {
        "posX": 48.269146,
        "posY": -0.489332438,
        "posZ": 4.209449,
        "rotX": 2.81028214E-08,
        "rotY": 269.969818,
        "rotZ": 4.68095379E-07,
        "scaleX": 0.5,
        "scaleY": 0.5,
        "scaleZ": 0.5
      },
      "Nickname": "Bridge Piece",
      "Description": "",
      "GMNotes": "",
      "ColorDiffuse": {
        "r": 0.9999998,
        "g": 0.992160857,
        "b": 0.9999998
      },
      "Locked": false,
      "Grid": true,
      "Snap": true,
      "IgnoreFoW": false,
      "Autoraise": true,
      "Sticky": true,
      "Tooltip": true,
      "GridProjection": false,
      "HideWhenFaceDown": false,
      "Hands": false,
      "CustomMesh": {
        "MeshURL": "http://cloud-3.steamusercontent.com/ugc/787505667313812451/98893A07F58D45FC0502CDF2AD7D735911D3B274/",
        "DiffuseURL": "http://cloud-3.steamusercontent.com/ugc/787505667313812544/5134566303AF9D43E1DF3B79A5AD53A139CEF71E/",
        "NormalURL": "",
        "ColliderURL": "",
        "Convex": true,
        "MaterialIndex": 3,
        "TypeIndex": 0,
        "CastShadows": true
      },
      "XmlUI": "",
      "LuaScript": "",
      "LuaScriptState": "",
      "GUID": "0d31c9"
    },
    {
      "Name": "Custom_Model",
      "Transform": {
        "posX": -8.3878355,
        "posY": 1.96000028,
        "posZ": 6.303698,
        "rotX": 1.1094271E-06,
        "rotY": 269.986267,
        "rotZ": -2.65562585E-06,
        "scaleX": 1.0,
        "scaleY": 1.0,
        "scaleZ": 1.0
      },
      "Nickname": "Low Wall 1 Support",
      "Description": "",
      "GMNotes": "",
      "ColorDiffuse": {
        "r": 0.9999998,
        "g": 0.9921611,
        "b": 0.9999998
      },
      "Locked": false,
      "Grid": true,
      "Snap": true,
      "IgnoreFoW": false,
      "Autoraise": true,
      "Sticky": true,
      "Tooltip": true,
      "GridProjection": false,
      "HideWhenFaceDown": false,
      "Hands": false,
      "CustomMesh": {
        "MeshURL": "http://cloud-3.steamusercontent.com/ugc/787505667313812636/02AF9ECBDBF3A1467EC6B0D9323BF22650A060A5/",
        "DiffuseURL": "http://cloud-3.steamusercontent.com/ugc/787505667313812710/5C4FFABFB10EC3A2167581849357F2645ED4B907/",
        "NormalURL": "",
        "ColliderURL": "",
        "Convex": true,
        "MaterialIndex": 3,
        "TypeIndex": 0,
        "CastShadows": true
      },
      "XmlUI": "",
      "LuaScript": "",
      "LuaScriptState": "",
      "GUID": "b1b4a4"
    },
    {
      "Name": "Custom_Model",
      "Transform": {
        "posX": 0.381451756,
        "posY": 1.82039976,
        "posZ": 6.848879,
        "rotX": -5.65817345E-06,
        "rotY": 179.984756,
        "rotZ": -1.136428E-06,
        "scaleX": 1.0,
        "scaleY": 1.0,
        "scaleZ": 1.0
      },
      "Nickname": "Low Wall 1",
      "Description": "",
      "GMNotes": "",
      "ColorDiffuse": {
        "r": 0.9999998,
        "g": 0.9921618,
        "b": 0.9999998
      },
      "Locked": false,
      "Grid": true,
      "Snap": true,
      "IgnoreFoW": false,
      "Autoraise": true,
      "Sticky": true,
      "Tooltip": true,
      "GridProjection": false,
      "HideWhenFaceDown": false,
      "Hands": false,
      "CustomMesh": {
        "MeshURL": "http://cloud-3.steamusercontent.com/ugc/787505667313812794/CE526CD5D233C4B95DB88D6472A5E6F9A7F33FBC/",
        "DiffuseURL": "http://cloud-3.steamusercontent.com/ugc/787505667313812872/9ADAC54750502FCEBD8F746F0F0A06642F94A098/",
        "NormalURL": "",
        "ColliderURL": "",
        "Convex": true,
        "MaterialIndex": 3,
        "TypeIndex": 0,
        "CastShadows": true
      },
      "XmlUI": "",
      "LuaScript": "",
      "LuaScriptState": "",
      "GUID": "7ba32e"
    },
    {
      "Name": "Custom_Model",
      "Transform": {
        "posX": 9.099912,
        "posY": 1.8203994,
        "posZ": 5.73846245,
        "rotX": -4.890681E-06,
        "rotY": 180.0071,
        "rotZ": 3.81934967E-07,
        "scaleX": 1.0,
        "scaleY": 1.0,
        "scaleZ": 1.0
      },
      "Nickname": "Low Wall 2",
      "Description": "",
      "GMNotes": "",
      "ColorDiffuse": {
        "r": 0.9999998,
        "g": 0.9921625,
        "b": 0.9999998
      },
      "Locked": false,
      "Grid": true,
      "Snap": true,
      "IgnoreFoW": false,
      "Autoraise": true,
      "Sticky": true,
      "Tooltip": true,
      "GridProjection": false,
      "HideWhenFaceDown": false,
      "Hands": false,
      "CustomMesh": {
        "MeshURL": "http://cloud-3.steamusercontent.com/ugc/787505667313812947/08E431A9EBDCE0460ED8EE57B635BEC4E5A1A42F/",
        "DiffuseURL": "http://cloud-3.steamusercontent.com/ugc/787505667313813029/4604CB7D05224FE2085AB2B7FEA882531621CCAE/",
        "NormalURL": "",
        "ColliderURL": "",
        "Convex": true,
        "MaterialIndex": 3,
        "TypeIndex": 0,
        "CastShadows": true
      },
      "XmlUI": "",
      "LuaScript": "",
      "LuaScriptState": "",
      "GUID": "fe478b"
    },
    {
      "Name": "Custom_Model",
      "Transform": {
        "posX": 17.3198967,
        "posY": 1.1055007,
        "posZ": 8.580139,
        "rotX": 0.000115584662,
        "rotY": 180.005539,
        "rotZ": -2.06448367E-05,
        "scaleX": 1.0,
        "scaleY": 1.0,
        "scaleZ": 1.0
      },
      "Nickname": "Metal Wall 1",
      "Description": "",
      "GMNotes": "",
      "ColorDiffuse": {
        "r": 0.9999998,
        "g": 0.992161,
        "b": 0.9999998
      },
      "Locked": false,
      "Grid": true,
      "Snap": true,
      "IgnoreFoW": false,
      "Autoraise": true,
      "Sticky": true,
      "Tooltip": true,
      "GridProjection": false,
      "HideWhenFaceDown": false,
      "Hands": false,
      "CustomMesh": {
        "MeshURL": "http://cloud-3.steamusercontent.com/ugc/787505667313779760/71E003B5AE8C511353BA4D723F6F41C3529C8388/",
        "DiffuseURL": "http://cloud-3.steamusercontent.com/ugc/787505667313779867/E2808FADE1EF1388D8AB9036F9AC9DAE2984D6B4/",
        "NormalURL": "",
        "ColliderURL": "",
        "Convex": true,
        "MaterialIndex": 3,
        "TypeIndex": 0,
        "CastShadows": true
      },
      "XmlUI": "",
      "LuaScript": "",
      "LuaScriptState": "",
      "GUID": "59ee09"
    },
    {
      "Name": "Custom_Model",
      "Transform": {
        "posX": -23.5007019,
        "posY": 2.95680046,
        "posZ": -3.538879,
        "rotX": 1.27952978E-06,
        "rotY": 90.00002,
        "rotZ": -1.58639386E-06,
        "scaleX": 1.0,
        "scaleY": 1.0,
        "scaleZ": 1.0
      },
      "Nickname": "Desert Ruined Building 1",
      "Description": "",
      "GMNotes": "",
      "ColorDiffuse": {
        "r": 0.9999998,
        "g": 0.992160857,
        "b": 0.9999998
      },
      "Locked": false,
      "Grid": true,
      "Snap": true,
      "IgnoreFoW": false,
      "Autoraise": true,
      "Sticky": true,
      "Tooltip": true,
      "GridProjection": false,
      "HideWhenFaceDown": false,
      "Hands": false,
      "CustomMesh": {
        "MeshURL": "http://cloud-3.steamusercontent.com/ugc/787505667313813172/EBC42B92F4011B9EA18415341F9C8518F8FC6AAA/",
        "DiffuseURL": "http://cloud-3.steamusercontent.com/ugc/787505667313813245/768AD5E43E6F43CA0F736C9B8D31C6637B34B09B/",
        "NormalURL": "",
        "ColliderURL": "",
        "Convex": true,
        "MaterialIndex": 3,
        "TypeIndex": 0,
        "CastShadows": true
      },
      "XmlUI": "",
      "LuaScript": "",
      "LuaScriptState": "",
      "GUID": "7ac85b"
    },
    {
      "Name": "Custom_Model",
      "Transform": {
        "posX": -28.4337158,
        "posY": 2.6589,
        "posZ": -13.0027676,
        "rotX": -1.632215E-07,
        "rotY": 0.0004548982,
        "rotZ": 1.72456339E-07,
        "scaleX": 1.0,
        "scaleY": 1.0,
        "scaleZ": 1.0
      },
      "Nickname": "sm_boulders_01",
      "Description": "",
      "GMNotes": "",
      "ColorDiffuse": {
        "r": 0.9999998,
        "g": 0.992160857,
        "b": 0.9999998
      },
      "Locked": false,
      "Grid": true,
      "Snap": true,
      "IgnoreFoW": false,
      "Autoraise": true,
      "Sticky": true,
      "Tooltip": true,
      "GridProjection": false,
      "HideWhenFaceDown": false,
      "Hands": false,
      "CustomMesh": {
        "MeshURL": "http://cloud-3.steamusercontent.com/ugc/787505667313813346/7752B8B026E0C06D7EF50CD4BBE62C151EAFB077/",
        "DiffuseURL": "http://cloud-3.steamusercontent.com/ugc/787505667313813420/09F6813045E368746D643B0CA3897B2011478EB0/",
        "NormalURL": "",
        "ColliderURL": "",
        "Convex": true,
        "MaterialIndex": 3,
        "TypeIndex": 0,
        "CastShadows": true
      },
      "XmlUI": "",
      "LuaScript": "",
      "LuaScriptState": "",
      "GUID": "ccf8c4"
    },
    {
      "Name": "Custom_Model",
      "Transform": {
        "posX": 34.534874,
        "posY": 2.9481,
        "posZ": -3.242997,
        "rotX": 1.55549174E-07,
        "rotY": 359.983826,
        "rotZ": 1.63009292E-06,
        "scaleX": 1.0,
        "scaleY": 1.0,
        "scaleZ": 1.0
      },
      "Nickname": "common_4slot_01",
      "Description": "",
      "GMNotes": "",
      "ColorDiffuse": {
        "r": 0.9999998,
        "g": 0.992160857,
        "b": 0.9999998
      },
      "Locked": false,
      "Grid": true,
      "Snap": true,
      "IgnoreFoW": false,
      "Autoraise": true,
      "Sticky": true,
      "Tooltip": true,
      "GridProjection": false,
      "HideWhenFaceDown": false,
      "Hands": false,
      "CustomMesh": {
        "MeshURL": "http://cloud-3.steamusercontent.com/ugc/787505667313813528/87E25E686394D1A775AFAD57D15504ADDA61D156/",
        "DiffuseURL": "http://cloud-3.steamusercontent.com/ugc/787505667313813614/9551611F69093C056BD57DA8E5F46A078CB2D9C6/",
        "NormalURL": "",
        "ColliderURL": "",
        "Convex": true,
        "MaterialIndex": 3,
        "TypeIndex": 0,
        "CastShadows": true
      },
      "XmlUI": "",
      "LuaScript": "",
      "LuaScriptState": "",
      "GUID": "b7680b"
    },
    {
      "Name": "Custom_Model",
      "Transform": {
        "posX": -10.4344444,
        "posY": 2.95495033,
        "posZ": -23.84416,
        "rotX": 359.992828,
        "rotY": 179.982239,
        "rotZ": 3.57082035E-06,
        "scaleX": 1.0,
        "scaleY": 1.0,
        "scaleZ": 1.0
      },
      "Nickname": "common_8slot_01",
      "Description": "",
      "GMNotes": "",
      "ColorDiffuse": {
        "r": 0.9999998,
        "g": 0.9921618,
        "b": 0.9999998
      },
      "Locked": false,
      "Grid": true,
      "Snap": true,
      "IgnoreFoW": false,
      "Autoraise": true,
      "Sticky": true,
      "Tooltip": true,
      "GridProjection": false,
      "HideWhenFaceDown": false,
      "Hands": false,
      "CustomMesh": {
        "MeshURL": "http://cloud-3.steamusercontent.com/ugc/787505667313813706/ED948E9D3DC9F61A50065A0862AAC657570F3FE0/",
        "DiffuseURL": "http://cloud-3.steamusercontent.com/ugc/787505667313813787/5CDD26C19904AF548CD8AD7B86A03064246716FB/",
        "NormalURL": "",
        "ColliderURL": "",
        "Convex": true,
        "MaterialIndex": 3,
        "TypeIndex": 0,
        "CastShadows": true
      },
      "XmlUI": "",
      "LuaScript": "",
      "LuaScriptState": "",
      "GUID": "6b4429"
    },
    {
      "Name": "Custom_Model",
      "Transform": {
        "posX": 39.57536,
        "posY": 4.08021545,
        "posZ": -19.4527664,
        "rotX": 5.84421241E-06,
        "rotY": 270.025482,
        "rotZ": -6.70251666E-06,
        "scaleX": 1.0,
        "scaleY": 1.0,
        "scaleZ": 1.0
      },
      "Nickname": "guard_tower_8slot",
      "Description": "",
      "GMNotes": "",
      "ColorDiffuse": {
        "r": 0.9999998,
        "g": 0.99216336,
        "b": 0.9999998
      },
      "Locked": false,
      "Grid": true,
      "Snap": true,
      "IgnoreFoW": false,
      "Autoraise": true,
      "Sticky": true,
      "Tooltip": true,
      "GridProjection": false,
      "HideWhenFaceDown": false,
      "Hands": false,
      "CustomMesh": {
        "MeshURL": "http://cloud-3.steamusercontent.com/ugc/787505667313813892/E2ABC893E4433A41BAC9C8C8A144165F3EAEBC57/",
        "DiffuseURL": "http://cloud-3.steamusercontent.com/ugc/787505667313813992/6A76518AE31B1CBF0FD630AE253D9DCD23FB3475/",
        "NormalURL": "",
        "ColliderURL": "",
        "Convex": true,
        "MaterialIndex": 3,
        "TypeIndex": 0,
        "CastShadows": true
      },
      "XmlUI": "",
      "LuaScript": "",
      "LuaScriptState": "",
      "GUID": "6469fb"
    },
    {
      "Name": "Custom_Model",
      "Transform": {
        "posX": -1.99285793,
        "posY": 2.81509852,
        "posZ": -6.524279,
        "rotX": 4.344363E-08,
        "rotY": 89.98843,
        "rotZ": 5.602007E-07,
        "scaleX": 1.0,
        "scaleY": 1.0,
        "scaleZ": 1.0
      },
      "Nickname": "hut_sb_fourslot",
      "Description": "",
      "GMNotes": "",
      "ColorDiffuse": {
        "r": 0.9999998,
        "g": 0.992160857,
        "b": 0.9999998
      },
      "Locked": false,
      "Grid": true,
      "Snap": true,
      "IgnoreFoW": false,
      "Autoraise": true,
      "Sticky": true,
      "Tooltip": true,
      "GridProjection": false,
      "HideWhenFaceDown": false,
      "Hands": false,
      "CustomMesh": {
        "MeshURL": "http://cloud-3.steamusercontent.com/ugc/787505667313814101/F8F64D0EB85A2497DCBD72CB6BE5C962773CF29F/",
        "DiffuseURL": "http://cloud-3.steamusercontent.com/ugc/787505667313814178/8997F146BB7A26C591CEBD0A49426CB294E4842F/",
        "NormalURL": "",
        "ColliderURL": "",
        "Convex": true,
        "MaterialIndex": 3,
        "TypeIndex": 0,
        "CastShadows": true
      },
      "XmlUI": "",
      "LuaScript": "",
      "LuaScriptState": "",
      "GUID": "0bdaa1"
    },
    {
      "Name": "Custom_Model",
      "Transform": {
        "posX": 19.4958839,
        "posY": 2.9605546,
        "posZ": -20.4803181,
        "rotX": 0.006958281,
        "rotY": 359.960419,
        "rotZ": 2.31941121E-05,
        "scaleX": 1.0,
        "scaleY": 1.0,
        "scaleZ": 1.0
      },
      "Nickname": "tower_sb_tenslot",
      "Description": "",
      "GMNotes": "",
      "ColorDiffuse": {
        "r": 0.9999998,
        "g": 0.992160857,
        "b": 0.9999998
      },
      "Locked": false,
      "Grid": true,
      "Snap": true,
      "IgnoreFoW": false,
      "Autoraise": true,
      "Sticky": true,
      "Tooltip": true,
      "GridProjection": false,
      "HideWhenFaceDown": false,
      "Hands": false,
      "CustomMesh": {
        "MeshURL": "http://cloud-3.steamusercontent.com/ugc/787505667313814268/F32C6C172E6CADEB060404DB7CE8CC979215270E/",
        "DiffuseURL": "http://cloud-3.steamusercontent.com/ugc/787505667313814346/CEF1D9878E967626975F9EF97BA6D694D03B4541/",
        "NormalURL": "",
        "ColliderURL": "",
        "Convex": true,
        "MaterialIndex": 3,
        "TypeIndex": 0,
        "CastShadows": true
      },
      "XmlUI": "",
      "LuaScript": "",
      "LuaScriptState": "",
      "GUID": "94b958"
    }
  ],
  "DecalPallet": [],
  "TabStates": {
    "0": {
      "title": "Rules",
      "body": "",
      "color": "Grey",
      "visibleColor": {
        "r": 0.5,
        "g": 0.5,
        "b": 0.5
      },
      "id": 0
    },
    "1": {
      "title": "White",
      "body": "",
      "color": "White",
      "visibleColor": {
        "r": 1.0,
        "g": 1.0,
        "b": 1.0
      },
      "id": 1
    },
    "2": {
      "title": "Brown",
      "body": "",
      "color": "Brown",
      "visibleColor": {
        "r": 0.443,
        "g": 0.231,
        "b": 0.09
      },
      "id": 2
    },
    "3": {
      "title": "Red",
      "body": "",
      "color": "Red",
      "visibleColor": {
        "r": 0.856,
        "g": 0.1,
        "b": 0.094
      },
      "id": 3
    },
    "4": {
      "title": "Orange",
      "body": "",
      "color": "Orange",
      "visibleColor": {
        "r": 0.956,
        "g": 0.392,
        "b": 0.113
      },
      "id": 4
    },
    "5": {
      "title": "Yellow",
      "body": "",
      "color": "Yellow",
      "visibleColor": {
        "r": 0.905,
        "g": 0.898,
        "b": 0.172
      },
      "id": 5
    },
    "6": {
      "title": "Green",
      "body": "",
      "color": "Green",
      "visibleColor": {
        "r": 0.192,
        "g": 0.701,
        "b": 0.168
      },
      "id": 6
    },
    "7": {
      "title": "Blue",
      "body": "",
      "color": "Blue",
      "visibleColor": {
        "r": 0.118,
        "g": 0.53,
        "b": 1.0
      },
      "id": 7
    },
    "8": {
      "title": "Teal",
      "body": "",
      "color": "Teal",
      "visibleColor": {
        "r": 0.129,
        "g": 0.694,
        "b": 0.607
      },
      "id": 8
    },
    "9": {
      "title": "Purple",
      "body": "",
      "color": "Purple",
      "visibleColor": {
        "r": 0.627,
        "g": 0.125,
        "b": 0.941
      },
      "id": 9
    },
    "10": {
      "title": "Pink",
      "body": "",
      "color": "Pink",
      "visibleColor": {
        "r": 0.96,
        "g": 0.439,
        "b": 0.807
      },
      "id": 10
    },
    "11": {
      "title": "Black",
      "body": "",
      "color": "Black",
      "visibleColor": {
        "r": 0.25,
        "g": 0.25,
        "b": 0.25
      },
      "id": 11
    }
  },
  "VersionNumber": "v12.2.2"
}