{
  "SaveName": "Battlefield Terrain Objects 2",
  "GameMode": "Battlefield Terrain Objects 2",
  "Gravity": 0.5,
  "PlayArea": 0.5,
  "Date": "3/1/2020 12:22:27 AM",
  "Table": "Table_Square",
  "Sky": "Sky_Regal",
  "Note": "",
  "Rules": "",
  "XmlUI": "<!-- Xml UI. See documentation: https://api.tabletopsimulator.com/ui/introUI/ -->",
  "LuaScript": "--[[ Lua code. See documentation: https://api.tabletopsimulator.com/ --]]\n\n--[[ The onLoad event is called after the game save finishes loading. --]]\nfunction onLoad()\n    --[[ print('onLoad!') --]]\nend\n\n--[[ The onUpdate event is called once per frame. --]]\nfunction onUpdate()\n    --[[ print('onUpdate loop!') --]]\nend",
  "LuaScriptState": "",
  "MusicPlayer": {
    "RepeatSong": false,
    "PlaylistEntry": 0,
    "CurrentAudioTitle": "Shadowmoon",
    "CurrentAudioURL": "http://cloud-3.steamusercontent.com/ugc/770601828587055146/B4D229E4C683BC5A6F9712F52DC9DAAE28B0C6AC/",
    "AudioLibrary": [
      {
        "Item1": "http://cloud-3.steamusercontent.com/ugc/770601828587055146/B4D229E4C683BC5A6F9712F52DC9DAAE28B0C6AC/",
        "Item2": "Shadowmoon"
      },
      {
        "Item1": "http://cloud-3.steamusercontent.com/ugc/770601828587132232/7D08630C6F43CB4BDEE63D6EB301443342DFF8EB/",
        "Item2": "Heart of the Deep"
      },
      {
        "Item1": "http://cloud-3.steamusercontent.com/ugc/770601828587290498/CAA33176F269F822862C36B8FC83F925B2F0A840/",
        "Item2": "Relentless"
      }
    ]
  },
  "Grid": {
    "Type": 0,
    "Lines": false,
    "Color": {
      "r": 0.0,
      "g": 0.0,
      "b": 0.0
    },
    "Opacity": 0.75,
    "ThickLines": false,
    "Snapping": false,
    "Offset": false,
    "BothSnapping": false,
    "xSize": 2.0,
    "ySize": 2.0,
    "PosOffset": {
      "x": 0.0,
      "y": 1.0,
      "z": 0.0
    }
  },
  "Lighting": {
    "LightIntensity": 0.54,
    "LightColor": {
      "r": 1.0,
      "g": 0.9804,
      "b": 0.8902
    },
    "AmbientIntensity": 1.3,
    "AmbientType": 0,
    "AmbientSkyColor": {
      "r": 0.5,
      "g": 0.5,
      "b": 0.5
    },
    "AmbientEquatorColor": {
      "r": 0.5,
      "g": 0.5,
      "b": 0.5
    },
    "AmbientGroundColor": {
      "r": 0.5,
      "g": 0.5,
      "b": 0.5
    },
    "ReflectionIntensity": 1.0,
    "LutIndex": 0,
    "LutContribution": 1.0
  },
  "Hands": {
    "Enable": true,
    "DisableUnused": false,
    "Hiding": 0,
    "HandTransforms": [
      {
        "Color": "Purple",
        "Transform": {
          "posX": 14.3612509,
          "posY": 2.99557877,
          "posZ": 0.05300522,
          "rotX": 0.0,
          "rotY": 270.337646,
          "rotZ": 0.0,
          "scaleX": 9.39288,
          "scaleY": 6.6339097,
          "scaleZ": 3.52230239
        }
      },
      {
        "Color": "White",
        "Transform": {
          "posX": -0.07142608,
          "posY": 2.99579239,
          "posZ": -14.3742867,
          "rotX": 0.0,
          "rotY": 0.337606043,
          "rotZ": 0.0,
          "scaleX": 9.39281,
          "scaleY": 6.63391066,
          "scaleZ": 3.52231145
        }
      },
      {
        "Color": "Green",
        "Transform": {
          "posX": 0.09737679,
          "posY": 2.99576569,
          "posZ": 14.2735977,
          "rotX": 0.0,
          "rotY": 180.337616,
          "rotZ": 0.0,
          "scaleX": 9.392935,
          "scaleY": 6.6339097,
          "scaleZ": 3.52237964
        }
      },
      {
        "Color": "Orange",
        "Transform": {
          "posX": -14.3107777,
          "posY": 2.99557877,
          "posZ": 0.0223312378,
          "rotX": 0.0,
          "rotY": 90.33759,
          "rotZ": 0.0,
          "scaleX": 9.392995,
          "scaleY": 6.6339097,
          "scaleZ": 3.52234769
        }
      }
    ]
  },
  "Turns": {
    "Enable": false,
    "Type": 0,
    "TurnOrder": [],
    "Reverse": false,
    "SkipEmpty": false,
    "DisableInteractions": false,
    "PassTurns": true,
    "TurnColor": ""
  },
  "ObjectStates": [
    {
      "Name": "Custom_Model",
      "Transform": {
        "posX": -3.92103243,
        "posY": 0.957329154,
        "posZ": 0.8841895,
        "rotX": -1.70790145E-06,
        "rotY": 180.014023,
        "rotZ": 2.89461741E-06,
        "scaleX": 0.375,
        "scaleY": 0.375,
        "scaleZ": 0.375
      },
      "Nickname": "",
      "Description": "",
      "GMNotes": "",
      "ColorDiffuse": {
        "r": 0.9999998,
        "g": 0.9921611,
        "b": 0.9999998
      },
      "Locked": false,
      "Grid": true,
      "Snap": true,
      "IgnoreFoW": false,
      "Autoraise": true,
      "Sticky": true,
      "Tooltip": true,
      "GridProjection": false,
      "HideWhenFaceDown": false,
      "Hands": false,
      "CustomMesh": {
        "MeshURL": "http://cloud-3.steamusercontent.com/ugc/787505667313749786/65B58D08757D9850B3CC86667A0F521F59D5D2F8/",
        "DiffuseURL": "http://cloud-3.steamusercontent.com/ugc/787505667313749894/836E4A60CD54BFEE0D74AB5046603571C16FB054/",
        "NormalURL": "",
        "ColliderURL": "http://cloud-3.steamusercontent.com/ugc/787505667313750000/57C63DDF55DA8819B12F5C53DE33A476DA9A94F2/",
        "Convex": false,
        "MaterialIndex": 0,
        "TypeIndex": 1,
        "CustomShader": {
          "SpecularColor": {
            "r": 1.0,
            "g": 1.0,
            "b": 1.0
          },
          "SpecularIntensity": 0.0,
          "SpecularSharpness": 7.0,
          "FresnelStrength": 0.4
        },
        "CastShadows": true
      },
      "XmlUI": "",
      "LuaScript": "",
      "LuaScriptState": "",
      "GUID": "9a5028"
    },
    {
      "Name": "Custom_Model",
      "Transform": {
        "posX": -3.92102647,
        "posY": 0.95916146,
        "posZ": 2.88421226,
        "rotX": 0.0003056518,
        "rotY": 180.002228,
        "rotZ": -4.39633877E-05,
        "scaleX": 0.375,
        "scaleY": 0.375,
        "scaleZ": 0.375
      },
      "Nickname": "",
      "Description": "",
      "GMNotes": "",
      "ColorDiffuse": {
        "r": 0.9999998,
        "g": 0.9921611,
        "b": 0.9999998
      },
      "Locked": false,
      "Grid": true,
      "Snap": true,
      "IgnoreFoW": false,
      "Autoraise": true,
      "Sticky": true,
      "Tooltip": true,
      "GridProjection": false,
      "HideWhenFaceDown": false,
      "Hands": false,
      "CustomMesh": {
        "MeshURL": "http://cloud-3.steamusercontent.com/ugc/787505667313750089/17E013FBC355C3F2E3560086E5D8C2ECC109BB49/",
        "DiffuseURL": "http://cloud-3.steamusercontent.com/ugc/787505667313749894/836E4A60CD54BFEE0D74AB5046603571C16FB054/",
        "NormalURL": "",
        "ColliderURL": "http://cloud-3.steamusercontent.com/ugc/787505667313750187/69D7603E4BA3883BD47069786D141AF2EC38BDE9/",
        "Convex": false,
        "MaterialIndex": 0,
        "TypeIndex": 0,
        "CustomShader": {
          "SpecularColor": {
            "r": 1.0,
            "g": 1.0,
            "b": 1.0
          },
          "SpecularIntensity": 0.0,
          "SpecularSharpness": 7.0,
          "FresnelStrength": 0.4
        },
        "CastShadows": true
      },
      "XmlUI": "",
      "LuaScript": "",
      "LuaScriptState": "",
      "GUID": "d6f4ff"
    },
    {
      "Name": "Custom_Model",
      "Transform": {
        "posX": -3.921051,
        "posY": 0.959992766,
        "posZ": 4.88420963,
        "rotX": 1.70894346E-05,
        "rotY": 179.969009,
        "rotZ": 5.16099135E-05,
        "scaleX": 0.375,
        "scaleY": 0.375,
        "scaleZ": 0.375
      },
      "Nickname": "",
      "Description": "",
      "GMNotes": "",
      "ColorDiffuse": {
        "r": 0.9999998,
        "g": 0.992162764,
        "b": 0.9999998
      },
      "Locked": false,
      "Grid": true,
      "Snap": true,
      "IgnoreFoW": false,
      "Autoraise": true,
      "Sticky": true,
      "Tooltip": true,
      "GridProjection": false,
      "HideWhenFaceDown": false,
      "Hands": false,
      "CustomMesh": {
        "MeshURL": "http://cloud-3.steamusercontent.com/ugc/787505667313750273/CEC2D668F5B538E787A20F400BFBDACA990D6146/",
        "DiffuseURL": "http://cloud-3.steamusercontent.com/ugc/787505667313750373/E11E4B6DC6FEFEF89A8136D6524F40961F3C184B/",
        "NormalURL": "",
        "ColliderURL": "http://cloud-3.steamusercontent.com/ugc/787505667313750475/C861EDCA093D5DB4E1149E319C915E24CA72EE45/",
        "Convex": false,
        "MaterialIndex": 0,
        "TypeIndex": 0,
        "CustomShader": {
          "SpecularColor": {
            "r": 1.0,
            "g": 1.0,
            "b": 1.0
          },
          "SpecularIntensity": 0.0,
          "SpecularSharpness": 7.0,
          "FresnelStrength": 0.4
        },
        "CastShadows": true
      },
      "XmlUI": "",
      "LuaScript": "",
      "LuaScriptState": "",
      "GUID": "c09d87"
    },
    {
      "Name": "Custom_Model",
      "Transform": {
        "posX": -6.000045,
        "posY": 0.9857411,
        "posZ": -2.00000572,
        "rotX": -7.70847037E-05,
        "rotY": 270.009216,
        "rotZ": -1.58019357E-05,
        "scaleX": 0.625,
        "scaleY": 0.625,
        "scaleZ": 0.625
      },
      "Nickname": "",
      "Description": "",
      "GMNotes": "",
      "ColorDiffuse": {
        "r": 0.9999998,
        "g": 0.992164552,
        "b": 0.9999998
      },
      "Locked": false,
      "Grid": true,
      "Snap": true,
      "IgnoreFoW": false,
      "Autoraise": true,
      "Sticky": true,
      "Tooltip": true,
      "GridProjection": false,
      "HideWhenFaceDown": false,
      "Hands": false,
      "CustomMesh": {
        "MeshURL": "http://cloud-3.steamusercontent.com/ugc/787505667313750561/0144A904EDA021A801F5C60FCBDD18549D8CF585/",
        "DiffuseURL": "http://cloud-3.steamusercontent.com/ugc/787505667313750641/067CCA5B08385E66132DDD7518DBFF30BC3DD4D3/",
        "NormalURL": "http://cloud-3.steamusercontent.com/ugc/787505667313750743/4732A7963C12E63BD9278D93DB0CBDF512ED4B66/",
        "ColliderURL": "",
        "Convex": true,
        "MaterialIndex": 0,
        "TypeIndex": 0,
        "CustomShader": {
          "SpecularColor": {
            "r": 1.0,
            "g": 1.0,
            "b": 1.0
          },
          "SpecularIntensity": 0.0,
          "SpecularSharpness": 7.0,
          "FresnelStrength": 0.4
        },
        "CastShadows": true
      },
      "XmlUI": "",
      "LuaScript": "",
      "LuaScriptState": "",
      "GUID": "7b1798"
    },
    {
      "Name": "Custom_Model",
      "Transform": {
        "posX": -1.87862968,
        "posY": 0.9857384,
        "posZ": -1.86319065,
        "rotX": -2.671762E-05,
        "rotY": 89.97804,
        "rotZ": 7.926279E-06,
        "scaleX": 0.625,
        "scaleY": 0.625,
        "scaleZ": 0.625
      },
      "Nickname": "",
      "Description": "",
      "GMNotes": "",
      "ColorDiffuse": {
        "r": 0.9999998,
        "g": 0.992164552,
        "b": 0.9999998
      },
      "Locked": false,
      "Grid": true,
      "Snap": true,
      "IgnoreFoW": false,
      "Autoraise": true,
      "Sticky": true,
      "Tooltip": true,
      "GridProjection": false,
      "HideWhenFaceDown": false,
      "Hands": false,
      "CustomMesh": {
        "MeshURL": "http://cloud-3.steamusercontent.com/ugc/787505667313750829/3823EA591E37812F04A6E81BC91D2EEA1C404CCA/",
        "DiffuseURL": "http://cloud-3.steamusercontent.com/ugc/787505667313750641/067CCA5B08385E66132DDD7518DBFF30BC3DD4D3/",
        "NormalURL": "http://cloud-3.steamusercontent.com/ugc/787505667313750743/4732A7963C12E63BD9278D93DB0CBDF512ED4B66/",
        "ColliderURL": "",
        "Convex": false,
        "MaterialIndex": 0,
        "TypeIndex": 0,
        "CustomShader": {
          "SpecularColor": {
            "r": 1.0,
            "g": 1.0,
            "b": 1.0
          },
          "SpecularIntensity": 0.0,
          "SpecularSharpness": 7.0,
          "FresnelStrength": 0.4
        },
        "CastShadows": true
      },
      "XmlUI": "",
      "LuaScript": "",
      "LuaScriptState": "",
      "GUID": "505d83"
    },
    {
      "Name": "Custom_Model",
      "Transform": {
        "posX": -3.88891053,
        "posY": 0.985738337,
        "posZ": -1.95646763,
        "rotX": -8.54835E-06,
        "rotY": 0.02885712,
        "rotZ": -5.849014E-05,
        "scaleX": 0.625,
        "scaleY": 0.625,
        "scaleZ": 0.625
      },
      "Nickname": "",
      "Description": "",
      "GMNotes": "",
      "ColorDiffuse": {
        "r": 0.9999998,
        "g": 0.992164552,
        "b": 0.9999998
      },
      "Locked": false,
      "Grid": true,
      "Snap": true,
      "IgnoreFoW": false,
      "Autoraise": true,
      "Sticky": true,
      "Tooltip": true,
      "GridProjection": false,
      "HideWhenFaceDown": false,
      "Hands": false,
      "CustomMesh": {
        "MeshURL": "http://cloud-3.steamusercontent.com/ugc/787505667313750915/99F0D1E6E98B3593765E38680B45F701AEB790D2/",
        "DiffuseURL": "http://cloud-3.steamusercontent.com/ugc/787505667313750641/067CCA5B08385E66132DDD7518DBFF30BC3DD4D3/",
        "NormalURL": "http://cloud-3.steamusercontent.com/ugc/787505667313750743/4732A7963C12E63BD9278D93DB0CBDF512ED4B66/",
        "ColliderURL": "",
        "Convex": false,
        "MaterialIndex": 0,
        "TypeIndex": 0,
        "CustomShader": {
          "SpecularColor": {
            "r": 1.0,
            "g": 1.0,
            "b": 1.0
          },
          "SpecularIntensity": 0.0,
          "SpecularSharpness": 7.0,
          "FresnelStrength": 0.4
        },
        "CastShadows": true
      },
      "XmlUI": "",
      "LuaScript": "",
      "LuaScriptState": "",
      "GUID": "29b8c3"
    },
    {
      "Name": "Custom_Model",
      "Transform": {
        "posX": 6.00005341,
        "posY": 0.966639757,
        "posZ": -3.05613344E-06,
        "rotX": 6.82746168E-06,
        "rotY": 359.954132,
        "rotZ": -2.44440412E-06,
        "scaleX": 0.5,
        "scaleY": 0.5,
        "scaleZ": 0.5
      },
      "Nickname": "",
      "Description": "",
      "GMNotes": "",
      "ColorDiffuse": {
        "r": 0.9999998,
        "g": 0.9921611,
        "b": 0.9999998
      },
      "Locked": false,
      "Grid": true,
      "Snap": true,
      "IgnoreFoW": false,
      "Autoraise": true,
      "Sticky": true,
      "Tooltip": true,
      "GridProjection": false,
      "HideWhenFaceDown": false,
      "Hands": false,
      "CustomMesh": {
        "MeshURL": "http://cloud-3.steamusercontent.com/ugc/787505667313751008/6ECEE7491AA04AA6139806A1C5504E3EC5382B8D/",
        "DiffuseURL": "http://cloud-3.steamusercontent.com/ugc/787505667313751115/0711B784177213BDAE97787441EC0DFCFDD90E6B/",
        "NormalURL": "",
        "ColliderURL": "",
        "Convex": true,
        "MaterialIndex": 0,
        "TypeIndex": 0,
        "CustomShader": {
          "SpecularColor": {
            "r": 1.0,
            "g": 1.0,
            "b": 1.0
          },
          "SpecularIntensity": 0.0,
          "SpecularSharpness": 7.0,
          "FresnelStrength": 0.4
        },
        "CastShadows": true
      },
      "XmlUI": "",
      "LuaScript": "",
      "LuaScriptState": "",
      "GUID": "9fd264"
    },
    {
      "Name": "Custom_Model",
      "Transform": {
        "posX": 2.0522027,
        "posY": 0.9666395,
        "posZ": -2.19826746,
        "rotX": 2.573852E-05,
        "rotY": 359.957581,
        "rotZ": -2.07301923E-06,
        "scaleX": 0.5,
        "scaleY": 0.5,
        "scaleZ": 0.5
      },
      "Nickname": "",
      "Description": "",
      "GMNotes": "",
      "ColorDiffuse": {
        "r": 0.9999998,
        "g": 0.992161334,
        "b": 0.9999998
      },
      "Locked": false,
      "Grid": true,
      "Snap": true,
      "IgnoreFoW": false,
      "Autoraise": true,
      "Sticky": true,
      "Tooltip": true,
      "GridProjection": false,
      "HideWhenFaceDown": false,
      "Hands": false,
      "CustomMesh": {
        "MeshURL": "http://cloud-3.steamusercontent.com/ugc/787505667313751008/6ECEE7491AA04AA6139806A1C5504E3EC5382B8D/",
        "DiffuseURL": "http://cloud-3.steamusercontent.com/ugc/787505667313751213/600CE9E92F531E46951FEB2FF3E3C55044E5C9E7/",
        "NormalURL": "",
        "ColliderURL": "",
        "Convex": true,
        "MaterialIndex": 0,
        "TypeIndex": 0,
        "CustomShader": {
          "SpecularColor": {
            "r": 1.0,
            "g": 1.0,
            "b": 1.0
          },
          "SpecularIntensity": 0.0,
          "SpecularSharpness": 7.0,
          "FresnelStrength": 0.4
        },
        "CastShadows": true
      },
      "XmlUI": "",
      "LuaScript": "",
      "LuaScriptState": "",
      "GUID": "f58fbd"
    },
    {
      "Name": "Custom_Model",
      "Transform": {
        "posX": 6.000043,
        "posY": 0.966636539,
        "posZ": -2.00000548,
        "rotX": -8.595398E-05,
        "rotY": 179.980026,
        "rotZ": -7.17257944E-06,
        "scaleX": 0.5,
        "scaleY": 0.5,
        "scaleZ": 0.5
      },
      "Nickname": "",
      "Description": "",
      "GMNotes": "",
      "ColorDiffuse": {
        "r": 0.9999998,
        "g": 0.9921611,
        "b": 0.9999998
      },
      "Locked": false,
      "Grid": true,
      "Snap": true,
      "IgnoreFoW": false,
      "Autoraise": true,
      "Sticky": true,
      "Tooltip": true,
      "GridProjection": false,
      "HideWhenFaceDown": false,
      "Hands": false,
      "CustomMesh": {
        "MeshURL": "http://cloud-3.steamusercontent.com/ugc/787505667313751311/6D99095243D0B923F3E3623D1C4DEA84362499F1/",
        "DiffuseURL": "http://cloud-3.steamusercontent.com/ugc/787505667313751115/0711B784177213BDAE97787441EC0DFCFDD90E6B/",
        "NormalURL": "",
        "ColliderURL": "",
        "Convex": true,
        "MaterialIndex": 0,
        "TypeIndex": 0,
        "CustomShader": {
          "SpecularColor": {
            "r": 1.0,
            "g": 1.0,
            "b": 1.0
          },
          "SpecularIntensity": 0.0,
          "SpecularSharpness": 7.0,
          "FresnelStrength": 0.4
        },
        "CastShadows": true
      },
      "XmlUI": "",
      "LuaScript": "",
      "LuaScriptState": "",
      "GUID": "506bfd"
    },
    {
      "Name": "Custom_Model",
      "Transform": {
        "posX": 2.00001168,
        "posY": 0.966636539,
        "posZ": 4.05253468E-06,
        "rotX": -8.743305E-05,
        "rotY": 179.9825,
        "rotZ": -8.49484E-07,
        "scaleX": 0.5,
        "scaleY": 0.5,
        "scaleZ": 0.5
      },
      "Nickname": "",
      "Description": "",
      "GMNotes": "",
      "ColorDiffuse": {
        "r": 0.9999998,
        "g": 0.992161334,
        "b": 0.9999998
      },
      "Locked": false,
      "Grid": true,
      "Snap": true,
      "IgnoreFoW": false,
      "Autoraise": true,
      "Sticky": true,
      "Tooltip": true,
      "GridProjection": false,
      "HideWhenFaceDown": false,
      "Hands": false,
      "CustomMesh": {
        "MeshURL": "http://cloud-3.steamusercontent.com/ugc/787505667313751311/6D99095243D0B923F3E3623D1C4DEA84362499F1/",
        "DiffuseURL": "http://cloud-3.steamusercontent.com/ugc/787505667313751213/600CE9E92F531E46951FEB2FF3E3C55044E5C9E7/",
        "NormalURL": "",
        "ColliderURL": "",
        "Convex": true,
        "MaterialIndex": 0,
        "TypeIndex": 0,
        "CustomShader": {
          "SpecularColor": {
            "r": 1.0,
            "g": 1.0,
            "b": 1.0
          },
          "SpecularIntensity": 0.0,
          "SpecularSharpness": 7.0,
          "FresnelStrength": 0.4
        },
        "CastShadows": true
      },
      "XmlUI": "",
      "LuaScript": "",
      "LuaScriptState": "",
      "GUID": "561709"
    },
    {
      "Name": "Custom_Model",
      "Transform": {
        "posX": 2.00002027,
        "posY": 0.9666397,
        "posZ": 2.000008,
        "rotX": -5.06392425E-05,
        "rotY": 359.970276,
        "rotZ": -3.69671784E-06,
        "scaleX": 0.5,
        "scaleY": 0.5,
        "scaleZ": 0.5
      },
      "Nickname": "",
      "Description": "",
      "GMNotes": "",
      "ColorDiffuse": {
        "r": 0.9999998,
        "g": 0.992161334,
        "b": 0.9999998
      },
      "Locked": false,
      "Grid": true,
      "Snap": true,
      "IgnoreFoW": false,
      "Autoraise": true,
      "Sticky": true,
      "Tooltip": true,
      "GridProjection": false,
      "HideWhenFaceDown": false,
      "Hands": false,
      "CustomMesh": {
        "MeshURL": "http://cloud-3.steamusercontent.com/ugc/787505667313751401/30BDD98D00AF985168904D8BA9712D21040CB26B/",
        "DiffuseURL": "http://cloud-3.steamusercontent.com/ugc/787505667313751213/600CE9E92F531E46951FEB2FF3E3C55044E5C9E7/",
        "NormalURL": "",
        "ColliderURL": "",
        "Convex": true,
        "MaterialIndex": 0,
        "TypeIndex": 0,
        "CustomShader": {
          "SpecularColor": {
            "r": 1.0,
            "g": 1.0,
            "b": 1.0
          },
          "SpecularIntensity": 0.0,
          "SpecularSharpness": 7.0,
          "FresnelStrength": 0.4
        },
        "CastShadows": true
      },
      "XmlUI": "",
      "LuaScript": "",
      "LuaScriptState": "",
      "GUID": "ad8840"
    },
    {
      "Name": "Custom_Model",
      "Transform": {
        "posX": 6.00005341,
        "posY": 0.966639757,
        "posZ": 2.00000834,
        "rotX": -1.89434923E-05,
        "rotY": 359.9661,
        "rotZ": -2.21634036E-06,
        "scaleX": 0.5,
        "scaleY": 0.5,
        "scaleZ": 0.5
      },
      "Nickname": "",
      "Description": "",
      "GMNotes": "",
      "ColorDiffuse": {
        "r": 0.9999998,
        "g": 0.9921611,
        "b": 0.9999998
      },
      "Locked": false,
      "Grid": true,
      "Snap": true,
      "IgnoreFoW": false,
      "Autoraise": true,
      "Sticky": true,
      "Tooltip": true,
      "GridProjection": false,
      "HideWhenFaceDown": false,
      "Hands": false,
      "CustomMesh": {
        "MeshURL": "http://cloud-3.steamusercontent.com/ugc/787505667313751401/30BDD98D00AF985168904D8BA9712D21040CB26B/",
        "DiffuseURL": "http://cloud-3.steamusercontent.com/ugc/787505667313751115/0711B784177213BDAE97787441EC0DFCFDD90E6B/",
        "NormalURL": "",
        "ColliderURL": "",
        "Convex": true,
        "MaterialIndex": 0,
        "TypeIndex": 0,
        "CustomShader": {
          "SpecularColor": {
            "r": 1.0,
            "g": 1.0,
            "b": 1.0
          },
          "SpecularIntensity": 0.0,
          "SpecularSharpness": 7.0,
          "FresnelStrength": 0.4
        },
        "CastShadows": true
      },
      "XmlUI": "",
      "LuaScript": "",
      "LuaScriptState": "",
      "GUID": "7ca392"
    }
  ],
  "DecalPallet": [],
  "TabStates": {
    "0": {
      "title": "Rules",
      "body": "",
      "color": "Grey",
      "visibleColor": {
        "r": 0.5,
        "g": 0.5,
        "b": 0.5
      },
      "id": 0
    },
    "1": {
      "title": "White",
      "body": "",
      "color": "White",
      "visibleColor": {
        "r": 1.0,
        "g": 1.0,
        "b": 1.0
      },
      "id": 1
    },
    "2": {
      "title": "Brown",
      "body": "",
      "color": "Brown",
      "visibleColor": {
        "r": 0.443,
        "g": 0.231,
        "b": 0.09
      },
      "id": 2
    },
    "3": {
      "title": "Red",
      "body": "",
      "color": "Red",
      "visibleColor": {
        "r": 0.856,
        "g": 0.1,
        "b": 0.094
      },
      "id": 3
    },
    "4": {
      "title": "Orange",
      "body": "",
      "color": "Orange",
      "visibleColor": {
        "r": 0.956,
        "g": 0.392,
        "b": 0.113
      },
      "id": 4
    },
    "5": {
      "title": "Yellow",
      "body": "",
      "color": "Yellow",
      "visibleColor": {
        "r": 0.905,
        "g": 0.898,
        "b": 0.172
      },
      "id": 5
    },
    "6": {
      "title": "Green",
      "body": "",
      "color": "Green",
      "visibleColor": {
        "r": 0.192,
        "g": 0.701,
        "b": 0.168
      },
      "id": 6
    },
    "7": {
      "title": "Blue",
      "body": "",
      "color": "Blue",
      "visibleColor": {
        "r": 0.118,
        "g": 0.53,
        "b": 1.0
      },
      "id": 7
    },
    "8": {
      "title": "Teal",
      "body": "",
      "color": "Teal",
      "visibleColor": {
        "r": 0.129,
        "g": 0.694,
        "b": 0.607
      },
      "id": 8
    },
    "9": {
      "title": "Purple",
      "body": "",
      "color": "Purple",
      "visibleColor": {
        "r": 0.627,
        "g": 0.125,
        "b": 0.941
      },
      "id": 9
    },
    "10": {
      "title": "Pink",
      "body": "",
      "color": "Pink",
      "visibleColor": {
        "r": 0.96,
        "g": 0.439,
        "b": 0.807
      },
      "id": 10
    },
    "11": {
      "title": "Black",
      "body": "",
      "color": "Black",
      "visibleColor": {
        "r": 0.25,
        "g": 0.25,
        "b": 0.25
      },
      "id": 11
    }
  },
  "VersionNumber": "v12.2.2"
}