{
  "SaveName": "Battlewagon w/Cannons",
  "GameMode": "Custom",
  "Gravity": 0.5,
  "PlayArea": 0.5,
  "Date": "2/13/2020 9:14:24 PM",
  "Table": "Table_Circular",
  "Sky": "Sky_Cathedral",
  "Note": "",
  "Rules": "",
  "XmlUI": "<!-- Xml UI. See documentation: https://api.tabletopsimulator.com/ui/introUI/ -->",
  "LuaScript": "--[[ Lua code. See documentation: https://api.tabletopsimulator.com/ --]]\n\n--[[ The onLoad event is called after the game save finishes loading. --]]\nfunction onLoad()\n    --[[ print('onLoad!') --]]\nend\n\n--[[ The onUpdate event is called once per frame. --]]\nfunction onUpdate()\n    --[[ print('onUpdate loop!') --]]\nend",
  "LuaScriptState": "",
  "MusicPlayer": {
    "RepeatSong": true,
    "PlaylistEntry": -1,
    "CurrentAudioTitle": "Ultramarines Chant",
    "CurrentAudioURL": "http://cloud-3.steamusercontent.com/ugc/773976977327440295/17C1CAA1F70F178395E93C05E55946061E695598/",
    "AudioLibrary": [
      {
        "Item1": "http://cloud-3.steamusercontent.com/ugc/773976977327440295/17C1CAA1F70F178395E93C05E55946061E695598/",
        "Item2": "Ultramarines Chant"
      }
    ]
  },
  "Grid": {
    "Type": 0,
    "Lines": false,
    "Color": {
      "r": 0.0,
      "g": 0.0,
      "b": 0.0
    },
    "Opacity": 0.75,
    "ThickLines": false,
    "Snapping": false,
    "Offset": false,
    "BothSnapping": false,
    "xSize": 2.0,
    "ySize": 2.0,
    "PosOffset": {
      "x": 0.0,
      "y": 1.0,
      "z": 0.0
    }
  },
  "Lighting": {
    "LightIntensity": 0.54,
    "LightColor": {
      "r": 1.0,
      "g": 0.9804,
      "b": 0.8902
    },
    "AmbientIntensity": 1.3,
    "AmbientType": 0,
    "AmbientSkyColor": {
      "r": 0.5,
      "g": 0.5,
      "b": 0.5
    },
    "AmbientEquatorColor": {
      "r": 0.5,
      "g": 0.5,
      "b": 0.5
    },
    "AmbientGroundColor": {
      "r": 0.5,
      "g": 0.5,
      "b": 0.5
    },
    "ReflectionIntensity": 1.0,
    "LutIndex": 0,
    "LutContribution": 1.0
  },
  "Hands": {
    "Enable": true,
    "DisableUnused": false,
    "Hiding": 0,
    "HandTransforms": [
      {
        "Color": "Red",
        "Transform": {
          "posX": -15.2383451,
          "posY": 3.65961981,
          "posZ": -15.4102287,
          "rotX": 0.0,
          "rotY": 45.0000038,
          "rotZ": 0.0,
          "scaleX": 11.655426,
          "scaleY": 9.17598152,
          "scaleZ": 6.76723862
        }
      },
      {
        "Color": "Yellow",
        "Transform": {
          "posX": -15.3520756,
          "posY": 3.65961218,
          "posZ": 15.1043777,
          "rotX": 0.0,
          "rotY": 135.000015,
          "rotZ": 0.0,
          "scaleX": 11.66346,
          "scaleY": 9.17598152,
          "scaleZ": 6.77197647
        }
      },
      {
        "Color": "Purple",
        "Transform": {
          "posX": 21.5308113,
          "posY": 3.65961218,
          "posZ": 0.05564022,
          "rotX": 0.0,
          "rotY": 270.0,
          "rotZ": 0.0,
          "scaleX": 11.6665878,
          "scaleY": 9.17598152,
          "scaleZ": 6.77567959
        }
      },
      {
        "Color": "Blue",
        "Transform": {
          "posX": 15.3141708,
          "posY": 3.65961218,
          "posZ": 15.1422806,
          "rotX": 0.0,
          "rotY": 224.999985,
          "rotZ": 0.0,
          "scaleX": 11.6632366,
          "scaleY": 9.17598152,
          "scaleZ": 6.77164268
        }
      },
      {
        "Color": "White",
        "Transform": {
          "posX": -4.76837158E-07,
          "posY": 3.65961981,
          "posZ": -21.47526,
          "rotX": 0.0,
          "rotY": 0.0,
          "rotZ": 0.0,
          "scaleX": 11.6554279,
          "scaleY": 9.175983,
          "scaleZ": 6.76723957
        }
      },
      {
        "Color": "Green",
        "Transform": {
          "posX": 4.76837158E-07,
          "posY": 3.65961218,
          "posZ": 21.2933922,
          "rotX": 0.0,
          "rotY": 180.0,
          "rotZ": 0.0,
          "scaleX": 11.6554279,
          "scaleY": 9.17598152,
          "scaleZ": 6.76723337
        }
      },
      {
        "Color": "Pink",
        "Transform": {
          "posX": 15.3141727,
          "posY": 3.65961218,
          "posZ": -15.0311737,
          "rotX": 0.0,
          "rotY": 315.0,
          "rotZ": 0.0,
          "scaleX": 11.6575031,
          "scaleY": 9.17598152,
          "scaleZ": 6.76735
        }
      },
      {
        "Color": "Orange",
        "Transform": {
          "posX": -21.5687141,
          "posY": 3.65964079,
          "posZ": -0.20971489,
          "rotX": 0.0,
          "rotY": 90.0,
          "rotZ": 0.0,
          "scaleX": 11.6656933,
          "scaleY": 9.17598152,
          "scaleZ": 6.77554655
        }
      }
    ]
  },
  "Turns": {
    "Enable": false,
    "Type": 0,
    "TurnOrder": [],
    "Reverse": false,
    "SkipEmpty": false,
    "DisableInteractions": false,
    "PassTurns": true,
    "TurnColor": ""
  },
  "ObjectStates": [
    {
      "Name": "Custom_Model",
      "Transform": {
        "posX": -1.05027771,
        "posY": 1.08732712,
        "posZ": 3.1235435,
        "rotX": 359.2857,
        "rotY": 359.9912,
        "rotZ": 359.4579,
        "scaleX": 1.5999999,
        "scaleY": 1.5999999,
        "scaleZ": 1.5999999
      },
      "Nickname": "Battlewagon W/ Deffrolla",
      "Description": "\r\n",
      "GMNotes": "",
      "ColorDiffuse": {
        "r": 0.9999998,
        "g": 0.992160261,
        "b": 0.9999998
      },
      "Locked": false,
      "Grid": true,
      "Snap": true,
      "IgnoreFoW": false,
      "Autoraise": true,
      "Sticky": true,
      "Tooltip": true,
      "GridProjection": false,
      "HideWhenFaceDown": false,
      "Hands": false,
      "CustomMesh": {
        "MeshURL": "http://cloud-3.steamusercontent.com/ugc/781858739040213550/D0F10B9369BAF5315A35EA33D46260D52D5EB968/",
        "DiffuseURL": "http://cloud-3.steamusercontent.com/ugc/781858739040214359/C31F4EA06212685EF4D492DAC6ED1CEE8DD4DD64/",
        "NormalURL": "",
        "ColliderURL": "http://cloud-3.steamusercontent.com/ugc/781858739039361634/92BAD1DD3983B6787E14DDE7E28D67103F72A18C/",
        "Convex": true,
        "MaterialIndex": 1,
        "TypeIndex": 1,
        "CustomShader": {
          "SpecularColor": {
            "r": 0.8745098,
            "g": 0.8117647,
            "b": 0.745098054
          },
          "SpecularIntensity": 0.01,
          "SpecularSharpness": 3.0,
          "FresnelStrength": 0.1
        },
        "CastShadows": true
      },
      "XmlUI": "",
      "LuaScript": "",
      "LuaScriptState": "",
      "GUID": "87f7c6",
      "States": {
        "2": {
          "Name": "Custom_Model",
          "Transform": {
            "posX": -1.05027676,
            "posY": 1.08732557,
            "posZ": 3.12354326,
            "rotX": 359.2857,
            "rotY": 359.991241,
            "rotZ": 359.4579,
            "scaleX": 1.5999999,
            "scaleY": 1.5999999,
            "scaleZ": 1.5999999
          },
          "Nickname": "Battlewagon W/ Deffrolla",
          "Description": "\r\n",
          "GMNotes": "",
          "ColorDiffuse": {
            "r": 0.9999998,
            "g": 0.992160261,
            "b": 0.9999998
          },
          "Locked": false,
          "Grid": true,
          "Snap": true,
          "IgnoreFoW": false,
          "Autoraise": true,
          "Sticky": true,
          "Tooltip": true,
          "GridProjection": false,
          "HideWhenFaceDown": false,
          "Hands": false,
          "CustomMesh": {
            "MeshURL": "http://cloud-3.steamusercontent.com/ugc/781858739040217705/A081033D33DD10DDA2743834E9B107F93BB7360D/",
            "DiffuseURL": "http://cloud-3.steamusercontent.com/ugc/781858739040218175/45B0A63D009BC9EBCC50508DDE7C0886ED6C6ED7/",
            "NormalURL": "",
            "ColliderURL": "http://cloud-3.steamusercontent.com/ugc/781858739039361634/92BAD1DD3983B6787E14DDE7E28D67103F72A18C/",
            "Convex": true,
            "MaterialIndex": 1,
            "TypeIndex": 1,
            "CustomShader": {
              "SpecularColor": {
                "r": 0.8745098,
                "g": 0.8117647,
                "b": 0.745098054
              },
              "SpecularIntensity": 0.01,
              "SpecularSharpness": 3.0,
              "FresnelStrength": 0.1
            },
            "CastShadows": true
          },
          "XmlUI": "",
          "LuaScript": "",
          "LuaScriptState": "",
          "GUID": "d98f9b"
        },
        "3": {
          "Name": "Custom_Model",
          "Transform": {
            "posX": -1.05027711,
            "posY": 1.087326,
            "posZ": 3.123543,
            "rotX": 359.285736,
            "rotY": 359.991241,
            "rotZ": 359.4579,
            "scaleX": 1.5999999,
            "scaleY": 1.5999999,
            "scaleZ": 1.5999999
          },
          "Nickname": "Battlewagon W/ Deffrolla",
          "Description": "\r\n",
          "GMNotes": "",
          "ColorDiffuse": {
            "r": 0.9999998,
            "g": 0.992160261,
            "b": 0.9999998
          },
          "Locked": false,
          "Grid": true,
          "Snap": true,
          "IgnoreFoW": false,
          "Autoraise": true,
          "Sticky": true,
          "Tooltip": true,
          "GridProjection": false,
          "HideWhenFaceDown": false,
          "Hands": false,
          "CustomMesh": {
            "MeshURL": "http://cloud-3.steamusercontent.com/ugc/781858739040220259/F1D495FF148A032C06F197A16DB7C9AB5CAD99D2/",
            "DiffuseURL": "http://cloud-3.steamusercontent.com/ugc/781858739040220693/7B09C97E03F62FAFBCD2FECBAEF44193B306EA4E/",
            "NormalURL": "",
            "ColliderURL": "http://cloud-3.steamusercontent.com/ugc/781858739039361634/92BAD1DD3983B6787E14DDE7E28D67103F72A18C/",
            "Convex": true,
            "MaterialIndex": 1,
            "TypeIndex": 1,
            "CustomShader": {
              "SpecularColor": {
                "r": 0.8745098,
                "g": 0.8117647,
                "b": 0.745098054
              },
              "SpecularIntensity": 0.01,
              "SpecularSharpness": 3.0,
              "FresnelStrength": 0.1
            },
            "CastShadows": true
          },
          "XmlUI": "",
          "LuaScript": "",
          "LuaScriptState": "",
          "GUID": "3d0db8"
        },
        "4": {
          "Name": "Custom_Model",
          "Transform": {
            "posX": -1.05027723,
            "posY": 1.08732927,
            "posZ": 3.12354374,
            "rotX": 359.285675,
            "rotY": 359.9912,
            "rotZ": 359.4579,
            "scaleX": 1.5999999,
            "scaleY": 1.5999999,
            "scaleZ": 1.5999999
          },
          "Nickname": "Battlewagon W/ Deffrolla",
          "Description": "\r\n",
          "GMNotes": "",
          "ColorDiffuse": {
            "r": 0.9999998,
            "g": 0.992160261,
            "b": 0.9999998
          },
          "Locked": false,
          "Grid": true,
          "Snap": true,
          "IgnoreFoW": false,
          "Autoraise": true,
          "Sticky": true,
          "Tooltip": true,
          "GridProjection": false,
          "HideWhenFaceDown": false,
          "Hands": false,
          "CustomMesh": {
            "MeshURL": "http://cloud-3.steamusercontent.com/ugc/781858739040222439/34073E1CADD50977F0D5D4B082A54EEDFD8FDC93/",
            "DiffuseURL": "http://cloud-3.steamusercontent.com/ugc/781858739040222818/4ABB4A3EF5180A887177B41F49C9F9671D6B31C2/",
            "NormalURL": "",
            "ColliderURL": "http://cloud-3.steamusercontent.com/ugc/781858739039361634/92BAD1DD3983B6787E14DDE7E28D67103F72A18C/",
            "Convex": true,
            "MaterialIndex": 1,
            "TypeIndex": 1,
            "CustomShader": {
              "SpecularColor": {
                "r": 0.8745098,
                "g": 0.8117647,
                "b": 0.745098054
              },
              "SpecularIntensity": 0.01,
              "SpecularSharpness": 3.0,
              "FresnelStrength": 0.1
            },
            "CastShadows": true
          },
          "XmlUI": "",
          "LuaScript": "",
          "LuaScriptState": "",
          "GUID": "e859c3"
        },
        "5": {
          "Name": "Custom_Model",
          "Transform": {
            "posX": -1.05027759,
            "posY": 1.08732688,
            "posZ": 3.12354374,
            "rotX": 359.2857,
            "rotY": 359.9912,
            "rotZ": 359.4579,
            "scaleX": 1.5999999,
            "scaleY": 1.5999999,
            "scaleZ": 1.5999999
          },
          "Nickname": "Battlewagon W/ Deffrolla",
          "Description": "\r\n",
          "GMNotes": "",
          "ColorDiffuse": {
            "r": 0.9999998,
            "g": 0.992160261,
            "b": 0.9999998
          },
          "Locked": false,
          "Grid": true,
          "Snap": true,
          "IgnoreFoW": false,
          "Autoraise": true,
          "Sticky": true,
          "Tooltip": true,
          "GridProjection": false,
          "HideWhenFaceDown": false,
          "Hands": false,
          "CustomMesh": {
            "MeshURL": "http://cloud-3.steamusercontent.com/ugc/781858739040224307/F16D80A2792534BF2B29F200B4D4AC6A1954BF18/",
            "DiffuseURL": "http://cloud-3.steamusercontent.com/ugc/781858739040224733/ADD88A1948DE2C80DC0EF00539FB1652BCA3A8A1/",
            "NormalURL": "",
            "ColliderURL": "http://cloud-3.steamusercontent.com/ugc/781858739039361634/92BAD1DD3983B6787E14DDE7E28D67103F72A18C/",
            "Convex": true,
            "MaterialIndex": 1,
            "TypeIndex": 1,
            "CustomShader": {
              "SpecularColor": {
                "r": 0.8745098,
                "g": 0.8117647,
                "b": 0.745098054
              },
              "SpecularIntensity": 0.01,
              "SpecularSharpness": 3.0,
              "FresnelStrength": 0.1
            },
            "CastShadows": true
          },
          "XmlUI": "",
          "LuaScript": "",
          "LuaScriptState": "",
          "GUID": "498169"
        }
      }
    },
    {
      "Name": "Custom_Model",
      "Transform": {
        "posX": -1.6546917,
        "posY": 1.08732808,
        "posZ": -3.11785746,
        "rotX": 359.285736,
        "rotY": 359.854462,
        "rotZ": 359.4579,
        "scaleX": 1.5999999,
        "scaleY": 1.5999999,
        "scaleZ": 1.5999999
      },
      "Nickname": "Battlewagon",
      "Description": "\r\n",
      "GMNotes": "",
      "ColorDiffuse": {
        "r": 0.9999998,
        "g": 0.992160261,
        "b": 0.9999998
      },
      "Locked": false,
      "Grid": true,
      "Snap": true,
      "IgnoreFoW": false,
      "Autoraise": true,
      "Sticky": true,
      "Tooltip": true,
      "GridProjection": false,
      "HideWhenFaceDown": false,
      "Hands": false,
      "CustomMesh": {
        "MeshURL": "http://cloud-3.steamusercontent.com/ugc/781857474754672778/415F5CC6207A6A87F1BE69E45F4AE969DF729CA6/",
        "DiffuseURL": "http://cloud-3.steamusercontent.com/ugc/781857474754673192/D3BC4A55ED516D17F835DA93700469D8B130C05A/",
        "NormalURL": "",
        "ColliderURL": "http://cloud-3.steamusercontent.com/ugc/781858739039361634/92BAD1DD3983B6787E14DDE7E28D67103F72A18C/",
        "Convex": true,
        "MaterialIndex": 1,
        "TypeIndex": 1,
        "CustomShader": {
          "SpecularColor": {
            "r": 0.8745098,
            "g": 0.8117647,
            "b": 0.745098054
          },
          "SpecularIntensity": 0.01,
          "SpecularSharpness": 3.0,
          "FresnelStrength": 0.1
        },
        "CastShadows": true
      },
      "XmlUI": "",
      "LuaScript": "",
      "LuaScriptState": "",
      "GUID": "216983",
      "States": {
        "4": {
          "Name": "Custom_Model",
          "Transform": {
            "posX": -1.65469241,
            "posY": 1.08732724,
            "posZ": -3.11785746,
            "rotX": 359.285736,
            "rotY": 359.854462,
            "rotZ": 359.4579,
            "scaleX": 1.5999999,
            "scaleY": 1.5999999,
            "scaleZ": 1.5999999
          },
          "Nickname": "Battlewagon 3 Big Shootas",
          "Description": "\r\n",
          "GMNotes": "",
          "ColorDiffuse": {
            "r": 0.9999998,
            "g": 0.992160261,
            "b": 0.9999998
          },
          "Locked": false,
          "Grid": true,
          "Snap": true,
          "IgnoreFoW": false,
          "Autoraise": true,
          "Sticky": true,
          "Tooltip": true,
          "GridProjection": false,
          "HideWhenFaceDown": false,
          "Hands": false,
          "CustomMesh": {
            "MeshURL": "http://cloud-3.steamusercontent.com/ugc/781858739039938281/04DDD0C081C838FC810C5B83CCDA4F77FFE414BD/",
            "DiffuseURL": "http://cloud-3.steamusercontent.com/ugc/781858739039938797/1E6D1D62AC8EB961F7DA34281DE9FDD3BA1D32D7/",
            "NormalURL": "",
            "ColliderURL": "http://cloud-3.steamusercontent.com/ugc/781858739039361634/92BAD1DD3983B6787E14DDE7E28D67103F72A18C/",
            "Convex": true,
            "MaterialIndex": 1,
            "TypeIndex": 1,
            "CustomShader": {
              "SpecularColor": {
                "r": 0.8745098,
                "g": 0.8117647,
                "b": 0.745098054
              },
              "SpecularIntensity": 0.01,
              "SpecularSharpness": 3.0,
              "FresnelStrength": 0.1
            },
            "CastShadows": true
          },
          "XmlUI": "",
          "LuaScript": "",
          "LuaScriptState": "",
          "GUID": "921e0a"
        },
        "3": {
          "Name": "Custom_Model",
          "Transform": {
            "posX": -1.65469265,
            "posY": 1.08732712,
            "posZ": -3.11785722,
            "rotX": 359.2857,
            "rotY": 359.854462,
            "rotZ": 359.4579,
            "scaleX": 1.5999999,
            "scaleY": 1.5999999,
            "scaleZ": 1.5999999
          },
          "Nickname": "Battlewagon 1 Big Shoota",
          "Description": "\r\n",
          "GMNotes": "",
          "ColorDiffuse": {
            "r": 0.9999998,
            "g": 0.992160261,
            "b": 0.9999998
          },
          "Locked": false,
          "Grid": true,
          "Snap": true,
          "IgnoreFoW": false,
          "Autoraise": true,
          "Sticky": true,
          "Tooltip": true,
          "GridProjection": false,
          "HideWhenFaceDown": false,
          "Hands": false,
          "CustomMesh": {
            "MeshURL": "http://cloud-3.steamusercontent.com/ugc/781858739039566605/96590C310145F25F498DC19911FA4E6BC6E99722/",
            "DiffuseURL": "http://cloud-3.steamusercontent.com/ugc/781858739039567049/95F17B1DC32F549390B57994397858EAF312A06E/",
            "NormalURL": "",
            "ColliderURL": "http://cloud-3.steamusercontent.com/ugc/781858739039361634/92BAD1DD3983B6787E14DDE7E28D67103F72A18C/",
            "Convex": true,
            "MaterialIndex": 1,
            "TypeIndex": 1,
            "CustomShader": {
              "SpecularColor": {
                "r": 0.8745098,
                "g": 0.8117647,
                "b": 0.745098054
              },
              "SpecularIntensity": 0.01,
              "SpecularSharpness": 3.0,
              "FresnelStrength": 0.1
            },
            "CastShadows": true
          },
          "XmlUI": "",
          "LuaScript": "",
          "LuaScriptState": "",
          "GUID": "85b5bf"
        },
        "2": {
          "Name": "Custom_Model",
          "Transform": {
            "posX": -1.65469265,
            "posY": 1.08732736,
            "posZ": -3.11785746,
            "rotX": 359.285736,
            "rotY": 359.854462,
            "rotZ": 359.4579,
            "scaleX": 1.5999999,
            "scaleY": 1.5999999,
            "scaleZ": 1.5999999
          },
          "Nickname": "Battlewagon 2 Big Shootas",
          "Description": "\r\n",
          "GMNotes": "",
          "ColorDiffuse": {
            "r": 0.9999998,
            "g": 0.992160261,
            "b": 0.9999998
          },
          "Locked": false,
          "Grid": true,
          "Snap": true,
          "IgnoreFoW": false,
          "Autoraise": true,
          "Sticky": true,
          "Tooltip": true,
          "GridProjection": false,
          "HideWhenFaceDown": false,
          "Hands": false,
          "CustomMesh": {
            "MeshURL": "http://cloud-3.steamusercontent.com/ugc/781858739039740787/D45E4C4585FA1419D48C3C3CCAAF725ABFB9D817/",
            "DiffuseURL": "http://cloud-3.steamusercontent.com/ugc/781858739039741232/A84FBA217B6C86641A38A4F83488910568240129/",
            "NormalURL": "",
            "ColliderURL": "http://cloud-3.steamusercontent.com/ugc/781858739039361634/92BAD1DD3983B6787E14DDE7E28D67103F72A18C/",
            "Convex": true,
            "MaterialIndex": 1,
            "TypeIndex": 1,
            "CustomShader": {
              "SpecularColor": {
                "r": 0.8745098,
                "g": 0.8117647,
                "b": 0.745098054
              },
              "SpecularIntensity": 0.01,
              "SpecularSharpness": 3.0,
              "FresnelStrength": 0.1
            },
            "CastShadows": true
          },
          "XmlUI": "",
          "LuaScript": "",
          "LuaScriptState": "",
          "GUID": "22bf55"
        },
        "5": {
          "Name": "Custom_Model",
          "Transform": {
            "posX": -1.65469158,
            "posY": 1.08732736,
            "posZ": -3.11785746,
            "rotX": 359.285736,
            "rotY": 359.854462,
            "rotZ": 359.4579,
            "scaleX": 1.5999999,
            "scaleY": 1.5999999,
            "scaleZ": 1.5999999
          },
          "Nickname": "Battlewagon 4 Big Shootas",
          "Description": "\r\n",
          "GMNotes": "",
          "ColorDiffuse": {
            "r": 0.9999998,
            "g": 0.992160261,
            "b": 0.9999998
          },
          "Locked": false,
          "Grid": true,
          "Snap": true,
          "IgnoreFoW": false,
          "Autoraise": true,
          "Sticky": true,
          "Tooltip": true,
          "GridProjection": false,
          "HideWhenFaceDown": false,
          "Hands": false,
          "CustomMesh": {
            "MeshURL": "http://cloud-3.steamusercontent.com/ugc/781858739048006884/EE5E6F31C07664597DAE43CA74329F760947806C/",
            "DiffuseURL": "http://cloud-3.steamusercontent.com/ugc/781858739039938797/1E6D1D62AC8EB961F7DA34281DE9FDD3BA1D32D7/",
            "NormalURL": "",
            "ColliderURL": "http://cloud-3.steamusercontent.com/ugc/781858739039361634/92BAD1DD3983B6787E14DDE7E28D67103F72A18C/",
            "Convex": true,
            "MaterialIndex": 1,
            "TypeIndex": 1,
            "CustomShader": {
              "SpecularColor": {
                "r": 0.8745098,
                "g": 0.8117647,
                "b": 0.745098054
              },
              "SpecularIntensity": 0.01,
              "SpecularSharpness": 3.0,
              "FresnelStrength": 0.1
            },
            "CastShadows": true
          },
          "XmlUI": "",
          "LuaScript": "",
          "LuaScriptState": "",
          "GUID": "f1908b"
        }
      }
    }
  ],
  "DecalPallet": [],
  "TabStates": {
    "0": {
      "title": "Rules",
      "body": "",
      "color": "Grey",
      "visibleColor": {
        "r": 0.5,
        "g": 0.5,
        "b": 0.5
      },
      "id": 0
    },
    "1": {
      "title": "White",
      "body": "",
      "color": "White",
      "visibleColor": {
        "r": 1.0,
        "g": 1.0,
        "b": 1.0
      },
      "id": 1
    },
    "2": {
      "title": "Brown",
      "body": "",
      "color": "Brown",
      "visibleColor": {
        "r": 0.443,
        "g": 0.231,
        "b": 0.09
      },
      "id": 2
    },
    "3": {
      "title": "Red",
      "body": "",
      "color": "Red",
      "visibleColor": {
        "r": 0.856,
        "g": 0.1,
        "b": 0.094
      },
      "id": 3
    },
    "4": {
      "title": "Orange",
      "body": "",
      "color": "Orange",
      "visibleColor": {
        "r": 0.956,
        "g": 0.392,
        "b": 0.113
      },
      "id": 4
    },
    "5": {
      "title": "Yellow",
      "body": "",
      "color": "Yellow",
      "visibleColor": {
        "r": 0.905,
        "g": 0.898,
        "b": 0.172
      },
      "id": 5
    },
    "6": {
      "title": "Green",
      "body": "",
      "color": "Green",
      "visibleColor": {
        "r": 0.192,
        "g": 0.701,
        "b": 0.168
      },
      "id": 6
    },
    "7": {
      "title": "Blue",
      "body": "",
      "color": "Blue",
      "visibleColor": {
        "r": 0.118,
        "g": 0.53,
        "b": 1.0
      },
      "id": 7
    },
    "8": {
      "title": "Teal",
      "body": "",
      "color": "Teal",
      "visibleColor": {
        "r": 0.129,
        "g": 0.694,
        "b": 0.607
      },
      "id": 8
    },
    "9": {
      "title": "Purple",
      "body": "",
      "color": "Purple",
      "visibleColor": {
        "r": 0.627,
        "g": 0.125,
        "b": 0.941
      },
      "id": 9
    },
    "10": {
      "title": "Pink",
      "body": "",
      "color": "Pink",
      "visibleColor": {
        "r": 0.96,
        "g": 0.439,
        "b": 0.807
      },
      "id": 10
    },
    "11": {
      "title": "Black",
      "body": "",
      "color": "Black",
      "visibleColor": {
        "r": 0.25,
        "g": 0.25,
        "b": 0.25
      },
      "id": 11
    }
  },
  "VersionNumber": "v12.2.2"
}