{
  "SaveName": "Servants of the Abyss and Gellarpox Infected",
  "GameMode": "Flex Table",
  "Gravity": 0.5,
  "PlayArea": 0.5,
  "Date": "2/13/2020 7:37:52 PM",
  "Table": "Table_None",
  "Sky": "Sky_Museum",
  "Note": "[b]Flex Table[/b]\n\nClick the white button on the leg near the white seat to view your options.\n\nChange the tabletop image.\nSave a tabletop image for quick recall.\nChange the width and depth of the table.\n\n\n\n\n\n\n\n\n\n\n\n\nThis table is actually made up of multiple bits, so you can't save+import it into another room. But you can bring the items from another room into here.",
  "Rules": "",
  "XmlUI": "<!-- Xml UI. See documentation: https://api.tabletopsimulator.com/ui/introUI/ -->",
  "LuaScript": "--",
  "LuaScriptState": "",
  "MusicPlayer": {
    "RepeatSong": true,
    "PlaylistEntry": -1,
    "CurrentAudioTitle": "Ultramarines Chant",
    "CurrentAudioURL": "http://cloud-3.steamusercontent.com/ugc/773976977327440295/17C1CAA1F70F178395E93C05E55946061E695598/",
    "AudioLibrary": [
      {
        "Item1": "http://cloud-3.steamusercontent.com/ugc/773976977327440295/17C1CAA1F70F178395E93C05E55946061E695598/",
        "Item2": "Ultramarines Chant"
      }
    ]
  },
  "Grid": {
    "Type": 0,
    "Lines": false,
    "Color": {
      "r": 0.0,
      "g": 0.0,
      "b": 0.0
    },
    "Opacity": 0.75,
    "ThickLines": false,
    "Snapping": false,
    "Offset": false,
    "BothSnapping": false,
    "xSize": 2.0,
    "ySize": 2.0,
    "PosOffset": {
      "x": 0.0,
      "y": 1.0,
      "z": 0.0
    }
  },
  "Lighting": {
    "LightIntensity": 0.54,
    "LightColor": {
      "r": 1.0,
      "g": 0.9804,
      "b": 0.8902
    },
    "AmbientIntensity": 1.3,
    "AmbientType": 0,
    "AmbientSkyColor": {
      "r": 0.5,
      "g": 0.5,
      "b": 0.5
    },
    "AmbientEquatorColor": {
      "r": 0.5,
      "g": 0.5,
      "b": 0.5
    },
    "AmbientGroundColor": {
      "r": 0.5,
      "g": 0.5,
      "b": 0.5
    },
    "ReflectionIntensity": 1.0,
    "LutIndex": 0,
    "LutContribution": 1.0
  },
  "Hands": {
    "Enable": true,
    "DisableUnused": false,
    "Hiding": 0,
    "HandTransforms": [
      {
        "Color": "White",
        "Transform": {
          "posX": 0.0,
          "posY": 5.0,
          "posZ": -19.7499981,
          "rotX": 0.0,
          "rotY": 0.0,
          "rotZ": 0.0,
          "scaleX": 11.8350019,
          "scaleY": 7.002465,
          "scaleZ": 4.04115963
        }
      },
      {
        "Color": "Red",
        "Transform": {
          "posX": -19.7500019,
          "posY": 5.0,
          "posZ": 0.0,
          "rotX": 0.0,
          "rotY": 90.0,
          "rotZ": 0.0,
          "scaleX": 11.7401915,
          "scaleY": 7.0,
          "scaleZ": 4.080592
        }
      },
      {
        "Color": "Green",
        "Transform": {
          "posX": 0.0,
          "posY": 5.0,
          "posZ": 19.7499981,
          "rotX": 0.0,
          "rotY": 180.0,
          "rotZ": 0.0,
          "scaleX": 11.8350019,
          "scaleY": 7.0,
          "scaleZ": 4.041209
        }
      },
      {
        "Color": "Blue",
        "Transform": {
          "posX": 19.7500019,
          "posY": 5.0,
          "posZ": 0.0,
          "rotX": 0.0,
          "rotY": 270.0,
          "rotZ": 0.0,
          "scaleX": 11.73997,
          "scaleY": 7.0,
          "scaleZ": 4.08051968
        }
      }
    ]
  },
  "Turns": {
    "Enable": false,
    "Type": 0,
    "TurnOrder": [],
    "Reverse": false,
    "SkipEmpty": false,
    "DisableInteractions": false,
    "PassTurns": true,
    "TurnColor": ""
  },
  "ObjectStates": [
    {
      "Name": "Custom_Assetbundle",
      "Transform": {
        "posX": 0.0,
        "posY": -9.0,
        "posZ": 0.0,
        "rotX": 6.536436E-07,
        "rotY": -2.39176334E-05,
        "rotZ": -3.84849864E-06,
        "scaleX": 1.0,
        "scaleY": 1.0,
        "scaleZ": 1.0
      },
      "Nickname": "",
      "Description": "",
      "GMNotes": "",
      "ColorDiffuse": {
        "r": 1.0,
        "g": 1.0,
        "b": 1.0
      },
      "Locked": true,
      "Grid": true,
      "Snap": true,
      "IgnoreFoW": false,
      "Autoraise": true,
      "Sticky": true,
      "Tooltip": true,
      "GridProjection": false,
      "HideWhenFaceDown": false,
      "Hands": false,
      "CustomAssetbundle": {
        "AssetbundleURL": "http://cloud-3.steamusercontent.com/ugc/879750610978795929/723C50F43FAB3DE3DC12CB8460536E8CB34B60A3/",
        "AssetbundleSecondaryURL": "",
        "MaterialIndex": 2,
        "TypeIndex": 4,
        "LoopingEffectIndex": 0
      },
      "XmlUI": "",
      "LuaScript": "",
      "LuaScriptState": "",
      "GUID": "afc863"
    },
    {
      "Name": "Custom_Assetbundle",
      "Transform": {
        "posX": 0.0,
        "posY": -9.0,
        "posZ": 0.0,
        "rotX": 6.536436E-07,
        "rotY": 90.0,
        "rotZ": -3.84849864E-06,
        "scaleX": 1.0,
        "scaleY": 1.0,
        "scaleZ": 1.0
      },
      "Nickname": "",
      "Description": "",
      "GMNotes": "",
      "ColorDiffuse": {
        "r": 1.0,
        "g": 1.0,
        "b": 1.0
      },
      "Locked": true,
      "Grid": true,
      "Snap": true,
      "IgnoreFoW": false,
      "Autoraise": true,
      "Sticky": true,
      "Tooltip": true,
      "GridProjection": false,
      "HideWhenFaceDown": false,
      "Hands": false,
      "CustomAssetbundle": {
        "AssetbundleURL": "http://cloud-3.steamusercontent.com/ugc/879750610978795929/723C50F43FAB3DE3DC12CB8460536E8CB34B60A3/",
        "AssetbundleSecondaryURL": "",
        "MaterialIndex": 2,
        "TypeIndex": 4,
        "LoopingEffectIndex": 0
      },
      "XmlUI": "",
      "LuaScript": "",
      "LuaScriptState": "",
      "GUID": "c8edca"
    },
    {
      "Name": "Custom_Assetbundle",
      "Transform": {
        "posX": 0.0,
        "posY": -9.0,
        "posZ": 0.0,
        "rotX": 6.536436E-07,
        "rotY": 180.0,
        "rotZ": -3.84849864E-06,
        "scaleX": 1.0,
        "scaleY": 1.0,
        "scaleZ": 1.0
      },
      "Nickname": "",
      "Description": "",
      "GMNotes": "",
      "ColorDiffuse": {
        "r": 1.0,
        "g": 1.0,
        "b": 1.0
      },
      "Locked": true,
      "Grid": true,
      "Snap": true,
      "IgnoreFoW": false,
      "Autoraise": true,
      "Sticky": true,
      "Tooltip": true,
      "GridProjection": false,
      "HideWhenFaceDown": false,
      "Hands": false,
      "CustomAssetbundle": {
        "AssetbundleURL": "http://cloud-3.steamusercontent.com/ugc/879750610978795929/723C50F43FAB3DE3DC12CB8460536E8CB34B60A3/",
        "AssetbundleSecondaryURL": "",
        "MaterialIndex": 2,
        "TypeIndex": 4,
        "LoopingEffectIndex": 0
      },
      "XmlUI": "",
      "LuaScript": "",
      "LuaScriptState": "",
      "GUID": "393bf7"
    },
    {
      "Name": "Custom_Assetbundle",
      "Transform": {
        "posX": 0.0,
        "posY": -9.0,
        "posZ": 0.0,
        "rotX": 6.536436E-07,
        "rotY": 270.0,
        "rotZ": -3.84849864E-06,
        "scaleX": 1.0,
        "scaleY": 1.0,
        "scaleZ": 1.0
      },
      "Nickname": "",
      "Description": "",
      "GMNotes": "",
      "ColorDiffuse": {
        "r": 1.0,
        "g": 1.0,
        "b": 1.0
      },
      "Locked": true,
      "Grid": true,
      "Snap": true,
      "IgnoreFoW": false,
      "Autoraise": true,
      "Sticky": true,
      "Tooltip": true,
      "GridProjection": false,
      "HideWhenFaceDown": false,
      "Hands": false,
      "CustomAssetbundle": {
        "AssetbundleURL": "http://cloud-3.steamusercontent.com/ugc/879750610978795929/723C50F43FAB3DE3DC12CB8460536E8CB34B60A3/",
        "AssetbundleSecondaryURL": "",
        "MaterialIndex": 2,
        "TypeIndex": 4,
        "LoopingEffectIndex": 0
      },
      "XmlUI": "",
      "LuaScript": "",
      "LuaScriptState": "",
      "GUID": "12c65e"
    },
    {
      "Name": "Chinese_Checkers_Piece",
      "Transform": {
        "posX": 19.1600037,
        "posY": -0.259998322,
        "posZ": -22.12,
        "rotX": 0.00190076465,
        "rotY": 180.0,
        "rotZ": 0.000379891542,
        "scaleX": 1.6499995,
        "scaleY": 1.6499995,
        "scaleZ": 1.6499995
      },
      "Nickname": "Flex Table Control",
      "Description": "",
      "GMNotes": "",
      "ColorDiffuse": {
        "r": 1.0,
        "g": 1.0,
        "b": 1.0
      },
      "Locked": true,
      "Grid": true,
      "Snap": true,
      "IgnoreFoW": false,
      "Autoraise": true,
      "Sticky": true,
      "Tooltip": false,
      "GridProjection": false,
      "HideWhenFaceDown": false,
      "Hands": false,
      "MaterialIndex": 1,
      "XmlUI": "",
      "LuaScript": "tableHeightOffset = -9\n\nfunction onSave()\n    saved_data = JSON.encode({tid=tableImageData, cd=checkData})\n    --saved_data = \"\"\n    return saved_data\nend\n\nfunction onload(saved_data)\n    --Loads the tracking for if the game has started yet\n    if saved_data ~= \"\" then\n         local loaded_data = JSON.decode(saved_data)\n         tableImageData = loaded_data.tid\n         checkData = loaded_data.cd\n    else\n        tableImageData = {}\n        checkData = {move=false, scale=false}\n    end\n\n    --Disables interactable status of objects with GUID in list\n    for _, guid in ipairs(ref_noninteractable) do\n        local obj = getObjectFromGUID(guid)\n        if obj then obj.interactable = false end\n    end\n\n    --Establish references to table parts\n    obj_leg1 = getObjectFromGUID(\"afc863\")\n    obj_leg2 = getObjectFromGUID(\"c8edca\")\n    obj_leg3 = getObjectFromGUID(\"393bf7\")\n    obj_leg4 = getObjectFromGUID(\"12c65e\")\n    obj_surface = getObjectFromGUID(\"4ee1f2\")\n    obj_side_top = getObjectFromGUID(\"35b95f\")\n    obj_side_bot = getObjectFromGUID(\"f938a2\")\n    obj_side_lef = getObjectFromGUID(\"9f95fd\")\n    obj_side_rig = getObjectFromGUID(\"5af8f2\")\n\n    controlActive = false\n    createOpenCloseButton()\nend\n\n\n\n--Activation/deactivation of control panel\n\n\n\n--Activated by clicking on\nfunction click_toggleControl(_, color)\n    if permissionCheck(color) then\n        if not controlActive then\n            --Activate control panel\n            controlActive = true\n            self.clearButtons()\n            createOpenCloseButton()\n            createSurfaceInput()\n            createSurfaceButtons()\n            createScaleInput()\n            createScaleButtons()\n        else\n            --Deactivate control panel\n            controlActive = false\n            self.clearButtons()\n            self.clearInputs()\n            createOpenCloseButton()\n\n        end\n    end\nend\n\n\n\n\n--Table surface control\n\n\n\n--Changes table surface\nfunction click_applySurface(_, color)\n    if permissionCheck(color) then\n        updateSurface()\n        broadcastToAll(\"New Table Image Applied\", {0.2,0.9,0.2})\n    end\nend\n\n--Saves table surface\nfunction click_saveSurface(_, color)\n    if permissionCheck(color) then\n        local nickname = self.getInputs()[1].value\n        local url = self.getInputs()[2].value\n        if nickname == \"\" then\n            --No nickname\n            broadcastToAll(\"Please supply a nickname for this save.\", {0.9,0.2,0.2})\n        else\n            --Nickname exists\n\n            if findInImageDataIndex(url, nickname) == nil then\n                --Save doesn't exist already\n                table.insert(tableImageData, {url=url, name=nickname})\n                broadcastToAll(\"Image URL saved to memory.\", {0.2,0.9,0.2})\n                --Refresh buttons\n                self.clearButtons()\n                createOpenCloseButton()\n                createSurfaceButtons()\n                createScaleButtons()\n            else\n                --Save exists already\n                broadcastToAll(\"Memory already contains a save with this Name or URL. Delete it first.\", {0.9,0.2,0.2})\n            end\n        end\n    end\nend\n\n--Loads table surface\nfunction click_loadMemory(_, color, index)\n    if permissionCheck(color) then\n        self.editInput({index=0, value=tableImageData[index].name})\n        self.editInput({index=1, value=tableImageData[index].url})\n        updateSurface()\n        broadcastToAll(\"Table Image Loaded\", {0.2,0.9,0.2})\n    end\nend\n\n--Deletes table surface\nfunction click_deleteMemory(_, color, index)\n    if permissionCheck(color) then\n        table.remove(tableImageData, index)\n        self.clearButtons()\n        createOpenCloseButton()\n        createSurfaceButtons()\n        createScaleButtons()\n        broadcastToAll(\"Element Removed from Memory\", {0.2,0.9,0.2})\n    end\nend\n\n--Updates surface from the values in the input field\nfunction updateSurface()\n    local customInfo = obj_surface.getCustomObject()\n    customInfo.diffuse = self.getInputs()[2].value\n    obj_surface.setCustomObject(customInfo)\n    obj_surface = obj_surface.reload()\nend\n\n\n\n--Table Scale control\n\n\n\n--Applies Scale to table pieces\nfunction click_applyScale(_, color)\n    if permissionCheck(color) then\n        local newWidth = tonumber(self.getInputs()[3].value)\n        local newDepth = tonumber(self.getInputs()[4].value)\n        if type(newWidth) ~= \"number\" then\n            broadcastToAll(\"Invalid Width\", {0.9,0.2,0.2})\n            return\n        elseif type(newDepth) ~= \"number\" then\n            broadcastToAll(\"Invalid Depth\", {0.9,0.2,0.2})\n            return\n        elseif newWidth<0.1 or newDepth<0.1 then\n            broadcastToAll(\"Scale cannot go below 0.1\", {0.9,0.2,0.2})\n            return\n        elseif newWidth>12 or newDepth>12 then\n            broadcastToAll(\"Scale should not go over 12 (world size limitation)\", {0.9,0.2,0.2})\n            return\n        else\n            changeTableScale(math.abs(newWidth), math.abs(newDepth))\n            broadcastToAll(\"Scale applied.\", {0.2,0.9,0.2})\n        end\n    end\nend\n\n--Checks/unchecks move box for hands\nfunction click_checkMove(_, color)\n    if permissionCheck(color) then\n        local find_func = function(o) return o.click_function==\"click_checkMove\" end\n        if checkData.move == true then\n            checkData.move = false\n            local buttonEntry = findButton(self, find_func)\n            self.editButton({index=buttonEntry.index, label=\"\"})\n        else\n            checkData.move = true\n            local buttonEntry = findButton(self, find_func)\n            self.editButton({index=buttonEntry.index, label=string.char(10008)})\n        end\n    end\nend\n\n--Checks/unchecks scale box for hands\n--This button was disabled for technical reasons\n--[[\nfunction click_checkScale(_, color)\n    if permissionCheck(color) then\n        local find_func = function(o) return o.click_function==\"click_checkScale\" end\n        if checkData.scale == true then\n            checkData.scale = false\n            local buttonEntry = findButton(self, find_func)\n            self.editButton({index=buttonEntry.index, label=\"\"})\n        else\n            checkData.scale = true\n            local buttonEntry = findButton(self, find_func)\n            self.editButton({index=buttonEntry.index, label=string.char(10008)})\n        end\n    end\nend\n]]\n\n--Alters scale of elements and moves them\nfunction changeTableScale(width, depth)\n    --Scaling factors used to translate scale to position offset\n    local width2pos = (width-1) * 18\n    local depth2pos = (depth-1) * 18\n\n    --Hand zone movement\n    if checkData.move == true then\n        for _, pc in ipairs(ref_playerColor) do\n            if Player[pc].getHandCount() > 0 then\n                moveHandZone(Player[pc], width2pos, depth2pos)\n            end\n        end\n    end\n    --Hand zone scaling\n    --The button to enable this was disabled for technical reasons\n    if checkData.scale == true then\n        for _, pc in ipairs(ref_playerColor) do\n            if Player[pc].getHandCount() > 0 then\n                scaleHandZone(Player[pc], width, depth)\n            end\n        end\n    end\n\n    --Resizing table elements\n    obj_side_top.setScale({width, 1, 1})\n    obj_side_bot.setScale({width, 1, 1})\n    obj_side_lef.setScale({depth, 1, 1})\n    obj_side_rig.setScale({depth, 1, 1})\n    obj_surface.setScale({width, 1, depth})\n\n    --Moving table elements to accomodate new scale\n    obj_side_lef.setPosition({-width2pos,tableHeightOffset,0})\n    obj_side_rig.setPosition({ width2pos,tableHeightOffset,0})\n    obj_side_top.setPosition({0,tableHeightOffset, depth2pos})\n    obj_side_bot.setPosition({0,tableHeightOffset,-depth2pos})\n    obj_leg1.setPosition({-width2pos,tableHeightOffset,-depth2pos})\n    obj_leg2.setPosition({-width2pos,tableHeightOffset, depth2pos})\n    obj_leg3.setPosition({ width2pos,tableHeightOffset, depth2pos})\n    obj_leg4.setPosition({ width2pos,tableHeightOffset,-depth2pos})\n    self.setPosition(obj_leg4.positionToWorld({-22.12, 8.74,-19.16}))\n    --Only enabled when changing tableHeightOffset\n    --obj_surface.setPosition({0,tableHeightOffset,0})\nend\n\n--Move hand zone, p=player reference, facts are scaling factors\nfunction moveHandZone(p, width2pos, depth2pos)\n    local widthX = obj_side_rig.getPosition().x\n    local depthZ = obj_side_top.getPosition().z\n    for i=1, p.getHandCount() do\n        local handT = p.getHandTransform()\n        local pos = handT.position\n        local y = handT.rotation.y\n\n        if y<45 or y>320 or y>135 and y<225 then\n            if pos.z > 0 then\n                pos.z = pos.z + depth2pos - depthZ\n            else\n                pos.z = pos.z - depth2pos + depthZ\n            end\n        else\n            if pos.x > 0 then\n                pos.x = pos.x + width2pos - widthX\n            else\n                pos.x = pos.x - width2pos + widthX\n            end\n        end\n\n        --Only enabled when changing tableHeightOffset\n        --pos.y = tableHeightOffset + 14\n\n        handT.position = pos\n        p.setHandTransform(handT, i)\n    end\nend\n\n\n---Scales hand zones, p=player reference, facts are scaling factors\nfunction scaleHandZone(p, width, depth)\n    local widthFact = width / obj_side_top.getScale().x\n    local depthFact = depth / obj_side_lef.getScale().x\n    for i=1, p.getHandCount() do\n        local handT = p.getHandTransform()\n        local scale = handT.scale\n        local y = handT.rotation.y\n        if y<45 or y>320 or y>135 and y<225 then\n            scale.x = scale.x * widthFact\n        else\n            scale.x = scale.x * depthFact\n        end\n        handT.scale = scale\n        p.setHandTransform(handT, i)\n    end\nend\n\n\n\n--Information gathering\n\n\n\n--Checks if a color is promoted or host\nfunction permissionCheck(color)\n    if Player[color].host==true or Player[color].promoted==true then\n        return true\n    else\n        return false\n    end\nend\n\n--Locates a string saved within memory file\nfunction findInImageDataIndex(...)\n    for _, str in ipairs({...}) do\n        for i, v in ipairs(tableImageData) do\n            if v.url == str or v.name == str then\n                return i\n            end\n        end\n    end\n    return nil\nend\n\n--Round number (num) to the Nth decimal (dec)\nfunction round(num, dec)\n  local mult = 10^(dec or 0)\n  return math.floor(num * mult + 0.5) / mult\nend\n\n--Locates a button with a helper function\nfunction findButton(obj, func)\n    if func==nil then error(\"No func supplied to findButton\") end\n    for _, v in ipairs(obj.getButtons()) do\n        if func(v) then\n            return v\n        end\n    end\n    return nil\nend\n\n\n\n--Creation of buttons/inputs\n\n\n\nfunction createOpenCloseButton()\n    local tooltip = \"Open Table Control Panel\"\n    if controlActive then\n        tooltip = \"Close Table Control Panel\"\n    end\n    self.createButton({\n        click_function=\"click_toggleControl\", function_owner=self,\n        position={0,0,0}, rotation={-45,0,0}, height=400, width=400,\n        color={1,1,1,0}, tooltip=tooltip\n    })\nend\n\nfunction createSurfaceInput()\n    local currentURL = obj_surface.getCustomObject().diffuse\n    local nickname = \"\"\n    if findInImageDataIndex(currentURL) ~= nil then\n        nickname = tableImageData[findInImageDataIndex(currentURL)].name\n    end\n    self.createInput({\n        label=\"Nickname\", input_function=\"none\", function_owner=self,\n        alignment=3, position={0,0,2}, height=224, width=4000,\n        font_size=200, tooltip=\"Enter nickname for table image (only used for save)\",\n        value=nickname\n    })\n    self.createInput({\n        label=\"URL\", input_function=\"none\", function_owner=self,\n        alignment=3, position={0,0,3}, height=224, width=4000,\n        font_size=200, tooltip=\"Enter URL for tabletop image\",\n        value=currentURL\n    })\nend\n\nfunction createSurfaceButtons()\n    --Label\n    self.createButton({\n        label=\"Tabletop Surface Image\", click_function=\"none\",\n        position={0,0,1}, height=0, width=0, font_size=300, font_color={1,1,1}\n    })\n    --Functional\n    self.createButton({\n        label=\"Apply Image\\nTo Table\", click_function=\"click_applySurface\",\n        function_owner=self, tooltip=\"Apply URL as table image\",\n        position={2,0,4}, height=440, width=1400, font_size=200,\n    })\n    self.createButton({\n        label=\"Save Image\\nTo Memory\", click_function=\"click_saveSurface\",\n        function_owner=self, tooltip=\"Record URL into memory (requires nickname)\",\n        position={-2,0,4}, height=440, width=1400, font_size=200,\n    })\n    --Label\n    self.createButton({\n        label=\"Load From Memory\", click_function=\"none\",\n        position={0,0,5.5}, height=0, width=0, font_size=300, font_color={1,1,1}\n    })\n    --Saves, created dynamically from memory file\n    for i, memoryEntry in ipairs(tableImageData) do\n        --Load\n        local funcName = i..\"loadMemory\"\n        local func = function(x,y) click_loadMemory(x,y,i) end\n        self.setVar(funcName, func)\n        self.createButton({\n            label=memoryEntry.name, click_function=funcName,\n            function_owner=self, tooltip=memoryEntry.url, font_size=200,\n            position={-0.6,0,6.5+0.5*(i-1)}, height=240, width=3300,\n        })\n        --Delete\n        local funcName = i..\"deleteMemory\"\n        local func = function(x,y) click_deleteMemory(x,y,i) end\n        self.setVar(funcName, func)\n        self.createButton({\n            label=\"DELETE\", click_function=funcName,\n            function_owner=self, tooltip=\"\",\n            position={3.6,0,6.5+0.5*(i-1)}, height=240, width=600,\n            font_size=160, font_color={1,0,0}, color={0.8,0.8,0.8}\n        })\n    end\nend\n\nfunction createScaleInput()\n    self.createInput({\n        label=string.char(8644), input_function=\"none\", function_owner=self,\n        alignment=3, position={-8.5,0,2}, height=224, width=400,\n        font_size=200, tooltip=\"Table Width\",\n        value=round(obj_side_top.getScale().x, 1)\n    })\n    self.createInput({\n        label=string.char(8645), input_function=\"none\", function_owner=self,\n        alignment=3, position={-7.5,0,2}, height=224, width=400,\n        font_size=200, tooltip=\"Table Depth\",\n        value=round(obj_side_lef.getScale().x, 1)\n    })\nend\n\nfunction createScaleButtons()\n    --Labels\n    self.createButton({\n        label=\"Table Scale\", click_function=\"none\",\n        position={-8,0,1}, height=0, width=0, font_size=300, font_color={1,1,1}\n    })\n    self.createButton({\n        label=string.char(8644)..\"            \"..string.char(8645),\n        click_function=\"none\",\n        position={-8,0,2}, height=0, width=0, font_size=300, font_color={1,1,1}\n    })\n    self.createButton({\n        label=\"Move Hands:\", click_function=\"none\",\n        position={-8.3,0,3}, height=0, width=0, font_size=200, font_color={1,1,1}\n    })\n    --Disabled due to me removing the feature for technical reasons\n    --[[\n    self.createButton({\n        label=\"Scale Hands:\", click_function=\"none\",\n        position={-8.3,0,4}, height=0, width=0, font_size=200, font_color={1,1,1}\n    })\n    ]]\n    --Checkboxes\n    local label = \"\"\n    if checkData.move == true then label = string.char(10008) end\n    self.createButton({\n        label=label, click_function=\"click_checkMove\",\n        function_owner=self, tooltip=\"Check to move hands when table is rescaled\",\n        position={-6.8,0,3}, height=224, width=224, font_size=200,\n    })\n    --[[\n    local label = \"\"\n    if checkData.scale == true then label = string.char(10008) end\n    self.createButton({\n        label=label, click_function=\"click_checkScale\",\n        function_owner=self, tooltip=\"Check to scale the width of hands when table is rescaled\",\n        position={-6.8,0,4}, height=224, width=224, font_size=200,\n    })\n    ]]\n    --Apply button\n    self.createButton({\n        label=\"Apply Scale\", click_function=\"click_applyScale\",\n        function_owner=self, tooltip=\"Apply width/depth to table\",\n        position={-8,0,4}, height=440, width=1400, font_size=200,\n    })\nend\n\n\n\n\n\n--Data tables\n\n\n\n\nref_noninteractable = {\n    \"afc863\",\"c8edca\",\"393bf7\",\"12c65e\",\"f938a2\",\"9f95fd\",\"35b95f\",\n    \"5af8f2\",\"4ee1f2\",\"bd69bd\"\n}\n\nref_playerColor = {\n    \"White\", \"Brown\", \"Red\", \"Orange\", \"Yellow\",\n    \"Green\", \"Teal\", \"Blue\", \"Purple\", \"Pink\", \"Black\"\n}\n\n--Dummy function, absorbs unwanted triggers\nfunction none() end\n",
      "LuaScriptState": "{\"cd\":{\"move\":true,\"scale\":false},\"tid\":[{\"name\":\"Felt - Green\",\"url\":\"http://cloud-3.steamusercontent.com/ugc/1018320153795068598/FF91D48AB5415E01B8E9EFF7E2421C05AE05ACD2/\"},{\"name\":\"Felt - Red\",\"url\":\"http://cloud-3.steamusercontent.com/ugc/1018320153795309227/76366CE0E933214A24710553DB94CEEDB3A4F629/\"},{\"name\":\"Felt - Grey\",\"url\":\"http://cloud-3.steamusercontent.com/ugc/1018320153795312023/7A32A39FD692F3CEE69729A5B7E2C6AF1D00970E/\"}]}",
      "GUID": "bd69bd"
    },
    {
      "Name": "Custom_Assetbundle",
      "Transform": {
        "posX": 0.0,
        "posY": -9.0,
        "posZ": 0.0,
        "rotX": -1.01777751E-13,
        "rotY": 0.0,
        "rotZ": 0.0,
        "scaleX": 1.0,
        "scaleY": 1.0,
        "scaleZ": 1.0
      },
      "Nickname": "",
      "Description": "",
      "GMNotes": "",
      "ColorDiffuse": {
        "r": 1.0,
        "g": 1.0,
        "b": 1.0
      },
      "Locked": true,
      "Grid": true,
      "Snap": true,
      "IgnoreFoW": false,
      "Autoraise": true,
      "Sticky": true,
      "Tooltip": true,
      "GridProjection": false,
      "HideWhenFaceDown": false,
      "Hands": false,
      "CustomAssetbundle": {
        "AssetbundleURL": "http://cloud-3.steamusercontent.com/ugc/879750610978796471/14ED0DBD593370733A0309B0950004F33EB9FACA/",
        "AssetbundleSecondaryURL": "",
        "MaterialIndex": 1,
        "TypeIndex": 4,
        "LoopingEffectIndex": 0
      },
      "XmlUI": "",
      "LuaScript": "",
      "LuaScriptState": "",
      "GUID": "f938a2"
    },
    {
      "Name": "Custom_Assetbundle",
      "Transform": {
        "posX": 0.0,
        "posY": -9.0,
        "posZ": 0.0,
        "rotX": 0.0,
        "rotY": 90.0,
        "rotZ": 0.0,
        "scaleX": 1.0,
        "scaleY": 1.0,
        "scaleZ": 1.0
      },
      "Nickname": "",
      "Description": "",
      "GMNotes": "",
      "ColorDiffuse": {
        "r": 1.0,
        "g": 1.0,
        "b": 1.0
      },
      "Locked": true,
      "Grid": true,
      "Snap": true,
      "IgnoreFoW": false,
      "Autoraise": true,
      "Sticky": true,
      "Tooltip": true,
      "GridProjection": false,
      "HideWhenFaceDown": false,
      "Hands": false,
      "CustomAssetbundle": {
        "AssetbundleURL": "http://cloud-3.steamusercontent.com/ugc/879750610978796471/14ED0DBD593370733A0309B0950004F33EB9FACA/",
        "AssetbundleSecondaryURL": "",
        "MaterialIndex": 1,
        "TypeIndex": 4,
        "LoopingEffectIndex": 0
      },
      "XmlUI": "",
      "LuaScript": "",
      "LuaScriptState": "",
      "GUID": "9f95fd"
    },
    {
      "Name": "Custom_Assetbundle",
      "Transform": {
        "posX": 0.0,
        "posY": -9.0,
        "posZ": 0.0,
        "rotX": -1.01777751E-13,
        "rotY": 180.0,
        "rotZ": 0.0,
        "scaleX": 1.0,
        "scaleY": 1.0,
        "scaleZ": 1.0
      },
      "Nickname": "",
      "Description": "",
      "GMNotes": "",
      "ColorDiffuse": {
        "r": 1.0,
        "g": 1.0,
        "b": 1.0
      },
      "Locked": true,
      "Grid": true,
      "Snap": true,
      "IgnoreFoW": false,
      "Autoraise": true,
      "Sticky": true,
      "Tooltip": true,
      "GridProjection": false,
      "HideWhenFaceDown": false,
      "Hands": false,
      "CustomAssetbundle": {
        "AssetbundleURL": "http://cloud-3.steamusercontent.com/ugc/879750610978796471/14ED0DBD593370733A0309B0950004F33EB9FACA/",
        "AssetbundleSecondaryURL": "",
        "MaterialIndex": 1,
        "TypeIndex": 4,
        "LoopingEffectIndex": 0
      },
      "XmlUI": "",
      "LuaScript": "",
      "LuaScriptState": "",
      "GUID": "35b95f"
    },
    {
      "Name": "Custom_Assetbundle",
      "Transform": {
        "posX": 0.0,
        "posY": -9.0,
        "posZ": 0.0,
        "rotX": 0.0,
        "rotY": 270.0,
        "rotZ": 0.0,
        "scaleX": 1.0,
        "scaleY": 1.0,
        "scaleZ": 1.0
      },
      "Nickname": "",
      "Description": "",
      "GMNotes": "",
      "ColorDiffuse": {
        "r": 1.0,
        "g": 1.0,
        "b": 1.0
      },
      "Locked": true,
      "Grid": true,
      "Snap": true,
      "IgnoreFoW": false,
      "Autoraise": true,
      "Sticky": true,
      "Tooltip": true,
      "GridProjection": false,
      "HideWhenFaceDown": false,
      "Hands": false,
      "CustomAssetbundle": {
        "AssetbundleURL": "http://cloud-3.steamusercontent.com/ugc/879750610978796471/14ED0DBD593370733A0309B0950004F33EB9FACA/",
        "AssetbundleSecondaryURL": "",
        "MaterialIndex": 1,
        "TypeIndex": 4,
        "LoopingEffectIndex": 0
      },
      "XmlUI": "",
      "LuaScript": "",
      "LuaScriptState": "",
      "GUID": "5af8f2"
    },
    {
      "Name": "Custom_Model",
      "Transform": {
        "posX": 0.0,
        "posY": -9.0,
        "posZ": 0.0,
        "rotX": 359.983124,
        "rotY": -0.00189453643,
        "rotZ": 359.920135,
        "scaleX": 1.0,
        "scaleY": 1.0,
        "scaleZ": 1.0
      },
      "Nickname": "",
      "Description": "",
      "GMNotes": "",
      "ColorDiffuse": {
        "r": 1.0,
        "g": 1.0,
        "b": 1.0
      },
      "Locked": true,
      "Grid": true,
      "Snap": true,
      "IgnoreFoW": false,
      "Autoraise": true,
      "Sticky": true,
      "Tooltip": true,
      "GridProjection": true,
      "HideWhenFaceDown": false,
      "Hands": false,
      "CustomMesh": {
        "MeshURL": "http://cloud-3.steamusercontent.com/ugc/879750610978796176/4A5A65543B98BCFBF57E910D06EC984208223D38/",
        "DiffuseURL": "http://cloud-3.steamusercontent.com/ugc/769481639410724183/FF91D48AB5415E01B8E9EFF7E2421C05AE05ACD2/",
        "NormalURL": "",
        "ColliderURL": "",
        "Convex": true,
        "MaterialIndex": 1,
        "TypeIndex": 4,
        "CustomShader": {
          "SpecularColor": {
            "r": 1.0,
            "g": 1.0,
            "b": 1.0
          },
          "SpecularIntensity": 0.0,
          "SpecularSharpness": 2.0,
          "FresnelStrength": 0.0
        },
        "CastShadows": true
      },
      "XmlUI": "",
      "LuaScript": "",
      "LuaScriptState": "",
      "GUID": "4ee1f2"
    },
    {
      "Name": "Custom_Model",
      "Transform": {
        "posX": -13.908905,
        "posY": 1.49856019,
        "posZ": -0.163927361,
        "rotX": 359.955444,
        "rotY": 225.000076,
        "rotZ": 0.0684095249,
        "scaleX": 1.24999976,
        "scaleY": 1.24999976,
        "scaleZ": 1.24999976
      },
      "Nickname": "Beastmen",
      "Description": "",
      "GMNotes": "",
      "ColorDiffuse": {
        "r": 0.847058833,
        "g": 0.847058833,
        "b": 0.847058833
      },
      "Locked": false,
      "Grid": false,
      "Snap": false,
      "IgnoreFoW": false,
      "Autoraise": false,
      "Sticky": false,
      "Tooltip": true,
      "GridProjection": false,
      "HideWhenFaceDown": false,
      "Hands": false,
      "CustomMesh": {
        "MeshURL": "http://cloud-3.steamusercontent.com/ugc/940588433501468963/BC31FB4E18A3C5CA69AFAA5909EDE5A9B62971B5/",
        "DiffuseURL": "http://cloud-3.steamusercontent.com/ugc/940588433501468476/64CA498E2118240AA43A51079EE1C905C898F17B/",
        "NormalURL": "",
        "ColliderURL": "http://cloud-3.steamusercontent.com/ugc/769481639410724294/DE623BD66F73B5BAEA303E463D9ECB77B0FB1687/",
        "Convex": true,
        "MaterialIndex": 3,
        "TypeIndex": 0,
        "CastShadows": true
      },
      "XmlUI": "",
      "LuaScript": "",
      "LuaScriptState": "",
      "GUID": "e95909"
    },
    {
      "Name": "Custom_Model",
      "Transform": {
        "posX": -3.462635,
        "posY": 1.48488569,
        "posZ": 1.29712033,
        "rotX": 359.97464,
        "rotY": 209.999817,
        "rotZ": 0.07763111,
        "scaleX": 1.0,
        "scaleY": 1.0,
        "scaleZ": 1.0
      },
      "Nickname": "Traitor Guard - Sergeant",
      "Description": "",
      "GMNotes": "",
      "ColorDiffuse": {
        "r": 0.847058833,
        "g": 0.847058833,
        "b": 0.847058833
      },
      "Locked": false,
      "Grid": false,
      "Snap": false,
      "IgnoreFoW": false,
      "Autoraise": false,
      "Sticky": false,
      "Tooltip": true,
      "GridProjection": false,
      "HideWhenFaceDown": false,
      "Hands": false,
      "CustomMesh": {
        "MeshURL": "http://cloud-3.steamusercontent.com/ugc/940588433500925081/E9A6DA8DEB7756D562D2C047ADF92187AE2C8906/",
        "DiffuseURL": "http://cloud-3.steamusercontent.com/ugc/940588433500924390/B4D42B93F73E35887B3720B662A0A1E9B3047B36/",
        "NormalURL": "",
        "ColliderURL": "http://cloud-3.steamusercontent.com/ugc/769481639410724294/DE623BD66F73B5BAEA303E463D9ECB77B0FB1687/",
        "Convex": true,
        "MaterialIndex": 3,
        "TypeIndex": 0,
        "CastShadows": true
      },
      "XmlUI": "",
      "LuaScript": "",
      "LuaScriptState": "",
      "GUID": "ba988d"
    },
    {
      "Name": "Custom_Model",
      "Transform": {
        "posX": -4.292993,
        "posY": 1.48635,
        "posZ": 2.34027076,
        "rotX": 0.0169192217,
        "rotY": 179.983124,
        "rotZ": 0.0798619241,
        "scaleX": 1.0,
        "scaleY": 1.0,
        "scaleZ": 1.0
      },
      "Nickname": "Traitor Guard",
      "Description": "",
      "GMNotes": "",
      "ColorDiffuse": {
        "r": 0.847058833,
        "g": 0.847058833,
        "b": 0.847058833
      },
      "Locked": false,
      "Grid": false,
      "Snap": false,
      "IgnoreFoW": false,
      "Autoraise": false,
      "Sticky": false,
      "Tooltip": true,
      "GridProjection": false,
      "HideWhenFaceDown": false,
      "Hands": false,
      "CustomMesh": {
        "MeshURL": "http://cloud-3.steamusercontent.com/ugc/940588433500688089/52FEB04D3C05CED3C845C2376D50BD66C8C5661C/",
        "DiffuseURL": "http://cloud-3.steamusercontent.com/ugc/940588433500681984/1FB5EA3780A4F9C1540A96A0F0227400D9648FEE/",
        "NormalURL": "",
        "ColliderURL": "http://cloud-3.steamusercontent.com/ugc/769481639410724294/DE623BD66F73B5BAEA303E463D9ECB77B0FB1687/",
        "Convex": true,
        "MaterialIndex": 3,
        "TypeIndex": 0,
        "CastShadows": true
      },
      "XmlUI": "",
      "LuaScript": "",
      "LuaScriptState": "",
      "GUID": "b67da2"
    },
    {
      "Name": "Custom_Model",
      "Transform": {
        "posX": -2.49018741,
        "posY": 1.48383749,
        "posZ": 2.341175,
        "rotX": 359.955475,
        "rotY": 224.984131,
        "rotZ": 0.0684224,
        "scaleX": 1.0,
        "scaleY": 1.0,
        "scaleZ": 1.0
      },
      "Nickname": "Traitor Guard - Special Weapon",
      "Description": "",
      "GMNotes": "",
      "ColorDiffuse": {
        "r": 0.847058833,
        "g": 0.847058833,
        "b": 0.847058833
      },
      "Locked": false,
      "Grid": false,
      "Snap": false,
      "IgnoreFoW": false,
      "Autoraise": false,
      "Sticky": false,
      "Tooltip": true,
      "GridProjection": false,
      "HideWhenFaceDown": false,
      "Hands": false,
      "CustomMesh": {
        "MeshURL": "http://cloud-3.steamusercontent.com/ugc/940588433500724546/49130FEBF299A7D0DC014CEBED59AA7DAB75F797/",
        "DiffuseURL": "http://cloud-3.steamusercontent.com/ugc/940588433500724148/1566C2D5D6430AE149350D60CD31BD50382ABF0E/",
        "NormalURL": "",
        "ColliderURL": "http://cloud-3.steamusercontent.com/ugc/769481639410724294/DE623BD66F73B5BAEA303E463D9ECB77B0FB1687/",
        "Convex": true,
        "MaterialIndex": 3,
        "TypeIndex": 0,
        "CastShadows": true
      },
      "XmlUI": "",
      "LuaScript": "",
      "LuaScriptState": "",
      "GUID": "9428b5"
    },
    {
      "Name": "Custom_Model",
      "Transform": {
        "posX": -14.5721054,
        "posY": 1.49868727,
        "posZ": -2.873299,
        "rotX": 359.918457,
        "rotY": 284.991547,
        "rotZ": -0.004394531,
        "scaleX": 1.24999976,
        "scaleY": 1.24999976,
        "scaleZ": 1.24999976
      },
      "Nickname": "Negavolt Cultist",
      "Description": "",
      "GMNotes": "",
      "ColorDiffuse": {
        "r": 0.847058833,
        "g": 0.847058833,
        "b": 0.847058833
      },
      "Locked": false,
      "Grid": false,
      "Snap": false,
      "IgnoreFoW": false,
      "Autoraise": false,
      "Sticky": false,
      "Tooltip": true,
      "GridProjection": false,
      "HideWhenFaceDown": false,
      "Hands": false,
      "CustomMesh": {
        "MeshURL": "http://cloud-3.steamusercontent.com/ugc/940588433501506030/FE0376C72B3881BDBB95DCCD2031476413078016/",
        "DiffuseURL": "http://cloud-3.steamusercontent.com/ugc/940588433501504921/4E61438DE47803ED639C49C3984BC8FDA2CA7317/",
        "NormalURL": "",
        "ColliderURL": "http://cloud-3.steamusercontent.com/ugc/769481639410724294/DE623BD66F73B5BAEA303E463D9ECB77B0FB1687/",
        "Convex": true,
        "MaterialIndex": 3,
        "TypeIndex": 0,
        "CastShadows": true
      },
      "XmlUI": "",
      "LuaScript": "",
      "LuaScriptState": "",
      "GUID": "269893"
    },
    {
      "Name": "Custom_Model",
      "Transform": {
        "posX": -11.5189476,
        "posY": 1.49354422,
        "posZ": -5.883983,
        "rotX": 0.04453153,
        "rotY": 45.0001335,
        "rotZ": 359.93158,
        "scaleX": 1.24999976,
        "scaleY": 1.24999976,
        "scaleZ": 1.24999976
      },
      "Nickname": "Obsidius Mallex",
      "Description": "",
      "GMNotes": "",
      "ColorDiffuse": {
        "r": 0.847058833,
        "g": 0.847058833,
        "b": 0.847058833
      },
      "Locked": false,
      "Grid": false,
      "Snap": false,
      "IgnoreFoW": false,
      "Autoraise": false,
      "Sticky": false,
      "Tooltip": true,
      "GridProjection": false,
      "HideWhenFaceDown": false,
      "Hands": false,
      "CustomMesh": {
        "MeshURL": "http://cloud-3.steamusercontent.com/ugc/940588433501953286/BAA04041129B22527F0A76FA6628B3ED2A967B52/",
        "DiffuseURL": "http://cloud-3.steamusercontent.com/ugc/940588433501952829/E5AA27DC7E556E79E962434AD6BC739E0FDC94E9/",
        "NormalURL": "",
        "ColliderURL": "http://cloud-3.steamusercontent.com/ugc/769481639410724294/DE623BD66F73B5BAEA303E463D9ECB77B0FB1687/",
        "Convex": true,
        "MaterialIndex": 3,
        "TypeIndex": 0,
        "CastShadows": true
      },
      "XmlUI": "",
      "LuaScript": "",
      "LuaScriptState": "",
      "GUID": "97ed32"
    },
    {
      "Name": "Custom_Model",
      "Transform": {
        "posX": -16.0608673,
        "posY": 1.50250769,
        "posZ": 3.054169,
        "rotX": 359.955444,
        "rotY": 224.999466,
        "rotZ": 0.0684170648,
        "scaleX": 1.24999976,
        "scaleY": 1.24999976,
        "scaleZ": 1.24999976
      },
      "Nickname": "Rogue Psykers",
      "Description": "",
      "GMNotes": "",
      "ColorDiffuse": {
        "r": 0.847058833,
        "g": 0.847058833,
        "b": 0.847058833
      },
      "Locked": false,
      "Grid": false,
      "Snap": false,
      "IgnoreFoW": false,
      "Autoraise": false,
      "Sticky": false,
      "Tooltip": true,
      "GridProjection": false,
      "HideWhenFaceDown": false,
      "Hands": false,
      "CustomMesh": {
        "MeshURL": "http://cloud-3.steamusercontent.com/ugc/940588433501952099/FE1EE704B3E9DB85A5507211C21FB9A3399CD5A0/",
        "DiffuseURL": "http://cloud-3.steamusercontent.com/ugc/940588433501951655/EB4E071937C5F1785A4B5771833F8CBBFCD77B63/",
        "NormalURL": "",
        "ColliderURL": "http://cloud-3.steamusercontent.com/ugc/769481639410724294/DE623BD66F73B5BAEA303E463D9ECB77B0FB1687/",
        "Convex": true,
        "MaterialIndex": 3,
        "TypeIndex": 0,
        "CastShadows": true
      },
      "XmlUI": "",
      "LuaScript": "",
      "LuaScriptState": "",
      "GUID": "acf3d6"
    },
    {
      "Name": "Custom_Model",
      "Transform": {
        "posX": -12.9357023,
        "posY": 1.49792612,
        "posZ": 3.067446,
        "rotX": 0.07278029,
        "rotY": 74.99331,
        "rotZ": 359.963,
        "scaleX": 1.37499964,
        "scaleY": 1.37499964,
        "scaleZ": 1.37499964
      },
      "Nickname": "Traitor Bullgryn",
      "Description": "",
      "GMNotes": "",
      "ColorDiffuse": {
        "r": 0.0,
        "g": 0.0,
        "b": 0.0
      },
      "Locked": false,
      "Grid": false,
      "Snap": false,
      "IgnoreFoW": false,
      "Autoraise": false,
      "Sticky": false,
      "Tooltip": true,
      "GridProjection": false,
      "HideWhenFaceDown": false,
      "Hands": false,
      "CustomMesh": {
        "MeshURL": "http://cloud-3.steamusercontent.com/ugc/771726758016684852/029BFC7F934064D50D5D6319D2960ACB211C4442/",
        "DiffuseURL": "http://cloud-3.steamusercontent.com/ugc/771726758016679473/2593563FCCF0BDE476BB0B81C137D9463DF7799B/",
        "NormalURL": "",
        "ColliderURL": "http://cloud-3.steamusercontent.com/ugc/769481639410724294/DE623BD66F73B5BAEA303E463D9ECB77B0FB1687/",
        "Convex": true,
        "MaterialIndex": 3,
        "TypeIndex": 0,
        "CustomShader": {
          "SpecularColor": {
            "r": 1.0,
            "g": 1.0,
            "b": 1.0
          },
          "SpecularIntensity": 0.0,
          "SpecularSharpness": 2.0,
          "FresnelStrength": 0.0
        },
        "CastShadows": true
      },
      "XmlUI": "",
      "LuaScript": "",
      "LuaScriptState": "",
      "GUID": "a67cfa"
    },
    {
      "Name": "Custom_Model",
      "Transform": {
        "posX": -8.074601,
        "posY": 1.48933232,
        "posZ": -6.05967,
        "rotX": 359.955444,
        "rotY": 224.990814,
        "rotZ": 0.06843689,
        "scaleX": 0.9000001,
        "scaleY": 0.9000001,
        "scaleZ": 0.9000001
      },
      "Nickname": "Traitor Commisar",
      "Description": "",
      "GMNotes": "",
      "ColorDiffuse": {
        "r": 0.0,
        "g": 0.0,
        "b": 0.0
      },
      "Locked": false,
      "Grid": false,
      "Snap": false,
      "IgnoreFoW": false,
      "Autoraise": false,
      "Sticky": false,
      "Tooltip": true,
      "GridProjection": false,
      "HideWhenFaceDown": false,
      "Hands": false,
      "CustomMesh": {
        "MeshURL": "http://cloud-3.steamusercontent.com/ugc/771726758016691818/649D3ACB6FA5201F49677345956860E96E3BE2E1/",
        "DiffuseURL": "http://cloud-3.steamusercontent.com/ugc/771726758016686605/91D22BF21C907BCCBC0407F16921902BFCBC3E55/",
        "NormalURL": "",
        "ColliderURL": "http://cloud-3.steamusercontent.com/ugc/769481639410724294/DE623BD66F73B5BAEA303E463D9ECB77B0FB1687/",
        "Convex": true,
        "MaterialIndex": 3,
        "TypeIndex": 0,
        "CustomShader": {
          "SpecularColor": {
            "r": 1.0,
            "g": 1.0,
            "b": 1.0
          },
          "SpecularIntensity": 0.0,
          "SpecularSharpness": 2.0,
          "FresnelStrength": 0.0
        },
        "CastShadows": true
      },
      "XmlUI": "",
      "LuaScript": "",
      "LuaScriptState": "",
      "GUID": "f1dff0"
    },
    {
      "Name": "Custom_Model",
      "Transform": {
        "posX": 10.959774,
        "posY": 1.46559453,
        "posZ": -2.15885139,
        "rotX": 359.963,
        "rotY": 345.0004,
        "rotZ": 359.927216,
        "scaleX": 1.49999964,
        "scaleY": 1.49999964,
        "scaleZ": 1.49999964
      },
      "Nickname": "Vox-Shambler",
      "Description": "",
      "GMNotes": "",
      "ColorDiffuse": {
        "r": 0.848432064,
        "g": 0.848432064,
        "b": 0.848432064
      },
      "Locked": false,
      "Grid": false,
      "Snap": false,
      "IgnoreFoW": false,
      "Autoraise": true,
      "Sticky": true,
      "Tooltip": true,
      "GridProjection": false,
      "HideWhenFaceDown": false,
      "Hands": false,
      "CustomMesh": {
        "MeshURL": "http://cloud-3.steamusercontent.com/ugc/940589608954600851/908BCF4D349A5A69715FC6DC7691410D319D66A4/",
        "DiffuseURL": "http://cloud-3.steamusercontent.com/ugc/940589608954600416/5B60FD158D99E0E9DD3FA1F2F808A1D4F72A506C/",
        "NormalURL": "",
        "ColliderURL": "http://cloud-3.steamusercontent.com/ugc/769481639410725685/CD16ABEBCD9629BAC7E4420D5DCC44D92C2586DD/",
        "Convex": true,
        "MaterialIndex": 3,
        "TypeIndex": 1,
        "CastShadows": true
      },
      "XmlUI": "",
      "LuaScript": "",
      "LuaScriptState": "",
      "GUID": "0e4211"
    },
    {
      "Name": "Custom_Model",
      "Transform": {
        "posX": 9.341478,
        "posY": 1.4678725,
        "posZ": -2.08480668,
        "rotX": 359.983154,
        "rotY": 1.730292E-05,
        "rotZ": 359.9201,
        "scaleX": 1.54999959,
        "scaleY": 1.54999959,
        "scaleZ": 1.54999959
      },
      "Nickname": "Vox-Shambler",
      "Description": "",
      "GMNotes": "",
      "ColorDiffuse": {
        "r": 0.848432064,
        "g": 0.848432064,
        "b": 0.848432064
      },
      "Locked": false,
      "Grid": false,
      "Snap": false,
      "IgnoreFoW": false,
      "Autoraise": true,
      "Sticky": true,
      "Tooltip": true,
      "GridProjection": false,
      "HideWhenFaceDown": false,
      "Hands": false,
      "CustomMesh": {
        "MeshURL": "http://cloud-3.steamusercontent.com/ugc/940589608954602766/4F430263A41ABD30D30A8F09AD4EF008F82C3A52/",
        "DiffuseURL": "http://cloud-3.steamusercontent.com/ugc/940589608954602230/255441C971D1451DF33729E644006AB04134BFDF/",
        "NormalURL": "",
        "ColliderURL": "http://cloud-3.steamusercontent.com/ugc/769481639410725685/CD16ABEBCD9629BAC7E4420D5DCC44D92C2586DD/",
        "Convex": true,
        "MaterialIndex": 3,
        "TypeIndex": 1,
        "CastShadows": true
      },
      "XmlUI": "",
      "LuaScript": "",
      "LuaScriptState": "",
      "GUID": "ef7275"
    },
    {
      "Name": "Custom_Model",
      "Transform": {
        "posX": 10.13532,
        "posY": 1.46643722,
        "posZ": -3.19967413,
        "rotX": 359.9554,
        "rotY": 225.000137,
        "rotZ": 0.06840512,
        "scaleX": 1.0,
        "scaleY": 1.0,
        "scaleZ": 1.0
      },
      "Nickname": "Nightmare Hulks",
      "Description": "",
      "GMNotes": "",
      "ColorDiffuse": {
        "r": 0.848432064,
        "g": 0.848432064,
        "b": 0.848432064
      },
      "Locked": false,
      "Grid": false,
      "Snap": false,
      "IgnoreFoW": false,
      "Autoraise": true,
      "Sticky": true,
      "Tooltip": true,
      "GridProjection": false,
      "HideWhenFaceDown": false,
      "Hands": false,
      "CustomMesh": {
        "MeshURL": "http://cloud-3.steamusercontent.com/ugc/940589608954605817/0A2BCFE06891341321E2E31DB4419C3F6CBF4493/",
        "DiffuseURL": "http://cloud-3.steamusercontent.com/ugc/940589608954605381/CA7BAF219374953725F87CD38E2BD0307E8FFCC1/",
        "NormalURL": "",
        "ColliderURL": "http://cloud-3.steamusercontent.com/ugc/769481639410725685/CD16ABEBCD9629BAC7E4420D5DCC44D92C2586DD/",
        "Convex": true,
        "MaterialIndex": 3,
        "TypeIndex": 1,
        "CastShadows": true
      },
      "XmlUI": "",
      "LuaScript": "",
      "LuaScriptState": "",
      "GUID": "d1769d"
    },
    {
      "Name": "Custom_Model",
      "Transform": {
        "posX": 8.314446,
        "posY": 1.46897125,
        "posZ": -3.21585655,
        "rotX": 0.04458024,
        "rotY": 44.9999771,
        "rotZ": 359.93158,
        "scaleX": 1.0,
        "scaleY": 1.0,
        "scaleZ": 1.0
      },
      "Nickname": "Nightmare Hulks",
      "Description": "",
      "GMNotes": "",
      "ColorDiffuse": {
        "r": 0.848432064,
        "g": 0.848432064,
        "b": 0.848432064
      },
      "Locked": false,
      "Grid": false,
      "Snap": false,
      "IgnoreFoW": false,
      "Autoraise": true,
      "Sticky": true,
      "Tooltip": true,
      "GridProjection": false,
      "HideWhenFaceDown": false,
      "Hands": false,
      "CustomMesh": {
        "MeshURL": "http://cloud-3.steamusercontent.com/ugc/940589608954607197/4126181F28ED4F217AC1F54A2B424D2438E34364/",
        "DiffuseURL": "http://cloud-3.steamusercontent.com/ugc/940589608954606472/521DEA08DB82A3A943D1AADC4A5289A73C90C206/",
        "NormalURL": "",
        "ColliderURL": "http://cloud-3.steamusercontent.com/ugc/769481639410725685/CD16ABEBCD9629BAC7E4420D5DCC44D92C2586DD/",
        "Convex": true,
        "MaterialIndex": 3,
        "TypeIndex": 1,
        "CastShadows": true
      },
      "XmlUI": "",
      "LuaScript": "",
      "LuaScriptState": "",
      "GUID": "92cf99"
    },
    {
      "Name": "Custom_Model",
      "Transform": {
        "posX": 11.07053,
        "posY": 1.46490645,
        "posZ": -3.97000742,
        "rotX": 0.0168564189,
        "rotY": 179.999939,
        "rotZ": 0.07990258,
        "scaleX": 1.0,
        "scaleY": 1.0,
        "scaleZ": 1.0
      },
      "Nickname": "Eyestinger Swams",
      "Description": "",
      "GMNotes": "",
      "ColorDiffuse": {
        "r": 0.848432064,
        "g": 0.848432064,
        "b": 0.848432064
      },
      "Locked": false,
      "Grid": false,
      "Snap": false,
      "IgnoreFoW": false,
      "Autoraise": true,
      "Sticky": true,
      "Tooltip": true,
      "GridProjection": false,
      "HideWhenFaceDown": false,
      "Hands": false,
      "CustomMesh": {
        "MeshURL": "http://cloud-3.steamusercontent.com/ugc/940589608954596129/12C25810B9739A38E5EF19AC0010BE0CD61B2506/",
        "DiffuseURL": "http://cloud-3.steamusercontent.com/ugc/940589608954594938/F3952E03BDEB27D474DF81129422ECA7C3DC5D50/",
        "NormalURL": "",
        "ColliderURL": "http://cloud-3.steamusercontent.com/ugc/769481639410725685/CD16ABEBCD9629BAC7E4420D5DCC44D92C2586DD/",
        "Convex": true,
        "MaterialIndex": 3,
        "TypeIndex": 1,
        "CastShadows": true
      },
      "XmlUI": "",
      "LuaScript": "",
      "LuaScriptState": "",
      "GUID": "686b17"
    },
    {
      "Name": "Custom_Model",
      "Transform": {
        "posX": 9.159882,
        "posY": 1.46755815,
        "posZ": -4.012417,
        "rotX": 0.00438353559,
        "rotY": 15.0001183,
        "rotZ": 359.9185,
        "scaleX": 1.0,
        "scaleY": 1.0,
        "scaleZ": 1.0
      },
      "Nickname": "Glitchlings",
      "Description": "",
      "GMNotes": "",
      "ColorDiffuse": {
        "r": 0.848432064,
        "g": 0.848432064,
        "b": 0.848432064
      },
      "Locked": false,
      "Grid": false,
      "Snap": false,
      "IgnoreFoW": false,
      "Autoraise": true,
      "Sticky": true,
      "Tooltip": true,
      "GridProjection": false,
      "HideWhenFaceDown": false,
      "Hands": false,
      "CustomMesh": {
        "MeshURL": "http://cloud-3.steamusercontent.com/ugc/940589608954597228/8D1291DE35ACDE383E7F1E5AD8581624ABBA9C8F/",
        "DiffuseURL": "http://cloud-3.steamusercontent.com/ugc/940589608954596693/C7C86376077276BB0DF7BA2D05626A56FA23CEA7/",
        "NormalURL": "",
        "ColliderURL": "http://cloud-3.steamusercontent.com/ugc/769481639410725685/CD16ABEBCD9629BAC7E4420D5DCC44D92C2586DD/",
        "Convex": true,
        "MaterialIndex": 3,
        "TypeIndex": 1,
        "CastShadows": true
      },
      "XmlUI": "",
      "LuaScript": "",
      "LuaScriptState": "",
      "GUID": "40d4c3"
    },
    {
      "Name": "Custom_Model",
      "Transform": {
        "posX": 7.45460463,
        "posY": 1.47052383,
        "posZ": -2.01344728,
        "rotX": -0.00439878041,
        "rotY": 194.999969,
        "rotZ": 0.08153618,
        "scaleX": 1.49999964,
        "scaleY": 1.49999964,
        "scaleZ": 1.49999964
      },
      "Nickname": "Vox-Shambler",
      "Description": "",
      "GMNotes": "",
      "ColorDiffuse": {
        "r": 0.848432064,
        "g": 0.848432064,
        "b": 0.848432064
      },
      "Locked": false,
      "Grid": false,
      "Snap": false,
      "IgnoreFoW": false,
      "Autoraise": true,
      "Sticky": true,
      "Tooltip": true,
      "GridProjection": false,
      "HideWhenFaceDown": false,
      "Hands": false,
      "CustomMesh": {
        "MeshURL": "http://cloud-3.steamusercontent.com/ugc/940589608954598815/FB536FDEB97E1FDAEEAD2E9410BFC0558317DBFA/",
        "DiffuseURL": "http://cloud-3.steamusercontent.com/ugc/940589608954598253/02C04B9EDAAC28F16A6CCDBE4BE4AADDD3C5E5A0/",
        "NormalURL": "",
        "ColliderURL": "http://cloud-3.steamusercontent.com/ugc/769481639410725685/CD16ABEBCD9629BAC7E4420D5DCC44D92C2586DD/",
        "Convex": true,
        "MaterialIndex": 3,
        "TypeIndex": 1,
        "CastShadows": true
      },
      "XmlUI": "",
      "LuaScript": "",
      "LuaScriptState": "",
      "GUID": "3a6420"
    },
    {
      "Name": "Custom_Model",
      "Transform": {
        "posX": 7.53103971,
        "posY": 1.46980071,
        "posZ": -4.107144,
        "rotX": 0.07987791,
        "rotY": 89.99987,
        "rotZ": 359.983124,
        "scaleX": 1.0,
        "scaleY": 1.0,
        "scaleZ": 1.0
      },
      "Nickname": "Cursemites",
      "Description": "",
      "GMNotes": "",
      "ColorDiffuse": {
        "r": 0.848432064,
        "g": 0.848432064,
        "b": 0.848432064
      },
      "Locked": false,
      "Grid": false,
      "Snap": false,
      "IgnoreFoW": false,
      "Autoraise": true,
      "Sticky": true,
      "Tooltip": true,
      "GridProjection": false,
      "HideWhenFaceDown": false,
      "Hands": false,
      "CustomMesh": {
        "MeshURL": "http://cloud-3.steamusercontent.com/ugc/940589608954594244/C9BC619EB4978DB86B30AE26976052AA91713A8A/",
        "DiffuseURL": "http://cloud-3.steamusercontent.com/ugc/940589608954593773/477EDA47FF6F006702B2DDE3A536933FCF6E71C1/",
        "NormalURL": "",
        "ColliderURL": "http://cloud-3.steamusercontent.com/ugc/769481639410725685/CD16ABEBCD9629BAC7E4420D5DCC44D92C2586DD/",
        "Convex": true,
        "MaterialIndex": 3,
        "TypeIndex": 1,
        "CastShadows": true
      },
      "XmlUI": "",
      "LuaScript": "",
      "LuaScriptState": "",
      "GUID": "5fbc73"
    },
    {
      "Name": "Custom_Model",
      "Transform": {
        "posX": 6.635802,
        "posY": 1.47128582,
        "posZ": -3.302772,
        "rotX": 0.025362201,
        "rotY": 29.9998779,
        "rotZ": 359.9224,
        "scaleX": 1.0,
        "scaleY": 1.0,
        "scaleZ": 1.0
      },
      "Nickname": "Nightmare Hulks",
      "Description": "",
      "GMNotes": "",
      "ColorDiffuse": {
        "r": 0.848432064,
        "g": 0.848432064,
        "b": 0.848432064
      },
      "Locked": false,
      "Grid": false,
      "Snap": false,
      "IgnoreFoW": false,
      "Autoraise": true,
      "Sticky": true,
      "Tooltip": true,
      "GridProjection": false,
      "HideWhenFaceDown": false,
      "Hands": false,
      "CustomMesh": {
        "MeshURL": "http://cloud-3.steamusercontent.com/ugc/940589608954608300/5152FF391C7BBE73448B4A654667049699E22E66/",
        "DiffuseURL": "http://cloud-3.steamusercontent.com/ugc/940589608954607833/EDC51268151B624D38F5E2862F857ED7A4B2D1FF/",
        "NormalURL": "",
        "ColliderURL": "http://cloud-3.steamusercontent.com/ugc/769481639410725685/CD16ABEBCD9629BAC7E4420D5DCC44D92C2586DD/",
        "Convex": true,
        "MaterialIndex": 3,
        "TypeIndex": 1,
        "CastShadows": true
      },
      "XmlUI": "",
      "LuaScript": "",
      "LuaScriptState": "",
      "GUID": "59936f"
    },
    {
      "Name": "Custom_Model",
      "Transform": {
        "posX": 5.558523,
        "posY": 1.47314906,
        "posZ": -2.07459521,
        "rotX": 359.93158,
        "rotY": 314.999756,
        "rotZ": 359.9554,
        "scaleX": 1.54999959,
        "scaleY": 1.54999959,
        "scaleZ": 1.54999959
      },
      "Nickname": "Vulgrar Thrice-Cursed",
      "Description": "",
      "GMNotes": "",
      "ColorDiffuse": {
        "r": 0.848432064,
        "g": 0.848432064,
        "b": 0.848432064
      },
      "Locked": false,
      "Grid": false,
      "Snap": false,
      "IgnoreFoW": false,
      "Autoraise": true,
      "Sticky": true,
      "Tooltip": true,
      "GridProjection": false,
      "HideWhenFaceDown": false,
      "Hands": false,
      "CustomMesh": {
        "MeshURL": "http://cloud-3.steamusercontent.com/ugc/940589608954609602/8B079D48F597385A32BF4B03AD67BBB8213ABC21/",
        "DiffuseURL": "http://cloud-3.steamusercontent.com/ugc/940589608954609139/245A81955703AB835432F0B79229760DECBB8811/",
        "NormalURL": "",
        "ColliderURL": "http://cloud-3.steamusercontent.com/ugc/769481639410725685/CD16ABEBCD9629BAC7E4420D5DCC44D92C2586DD/",
        "Convex": true,
        "MaterialIndex": 3,
        "TypeIndex": 1,
        "CastShadows": true
      },
      "XmlUI": "",
      "LuaScript": "",
      "LuaScriptState": "",
      "GUID": "10da9d"
    },
    {
      "Name": "Custom_Model",
      "Transform": {
        "posX": 5.687435,
        "posY": 1.47240734,
        "posZ": -3.98300576,
        "rotX": 0.06841807,
        "rotY": 134.999832,
        "rotZ": 0.0445733778,
        "scaleX": 1.0,
        "scaleY": 1.0,
        "scaleZ": 1.0
      },
      "Nickname": "Sludge-Grubs",
      "Description": "",
      "GMNotes": "",
      "ColorDiffuse": {
        "r": 0.848432064,
        "g": 0.848432064,
        "b": 0.848432064
      },
      "Locked": false,
      "Grid": false,
      "Snap": false,
      "IgnoreFoW": false,
      "Autoraise": true,
      "Sticky": true,
      "Tooltip": true,
      "GridProjection": false,
      "HideWhenFaceDown": false,
      "Hands": false,
      "CustomMesh": {
        "MeshURL": "http://cloud-3.steamusercontent.com/ugc/940589608954604183/080CE5E4FA157A93E3CDA39B301148AD119F7466/",
        "DiffuseURL": "http://cloud-3.steamusercontent.com/ugc/940589608954603568/9BF933D9F1D9EE04C671172A3C358B2F1271AD90/",
        "NormalURL": "",
        "ColliderURL": "http://cloud-3.steamusercontent.com/ugc/769481639410725685/CD16ABEBCD9629BAC7E4420D5DCC44D92C2586DD/",
        "Convex": true,
        "MaterialIndex": 3,
        "TypeIndex": 1,
        "CastShadows": true
      },
      "XmlUI": "",
      "LuaScript": "",
      "LuaScriptState": "",
      "GUID": "4bf996"
    },
    {
      "Name": "Custom_Model",
      "Transform": {
        "posX": -4.585117,
        "posY": 1.485214,
        "posZ": -1.34522963,
        "rotX": 0.07989965,
        "rotY": 89.99995,
        "rotZ": 359.983154,
        "scaleX": 1.24999976,
        "scaleY": 1.24999976,
        "scaleZ": 1.24999976
      },
      "Nickname": "Chaos Space Marine",
      "Description": "",
      "GMNotes": "",
      "ColorDiffuse": {
        "r": 0.847058833,
        "g": 0.847058833,
        "b": 0.847058833
      },
      "Locked": false,
      "Grid": false,
      "Snap": false,
      "IgnoreFoW": false,
      "Autoraise": false,
      "Sticky": false,
      "Tooltip": true,
      "GridProjection": false,
      "HideWhenFaceDown": false,
      "Hands": false,
      "CustomMesh": {
        "MeshURL": "http://cloud-3.steamusercontent.com/ugc/940588433501480733/B0F9AE31A83AB704B3CF0DA91DBAF0067808B50B/",
        "DiffuseURL": "http://cloud-3.steamusercontent.com/ugc/940588433501480251/65F9CD94B8DF60760D68AB9EA22A7371A95AA0DA/",
        "NormalURL": "",
        "ColliderURL": "http://cloud-3.steamusercontent.com/ugc/769481639410724294/DE623BD66F73B5BAEA303E463D9ECB77B0FB1687/",
        "Convex": true,
        "MaterialIndex": 3,
        "TypeIndex": 0,
        "CastShadows": true
      },
      "XmlUI": "",
      "LuaScript": "",
      "LuaScriptState": "",
      "GUID": "af9392"
    },
    {
      "Name": "Custom_Model",
      "Transform": {
        "posX": -15.64886,
        "posY": 1.50095177,
        "posZ": -0.2792842,
        "rotX": 0.03696654,
        "rotY": 165.000259,
        "rotZ": 0.07279187,
        "scaleX": 1.24999976,
        "scaleY": 1.24999976,
        "scaleZ": 1.24999976
      },
      "Nickname": "Beastmen",
      "Description": "",
      "GMNotes": "",
      "ColorDiffuse": {
        "r": 0.847058833,
        "g": 0.847058833,
        "b": 0.847058833
      },
      "Locked": false,
      "Grid": false,
      "Snap": false,
      "IgnoreFoW": false,
      "Autoraise": false,
      "Sticky": false,
      "Tooltip": true,
      "GridProjection": false,
      "HideWhenFaceDown": false,
      "Hands": false,
      "CustomMesh": {
        "MeshURL": "http://cloud-3.steamusercontent.com/ugc/940588433501468963/BC31FB4E18A3C5CA69AFAA5909EDE5A9B62971B5/",
        "DiffuseURL": "http://cloud-3.steamusercontent.com/ugc/940588433501468476/64CA498E2118240AA43A51079EE1C905C898F17B/",
        "NormalURL": "",
        "ColliderURL": "http://cloud-3.steamusercontent.com/ugc/769481639410724294/DE623BD66F73B5BAEA303E463D9ECB77B0FB1687/",
        "Convex": true,
        "MaterialIndex": 3,
        "TypeIndex": 0,
        "CastShadows": true
      },
      "XmlUI": "",
      "LuaScript": "",
      "LuaScriptState": "",
      "GUID": "acc031"
    },
    {
      "Name": "Custom_Model",
      "Transform": {
        "posX": -9.401282,
        "posY": 1.49223983,
        "posZ": -2.00081229,
        "rotX": 0.07763568,
        "rotY": 119.9875,
        "rotZ": 0.0253361166,
        "scaleX": 0.975000143,
        "scaleY": 0.975000143,
        "scaleZ": 0.975000143
      },
      "Nickname": "Cultist Firebrand",
      "Description": "",
      "GMNotes": "",
      "ColorDiffuse": {
        "r": 0.847058833,
        "g": 0.847058833,
        "b": 0.847058833
      },
      "Locked": false,
      "Grid": false,
      "Snap": false,
      "IgnoreFoW": false,
      "Autoraise": false,
      "Sticky": false,
      "Tooltip": true,
      "GridProjection": false,
      "HideWhenFaceDown": false,
      "Hands": false,
      "CustomMesh": {
        "MeshURL": "http://cloud-3.steamusercontent.com/ugc/771726758016679134/EB35F4A20C80A0B344D1095AB23BE6B2325B4A36/",
        "DiffuseURL": "http://cloud-3.steamusercontent.com/ugc/771726758016678819/440065225995B77A2243831D60665CB5115E940B/",
        "NormalURL": "",
        "ColliderURL": "http://cloud-3.steamusercontent.com/ugc/769481639410724294/DE623BD66F73B5BAEA303E463D9ECB77B0FB1687/",
        "Convex": true,
        "MaterialIndex": 3,
        "TypeIndex": 0,
        "CustomShader": {
          "SpecularColor": {
            "r": 1.0,
            "g": 1.0,
            "b": 1.0
          },
          "SpecularIntensity": 0.0,
          "SpecularSharpness": 2.0,
          "FresnelStrength": 0.0
        },
        "CastShadows": true
      },
      "XmlUI": "",
      "LuaScript": "",
      "LuaScriptState": "",
      "GUID": "f64b66"
    },
    {
      "Name": "Custom_Model",
      "Transform": {
        "posX": -3.38249755,
        "posY": 1.48326051,
        "posZ": -2.28546715,
        "rotX": 0.07986215,
        "rotY": 89.99995,
        "rotZ": 359.983124,
        "scaleX": 1.24999976,
        "scaleY": 1.24999976,
        "scaleZ": 1.24999976
      },
      "Nickname": "Chaos Space Marine",
      "Description": "",
      "GMNotes": "",
      "ColorDiffuse": {
        "r": 0.847058833,
        "g": 0.847058833,
        "b": 0.847058833
      },
      "Locked": false,
      "Grid": false,
      "Snap": false,
      "IgnoreFoW": false,
      "Autoraise": false,
      "Sticky": false,
      "Tooltip": true,
      "GridProjection": false,
      "HideWhenFaceDown": false,
      "Hands": false,
      "CustomMesh": {
        "MeshURL": "http://cloud-3.steamusercontent.com/ugc/940588433501480733/B0F9AE31A83AB704B3CF0DA91DBAF0067808B50B/",
        "DiffuseURL": "http://cloud-3.steamusercontent.com/ugc/940588433501480251/65F9CD94B8DF60760D68AB9EA22A7371A95AA0DA/",
        "NormalURL": "",
        "ColliderURL": "http://cloud-3.steamusercontent.com/ugc/769481639410724294/DE623BD66F73B5BAEA303E463D9ECB77B0FB1687/",
        "Convex": true,
        "MaterialIndex": 3,
        "TypeIndex": 0,
        "CastShadows": true
      },
      "XmlUI": "",
      "LuaScript": "",
      "LuaScriptState": "",
      "GUID": "30792b"
    },
    {
      "Name": "Custom_Model",
      "Transform": {
        "posX": -2.285624,
        "posY": 1.48205829,
        "posZ": -1.175152,
        "rotX": 0.0798707753,
        "rotY": 90.00037,
        "rotZ": 359.983124,
        "scaleX": 1.24999976,
        "scaleY": 1.24999976,
        "scaleZ": 1.24999976
      },
      "Nickname": "Chaos Space Marine",
      "Description": "",
      "GMNotes": "",
      "ColorDiffuse": {
        "r": 0.847058833,
        "g": 0.847058833,
        "b": 0.847058833
      },
      "Locked": false,
      "Grid": false,
      "Snap": false,
      "IgnoreFoW": false,
      "Autoraise": false,
      "Sticky": false,
      "Tooltip": true,
      "GridProjection": false,
      "HideWhenFaceDown": false,
      "Hands": false,
      "CustomMesh": {
        "MeshURL": "http://cloud-3.steamusercontent.com/ugc/940588433501480733/B0F9AE31A83AB704B3CF0DA91DBAF0067808B50B/",
        "DiffuseURL": "http://cloud-3.steamusercontent.com/ugc/940588433501480251/65F9CD94B8DF60760D68AB9EA22A7371A95AA0DA/",
        "NormalURL": "",
        "ColliderURL": "http://cloud-3.steamusercontent.com/ugc/769481639410724294/DE623BD66F73B5BAEA303E463D9ECB77B0FB1687/",
        "Convex": true,
        "MaterialIndex": 3,
        "TypeIndex": 0,
        "CastShadows": true
      },
      "XmlUI": "",
      "LuaScript": "",
      "LuaScriptState": "",
      "GUID": "769ae1"
    },
    {
      "Name": "Custom_Model",
      "Transform": {
        "posX": -10.5848112,
        "posY": 1.49511039,
        "posZ": 2.30228114,
        "rotX": -0.004326105,
        "rotY": 194.980667,
        "rotZ": 0.08152484,
        "scaleX": 1.0,
        "scaleY": 1.0,
        "scaleZ": 1.0
      },
      "Nickname": "Cultist - CCW/Pistol",
      "Description": "WS 3\nBS 3\nS 3\nT 3\nW 1\nI 3\nA 1\nLD 7\nSave 6+",
      "GMNotes": "",
      "ColorDiffuse": {
        "r": 0.9999998,
        "g": 0.992160261,
        "b": 0.9999998
      },
      "Locked": false,
      "Grid": false,
      "Snap": false,
      "IgnoreFoW": false,
      "Autoraise": false,
      "Sticky": false,
      "Tooltip": true,
      "GridProjection": false,
      "HideWhenFaceDown": false,
      "Hands": false,
      "CustomMesh": {
        "MeshURL": "http://cloud-3.steamusercontent.com/ugc/80340220918600757/F5E03E7A68367879E91830C8EA404E4B4B958E3C/",
        "DiffuseURL": "http://cloud-3.steamusercontent.com/ugc/952982844382638282/FF971D7E1DCF921EE02963931B04AEA4A72B2926/",
        "NormalURL": "",
        "ColliderURL": "http://cloud-3.steamusercontent.com/ugc/909072114025566405/DE623BD66F73B5BAEA303E463D9ECB77B0FB1687/",
        "Convex": true,
        "MaterialIndex": 3,
        "TypeIndex": 0,
        "CastShadows": true
      },
      "XmlUI": "",
      "LuaScript": "",
      "LuaScriptState": "",
      "GUID": "39b595"
    },
    {
      "Name": "Custom_Model",
      "Transform": {
        "posX": -10.3284607,
        "posY": 1.49608338,
        "posZ": 0.5965229,
        "rotX": 0.0168799143,
        "rotY": 179.991089,
        "rotZ": 0.0798724145,
        "scaleX": 0.500000358,
        "scaleY": 0.500000358,
        "scaleZ": 0.500000358
      },
      "Nickname": "Cultist Champion",
      "Description": "[DA1917]Weapon[-]: \n[30B22A]1) [-] Autogun\r",
      "GMNotes": "",
      "ColorDiffuse": {
        "r": 0.68235296,
        "g": 0.68235296,
        "b": 0.68235296
      },
      "Locked": false,
      "Grid": true,
      "Snap": true,
      "IgnoreFoW": false,
      "Autoraise": true,
      "Sticky": true,
      "Tooltip": true,
      "GridProjection": false,
      "HideWhenFaceDown": false,
      "Hands": false,
      "CustomMesh": {
        "MeshURL": "http://cloud-3.steamusercontent.com/ugc/941711796100254303/311400EF861C9D9D9CC93971F4BE19B14B23F33F/",
        "DiffuseURL": "http://cloud-3.steamusercontent.com/ugc/941711796100255312/B337F828F22E1FAD55BDDF5F09EC918E565DF979/",
        "NormalURL": "",
        "ColliderURL": "http://cloud-3.steamusercontent.com/ugc/941711796097776939/615B9F8D688FF877D10CB432D76E3C7E7E020E12/",
        "Convex": true,
        "MaterialIndex": 0,
        "TypeIndex": 0,
        "CustomShader": {
          "SpecularColor": {
            "r": 1.0,
            "g": 1.0,
            "b": 1.0
          },
          "SpecularIntensity": 0.0,
          "SpecularSharpness": 7.0,
          "FresnelStrength": 0.0
        },
        "CastShadows": true
      },
      "XmlUI": "",
      "LuaScript": "",
      "LuaScriptState": "",
      "GUID": "0bf4c3"
    },
    {
      "Name": "Custom_Model",
      "Transform": {
        "posX": -8.9503,
        "posY": 1.49287689,
        "posZ": 2.45543432,
        "rotX": -0.00438902527,
        "rotY": 195.02063,
        "rotZ": 0.0815257356,
        "scaleX": 1.0,
        "scaleY": 1.0,
        "scaleZ": 1.0
      },
      "Nickname": "Cultist Champion",
      "Description": "WS 3\nBS 3\nS 3\nT 3\nW 1\nI 3\nA 1\nLD 7\nSave 6+",
      "GMNotes": "",
      "ColorDiffuse": {
        "r": 0.9999998,
        "g": 0.992160261,
        "b": 0.9999998
      },
      "Locked": false,
      "Grid": false,
      "Snap": false,
      "IgnoreFoW": false,
      "Autoraise": false,
      "Sticky": false,
      "Tooltip": true,
      "GridProjection": false,
      "HideWhenFaceDown": false,
      "Hands": false,
      "CustomMesh": {
        "MeshURL": "http://cloud-3.steamusercontent.com/ugc/80340220918601235/3E0F1A56603B7244471DF5CE480E3B7204D69586/",
        "DiffuseURL": "http://cloud-3.steamusercontent.com/ugc/952982844382638282/FF971D7E1DCF921EE02963931B04AEA4A72B2926/",
        "NormalURL": "",
        "ColliderURL": "http://cloud-3.steamusercontent.com/ugc/909072114025566405/DE623BD66F73B5BAEA303E463D9ECB77B0FB1687/",
        "Convex": true,
        "MaterialIndex": 3,
        "TypeIndex": 0,
        "CastShadows": true
      },
      "XmlUI": "",
      "LuaScript": "",
      "LuaScriptState": "",
      "GUID": "36cad3"
    },
    {
      "Name": "Custom_Model",
      "Transform": {
        "posX": -8.630695,
        "posY": 1.49328065,
        "posZ": -0.8852483,
        "rotX": 0.0168573931,
        "rotY": 180.002945,
        "rotZ": 0.07989072,
        "scaleX": 0.500000358,
        "scaleY": 0.500000358,
        "scaleZ": 0.500000358
      },
      "Nickname": "Chaos Cultist",
      "Description": "[DA1917]Weapon[-]: \n[30B22A]1) [-] Heavy Stubber\r",
      "GMNotes": "",
      "ColorDiffuse": {
        "r": 0.68235296,
        "g": 0.68235296,
        "b": 0.68235296
      },
      "Locked": false,
      "Grid": true,
      "Snap": true,
      "IgnoreFoW": false,
      "Autoraise": true,
      "Sticky": true,
      "Tooltip": true,
      "GridProjection": false,
      "HideWhenFaceDown": false,
      "Hands": false,
      "CustomMesh": {
        "MeshURL": "http://cloud-3.steamusercontent.com/ugc/941711796100143982/68A3E372227869F6B97E0AB33250D311A3FD28CC/",
        "DiffuseURL": "http://cloud-3.steamusercontent.com/ugc/941711796100144744/342BF165A643E6823C2453FEDD181DA9DC7A369B/",
        "NormalURL": "",
        "ColliderURL": "http://cloud-3.steamusercontent.com/ugc/941711796097776939/615B9F8D688FF877D10CB432D76E3C7E7E020E12/",
        "Convex": true,
        "MaterialIndex": 0,
        "TypeIndex": 0,
        "CustomShader": {
          "SpecularColor": {
            "r": 1.0,
            "g": 1.0,
            "b": 1.0
          },
          "SpecularIntensity": 0.0,
          "SpecularSharpness": 7.0,
          "FresnelStrength": 0.0
        },
        "CastShadows": true
      },
      "XmlUI": "",
      "LuaScript": "",
      "LuaScriptState": "",
      "GUID": "283004"
    },
    {
      "Name": "Custom_Model",
      "Transform": {
        "posX": -10.3461113,
        "posY": 1.49564934,
        "posZ": -0.9614627,
        "rotX": 0.0168894883,
        "rotY": 179.986679,
        "rotZ": 0.07987237,
        "scaleX": 0.500000358,
        "scaleY": 0.500000358,
        "scaleZ": 0.500000358
      },
      "Nickname": "Chaos Cultist",
      "Description": "[DA1917]Weapon[-]: \n[30B22A]1) [-] Autogun\r",
      "GMNotes": "",
      "ColorDiffuse": {
        "r": 0.68235296,
        "g": 0.68235296,
        "b": 0.68235296
      },
      "Locked": false,
      "Grid": true,
      "Snap": true,
      "IgnoreFoW": false,
      "Autoraise": true,
      "Sticky": true,
      "Tooltip": true,
      "GridProjection": false,
      "HideWhenFaceDown": false,
      "Hands": false,
      "CustomMesh": {
        "MeshURL": "http://cloud-3.steamusercontent.com/ugc/941711796097772865/E388E339F273A5DBDDFCC4B10B2F0A9705D75A97/",
        "DiffuseURL": "http://cloud-3.steamusercontent.com/ugc/941711796097773414/57BA933D2D8B4588CF5073F5DCCD119C03797943/",
        "NormalURL": "",
        "ColliderURL": "http://cloud-3.steamusercontent.com/ugc/941711796097776939/615B9F8D688FF877D10CB432D76E3C7E7E020E12/",
        "Convex": true,
        "MaterialIndex": 0,
        "TypeIndex": 0,
        "CustomShader": {
          "SpecularColor": {
            "r": 1.0,
            "g": 1.0,
            "b": 1.0
          },
          "SpecularIntensity": 0.0,
          "SpecularSharpness": 7.0,
          "FresnelStrength": 0.0
        },
        "CastShadows": true
      },
      "XmlUI": "",
      "LuaScript": "",
      "LuaScriptState": "",
      "GUID": "e37c94"
    },
    {
      "Name": "Custom_Model",
      "Transform": {
        "posX": -8.713115,
        "posY": 1.4938401,
        "posZ": 0.6248638,
        "rotX": 0.0168606229,
        "rotY": 180.004349,
        "rotZ": 0.07988116,
        "scaleX": 0.500000358,
        "scaleY": 0.500000358,
        "scaleZ": 0.500000358
      },
      "Nickname": "Cultist Champion",
      "Description": "[DA1917]Weapon[-]: \n[30B22A]1) [-] Autopistol\n[30B22A]2) [-] Brutal Assault Weapons\r",
      "GMNotes": "",
      "ColorDiffuse": {
        "r": 0.68235296,
        "g": 0.68235296,
        "b": 0.68235296
      },
      "Locked": false,
      "Grid": true,
      "Snap": true,
      "IgnoreFoW": false,
      "Autoraise": true,
      "Sticky": true,
      "Tooltip": true,
      "GridProjection": false,
      "HideWhenFaceDown": false,
      "Hands": false,
      "CustomMesh": {
        "MeshURL": "http://cloud-3.steamusercontent.com/ugc/941711796100257056/1B86B0F59F9497A1C13F9B48E0C981A59EBBEC14/",
        "DiffuseURL": "http://cloud-3.steamusercontent.com/ugc/941711796100257591/3874CF986410C7D1BABDB9B2FBAB5A337E44903C/",
        "NormalURL": "",
        "ColliderURL": "http://cloud-3.steamusercontent.com/ugc/941711796097776939/615B9F8D688FF877D10CB432D76E3C7E7E020E12/",
        "Convex": true,
        "MaterialIndex": 0,
        "TypeIndex": 0,
        "CustomShader": {
          "SpecularColor": {
            "r": 1.0,
            "g": 1.0,
            "b": 1.0
          },
          "SpecularIntensity": 0.0,
          "SpecularSharpness": 7.0,
          "FresnelStrength": 0.0
        },
        "CastShadows": true
      },
      "XmlUI": "",
      "LuaScript": "",
      "LuaScriptState": "",
      "GUID": "8734dc"
    },
    {
      "Name": "Custom_Model",
      "Transform": {
        "posX": -7.470325,
        "posY": 1.4908,
        "posZ": 2.40804219,
        "rotX": -0.00437414227,
        "rotY": 194.971985,
        "rotZ": 0.08154862,
        "scaleX": 1.0,
        "scaleY": 1.0,
        "scaleZ": 1.0
      },
      "Nickname": "Cultist - Autogun",
      "Description": "WS 3\nBS 3\nS 3\nT 3\nW 1\nI 3\nA 1\nLD 7\nSave 6+",
      "GMNotes": "",
      "ColorDiffuse": {
        "r": 0.9999998,
        "g": 0.992160261,
        "b": 0.9999998
      },
      "Locked": false,
      "Grid": false,
      "Snap": false,
      "IgnoreFoW": false,
      "Autoraise": false,
      "Sticky": false,
      "Tooltip": true,
      "GridProjection": false,
      "HideWhenFaceDown": false,
      "Hands": false,
      "CustomMesh": {
        "MeshURL": "http://cloud-3.steamusercontent.com/ugc/80340220918601640/9EF505F94D96B3C4EC00A4E99CD23358C8C69925/",
        "DiffuseURL": "http://cloud-3.steamusercontent.com/ugc/952982844382638282/FF971D7E1DCF921EE02963931B04AEA4A72B2926/",
        "NormalURL": "",
        "ColliderURL": "http://cloud-3.steamusercontent.com/ugc/909072114025566405/DE623BD66F73B5BAEA303E463D9ECB77B0FB1687/",
        "Convex": true,
        "MaterialIndex": 3,
        "TypeIndex": 0,
        "CastShadows": true
      },
      "XmlUI": "",
      "LuaScript": "",
      "LuaScriptState": "",
      "GUID": "4f9f57"
    },
    {
      "Name": "Custom_Model",
      "Transform": {
        "posX": -7.08852148,
        "posY": 1.4916,
        "posZ": 0.7077827,
        "rotX": 0.0168186482,
        "rotY": 180.0302,
        "rotZ": 0.07990181,
        "scaleX": 0.500000358,
        "scaleY": 0.500000358,
        "scaleZ": 0.500000358
      },
      "Nickname": "Cultist Champion",
      "Description": "[DA1917]Weapon[-]: \n[30B22A]1) [-] Shotgun\r",
      "GMNotes": "",
      "ColorDiffuse": {
        "r": 0.68235296,
        "g": 0.68235296,
        "b": 0.68235296
      },
      "Locked": false,
      "Grid": true,
      "Snap": true,
      "IgnoreFoW": false,
      "Autoraise": true,
      "Sticky": true,
      "Tooltip": true,
      "GridProjection": false,
      "HideWhenFaceDown": false,
      "Hands": false,
      "CustomMesh": {
        "MeshURL": "http://cloud-3.steamusercontent.com/ugc/941711796100258360/6C3A550C295DA4CF5AFC134BFB6A8BCD5DA90EF3/",
        "DiffuseURL": "http://cloud-3.steamusercontent.com/ugc/941711796100259164/1895851AADEE3E1B518E33B2A6F2D60A1192CB07/",
        "NormalURL": "",
        "ColliderURL": "http://cloud-3.steamusercontent.com/ugc/941711796097776939/615B9F8D688FF877D10CB432D76E3C7E7E020E12/",
        "Convex": true,
        "MaterialIndex": 0,
        "TypeIndex": 0,
        "CustomShader": {
          "SpecularColor": {
            "r": 1.0,
            "g": 1.0,
            "b": 1.0
          },
          "SpecularIntensity": 0.0,
          "SpecularSharpness": 7.0,
          "FresnelStrength": 0.0
        },
        "CastShadows": true
      },
      "XmlUI": "",
      "LuaScript": "",
      "LuaScriptState": "",
      "GUID": "0a1e8a"
    },
    {
      "Name": "Custom_Model",
      "Transform": {
        "posX": -7.11531353,
        "posY": 1.49116349,
        "posZ": -0.9006092,
        "rotX": 0.016873654,
        "rotY": 180.004379,
        "rotZ": 0.07987128,
        "scaleX": 0.500000358,
        "scaleY": 0.500000358,
        "scaleZ": 0.500000358
      },
      "Nickname": "Chaos Cultist",
      "Description": "[DA1917]Weapon[-]: \n[30B22A]1) [-] Flamer\r",
      "GMNotes": "",
      "ColorDiffuse": {
        "r": 0.68235296,
        "g": 0.68235296,
        "b": 0.68235296
      },
      "Locked": false,
      "Grid": true,
      "Snap": true,
      "IgnoreFoW": false,
      "Autoraise": true,
      "Sticky": true,
      "Tooltip": true,
      "GridProjection": false,
      "HideWhenFaceDown": false,
      "Hands": false,
      "CustomMesh": {
        "MeshURL": "http://cloud-3.steamusercontent.com/ugc/941711796100146019/EC1B31093ED8A4515012C2C9A086A4CCFFA3D9F0/",
        "DiffuseURL": "http://cloud-3.steamusercontent.com/ugc/941711796100148156/2200930AA034EAF101192AF24DA281780E023AF1/",
        "NormalURL": "",
        "ColliderURL": "http://cloud-3.steamusercontent.com/ugc/941711796097776939/615B9F8D688FF877D10CB432D76E3C7E7E020E12/",
        "Convex": true,
        "MaterialIndex": 0,
        "TypeIndex": 0,
        "CustomShader": {
          "SpecularColor": {
            "r": 1.0,
            "g": 1.0,
            "b": 1.0
          },
          "SpecularIntensity": 0.0,
          "SpecularSharpness": 7.0,
          "FresnelStrength": 0.0
        },
        "CastShadows": true
      },
      "XmlUI": "",
      "LuaScript": "",
      "LuaScriptState": "",
      "GUID": "b2b8f7"
    },
    {
      "Name": "Custom_Model",
      "Transform": {
        "posX": -7.89045572,
        "posY": 1.49189663,
        "posZ": -2.08204412,
        "rotX": 0.0168721061,
        "rotY": 180.011337,
        "rotZ": 0.07986928,
        "scaleX": 0.500000358,
        "scaleY": 0.500000358,
        "scaleZ": 0.500000358
      },
      "Nickname": "Chaos Cultist",
      "Description": "[DA1917]Weapon[-]: \n[30B22A]1) [-] Autopistol\n[30B22A]2) [-] Brutal Assault Weapons\r",
      "GMNotes": "",
      "ColorDiffuse": {
        "r": 0.68235296,
        "g": 0.68235296,
        "b": 0.68235296
      },
      "Locked": false,
      "Grid": true,
      "Snap": true,
      "IgnoreFoW": false,
      "Autoraise": true,
      "Sticky": true,
      "Tooltip": true,
      "GridProjection": false,
      "HideWhenFaceDown": false,
      "Hands": false,
      "CustomMesh": {
        "MeshURL": "http://cloud-3.steamusercontent.com/ugc/941711796100141513/94343813BD027F9899E10FCA7CB301A2A10CDE82/",
        "DiffuseURL": "http://cloud-3.steamusercontent.com/ugc/941711796100136463/DC72A37CB11FA06DAB06653C29F406104045E226/",
        "NormalURL": "",
        "ColliderURL": "http://cloud-3.steamusercontent.com/ugc/941711796097776939/615B9F8D688FF877D10CB432D76E3C7E7E020E12/",
        "Convex": true,
        "MaterialIndex": 0,
        "TypeIndex": 0,
        "CustomShader": {
          "SpecularColor": {
            "r": 1.0,
            "g": 1.0,
            "b": 1.0
          },
          "SpecularIntensity": 0.0,
          "SpecularSharpness": 7.0,
          "FresnelStrength": 0.0
        },
        "CastShadows": true
      },
      "XmlUI": "",
      "LuaScript": "",
      "LuaScriptState": "",
      "GUID": "168d62"
    },
    {
      "Name": "3DText",
      "Transform": {
        "posX": -10.821538,
        "posY": 1.49401891,
        "posZ": -8.127581,
        "rotX": 90.0,
        "rotY": 1.9992,
        "rotZ": 0.0,
        "scaleX": 1.0,
        "scaleY": 1.0,
        "scaleZ": 1.0
      },
      "Nickname": "",
      "Description": "",
      "GMNotes": "",
      "ColorDiffuse": {
        "r": 1.0,
        "g": 1.0,
        "b": 1.0
      },
      "Locked": true,
      "Grid": true,
      "Snap": true,
      "IgnoreFoW": false,
      "Autoraise": true,
      "Sticky": true,
      "Tooltip": true,
      "GridProjection": false,
      "HideWhenFaceDown": false,
      "Hands": false,
      "Text": {
        "Text": "Servants of the Abyss",
        "colorstate": {
          "r": 1.0,
          "g": 1.0,
          "b": 1.0
        },
        "fontSize": 64
      },
      "XmlUI": "",
      "LuaScript": "",
      "LuaScriptState": "",
      "GUID": "717f54"
    },
    {
      "Name": "3DText",
      "Transform": {
        "posX": 8.11857,
        "posY": 1.46831918,
        "posZ": -5.736099,
        "rotX": 90.0,
        "rotY": 1.9992,
        "rotZ": 0.0,
        "scaleX": 1.0,
        "scaleY": 1.0,
        "scaleZ": 1.0
      },
      "Nickname": "",
      "Description": "",
      "GMNotes": "",
      "ColorDiffuse": {
        "r": 1.0,
        "g": 1.0,
        "b": 1.0
      },
      "Locked": true,
      "Grid": true,
      "Snap": true,
      "IgnoreFoW": false,
      "Autoraise": true,
      "Sticky": true,
      "Tooltip": true,
      "GridProjection": false,
      "HideWhenFaceDown": false,
      "Hands": false,
      "Text": {
        "Text": "Gellarpox Infected",
        "colorstate": {
          "r": 1.0,
          "g": 1.0,
          "b": 1.0
        },
        "fontSize": 64
      },
      "XmlUI": "",
      "LuaScript": "",
      "LuaScriptState": "",
      "GUID": "ebb0d9"
    }
  ],
  "DecalPallet": [],
  "TabStates": {
    "0": {
      "title": "Rules",
      "body": "",
      "color": "Grey",
      "visibleColor": {
        "r": 0.5,
        "g": 0.5,
        "b": 0.5
      },
      "id": 0
    },
    "1": {
      "title": "White",
      "body": "",
      "color": "White",
      "visibleColor": {
        "r": 1.0,
        "g": 1.0,
        "b": 1.0
      },
      "id": 1
    },
    "2": {
      "title": "Brown",
      "body": "",
      "color": "Brown",
      "visibleColor": {
        "r": 0.443,
        "g": 0.231,
        "b": 0.09
      },
      "id": 2
    },
    "3": {
      "title": "Red",
      "body": "",
      "color": "Red",
      "visibleColor": {
        "r": 0.856,
        "g": 0.1,
        "b": 0.094
      },
      "id": 3
    },
    "4": {
      "title": "Orange",
      "body": "",
      "color": "Orange",
      "visibleColor": {
        "r": 0.956,
        "g": 0.392,
        "b": 0.113
      },
      "id": 4
    },
    "5": {
      "title": "Yellow",
      "body": "",
      "color": "Yellow",
      "visibleColor": {
        "r": 0.905,
        "g": 0.898,
        "b": 0.172
      },
      "id": 5
    },
    "6": {
      "title": "Green",
      "body": "",
      "color": "Green",
      "visibleColor": {
        "r": 0.192,
        "g": 0.701,
        "b": 0.168
      },
      "id": 6
    },
    "7": {
      "title": "Blue",
      "body": "",
      "color": "Blue",
      "visibleColor": {
        "r": 0.118,
        "g": 0.53,
        "b": 1.0
      },
      "id": 7
    },
    "8": {
      "title": "Teal",
      "body": "",
      "color": "Teal",
      "visibleColor": {
        "r": 0.129,
        "g": 0.694,
        "b": 0.607
      },
      "id": 8
    },
    "9": {
      "title": "Purple",
      "body": "",
      "color": "Purple",
      "visibleColor": {
        "r": 0.627,
        "g": 0.125,
        "b": 0.941
      },
      "id": 9
    },
    "10": {
      "title": "Pink",
      "body": "",
      "color": "Pink",
      "visibleColor": {
        "r": 0.96,
        "g": 0.439,
        "b": 0.807
      },
      "id": 10
    },
    "11": {
      "title": "Black",
      "body": "",
      "color": "Black",
      "visibleColor": {
        "r": 0.25,
        "g": 0.25,
        "b": 0.25
      },
      "id": 11
    }
  },
  "VersionNumber": "v12.2.2"
}