{
  "SaveName": "Tau Special Characters",
  "GameMode": "Commander Shadowsun",
  "Date": "8/16/2020 4:11:02 AM",
  "Gravity": 0.5,
  "PlayArea": 0.5,
  "GameType": "",
  "GameComplexity": "",
  "Tags": [],
  "Table": "Table_Octagon",
  "Sky": "Sky_Regal",
  "Note": "",
  "Rules": "",
  "MusicPlayer": {
    "RepeatSong": true,
    "PlaylistEntry": -1,
    "CurrentAudioTitle": "Ultramarines Chant",
    "CurrentAudioURL": "http://cloud-3.steamusercontent.com/ugc/773976977327440295/17C1CAA1F70F178395E93C05E55946061E695598/",
    "AudioLibrary": [
      {
        "Item1": "http://cloud-3.steamusercontent.com/ugc/773976977327440295/17C1CAA1F70F178395E93C05E55946061E695598/",
        "Item2": "Ultramarines Chant"
      }
    ]
  },
  "Grid": {
    "Type": 0,
    "Lines": false,
    "Color": {
      "r": 0.0,
      "g": 0.0,
      "b": 0.0
    },
    "Opacity": 0.75,
    "ThickLines": false,
    "Snapping": false,
    "Offset": false,
    "BothSnapping": false,
    "xSize": 2.0,
    "ySize": 2.0,
    "PosOffset": {
      "x": 0.0,
      "y": 1.0,
      "z": 0.0
    }
  },
  "Lighting": {
    "LightIntensity": 0.54,
    "LightColor": {
      "r": 1.0,
      "g": 0.9804,
      "b": 0.8902
    },
    "AmbientIntensity": 1.3,
    "AmbientType": 0,
    "AmbientSkyColor": {
      "r": 0.5,
      "g": 0.5,
      "b": 0.5
    },
    "AmbientEquatorColor": {
      "r": 0.5,
      "g": 0.5,
      "b": 0.5
    },
    "AmbientGroundColor": {
      "r": 0.5,
      "g": 0.5,
      "b": 0.5
    },
    "ReflectionIntensity": 1.0,
    "LutIndex": 0,
    "LutContribution": 1.0
  },
  "Hands": {
    "Enable": true,
    "DisableUnused": false,
    "Hiding": 0,
    "HandTransforms": [
      {
        "Color": "Red",
        "Transform": {
          "posX": -12.3078938,
          "posY": 3.64622545,
          "posZ": -12.4467239,
          "rotX": 0.0,
          "rotY": 45.0000038,
          "rotZ": 0.0,
          "scaleX": 9.413998,
          "scaleY": 8.96114,
          "scaleZ": 5.465847
        }
      },
      {
        "Color": "Yellow",
        "Transform": {
          "posX": -12.39975,
          "posY": 3.646227,
          "posZ": 12.1996918,
          "rotX": 0.0,
          "rotY": 135.000015,
          "rotZ": 0.0,
          "scaleX": 9.418877,
          "scaleY": 8.96114,
          "scaleZ": 5.468771
        }
      },
      {
        "Color": "Purple",
        "Transform": {
          "posX": 17.3902683,
          "posY": 3.64622641,
          "posZ": 0.044939518,
          "rotX": 0.0,
          "rotY": 270.0,
          "rotZ": 0.0,
          "scaleX": 9.421472,
          "scaleY": 8.96114,
          "scaleZ": 5.46967745
        }
      },
      {
        "Color": "Blue",
        "Transform": {
          "posX": 12.36914,
          "posY": 3.6462245,
          "posZ": 12.2303095,
          "rotX": 0.0,
          "rotY": 224.999985,
          "rotZ": 0.0,
          "scaleX": 9.418737,
          "scaleY": 8.96114,
          "scaleZ": 5.468669
        }
      },
      {
        "Color": "White",
        "Transform": {
          "posX": 4.76837158E-06,
          "posY": 3.64622736,
          "posZ": -17.3453865,
          "rotX": 0.0,
          "rotY": 0.0,
          "rotZ": 0.0,
          "scaleX": 9.414002,
          "scaleY": 8.96114,
          "scaleZ": 5.46584272
        }
      },
      {
        "Color": "Green",
        "Transform": {
          "posX": -1.43051147E-06,
          "posY": 3.64622259,
          "posZ": 17.1985016,
          "rotX": 0.0,
          "rotY": 179.8,
          "rotZ": 0.0,
          "scaleX": 9.420808,
          "scaleY": 8.96114,
          "scaleZ": 5.47220325
        }
      },
      {
        "Color": "Pink",
        "Transform": {
          "posX": 12.3691349,
          "posY": 3.64622736,
          "posZ": -12.1405649,
          "rotX": 0.0,
          "rotY": 315.0,
          "rotZ": 0.0,
          "scaleX": 9.414021,
          "scaleY": 8.96114,
          "scaleZ": 5.46587658
        }
      },
      {
        "Color": "Orange",
        "Transform": {
          "posX": -17.4208851,
          "posY": 3.64622545,
          "posZ": -0.16938591,
          "rotX": 0.0,
          "rotY": 90.0,
          "rotZ": 0.0,
          "scaleX": 9.420885,
          "scaleY": 8.96114,
          "scaleZ": 5.46926069
        }
      }
    ]
  },
  "Turns": {
    "Enable": false,
    "Type": 0,
    "TurnOrder": [],
    "Reverse": false,
    "SkipEmpty": false,
    "DisableInteractions": false,
    "PassTurns": true,
    "TurnColor": ""
  },
  "TabStates": {
    "0": {
      "title": "Rules",
      "body": "",
      "color": "Grey",
      "visibleColor": {
        "r": 0.5,
        "g": 0.5,
        "b": 0.5
      },
      "id": 0
    },
    "1": {
      "title": "White",
      "body": "",
      "color": "White",
      "visibleColor": {
        "r": 1.0,
        "g": 1.0,
        "b": 1.0
      },
      "id": 1
    },
    "2": {
      "title": "Brown",
      "body": "",
      "color": "Brown",
      "visibleColor": {
        "r": 0.443,
        "g": 0.231,
        "b": 0.09
      },
      "id": 2
    },
    "3": {
      "title": "Red",
      "body": "",
      "color": "Red",
      "visibleColor": {
        "r": 0.856,
        "g": 0.1,
        "b": 0.094
      },
      "id": 3
    },
    "4": {
      "title": "Orange",
      "body": "",
      "color": "Orange",
      "visibleColor": {
        "r": 0.956,
        "g": 0.392,
        "b": 0.113
      },
      "id": 4
    },
    "5": {
      "title": "Yellow",
      "body": "",
      "color": "Yellow",
      "visibleColor": {
        "r": 0.905,
        "g": 0.898,
        "b": 0.172
      },
      "id": 5
    },
    "6": {
      "title": "Green",
      "body": "",
      "color": "Green",
      "visibleColor": {
        "r": 0.192,
        "g": 0.701,
        "b": 0.168
      },
      "id": 6
    },
    "7": {
      "title": "Blue",
      "body": "",
      "color": "Blue",
      "visibleColor": {
        "r": 0.118,
        "g": 0.53,
        "b": 1.0
      },
      "id": 7
    },
    "8": {
      "title": "Teal",
      "body": "",
      "color": "Teal",
      "visibleColor": {
        "r": 0.129,
        "g": 0.694,
        "b": 0.607
      },
      "id": 8
    },
    "9": {
      "title": "Purple",
      "body": "",
      "color": "Purple",
      "visibleColor": {
        "r": 0.627,
        "g": 0.125,
        "b": 0.941
      },
      "id": 9
    },
    "10": {
      "title": "Pink",
      "body": "",
      "color": "Pink",
      "visibleColor": {
        "r": 0.96,
        "g": 0.439,
        "b": 0.807
      },
      "id": 10
    },
    "11": {
      "title": "Black",
      "body": "",
      "color": "Black",
      "visibleColor": {
        "r": 0.25,
        "g": 0.25,
        "b": 0.25
      },
      "id": 11
    }
  },
  "DecalPallet": [],
  "ObjectStates": [
    {
      "Name": "Custom_Model",
      "Transform": {
        "posX": -2.19001245,
        "posY": 0.97794,
        "posZ": -0.7513739,
        "rotX": -5.55706947E-07,
        "rotY": 120.000183,
        "rotZ": -5.612722E-06,
        "scaleX": 1.24999976,
        "scaleY": 1.24999976,
        "scaleZ": 1.24999976
      },
      "Nickname": "Commander Shadowsun",
      "Description": "\n",
      "GMNotes": "",
      "ColorDiffuse": {
        "r": 0.9999998,
        "g": 0.992162049,
        "b": 0.9999998
      },
      "Locked": false,
      "Grid": true,
      "Snap": true,
      "IgnoreFoW": false,
      "MeasureMovement": false,
      "DragSelectable": true,
      "Autoraise": true,
      "Sticky": true,
      "Tooltip": true,
      "GridProjection": false,
      "HideWhenFaceDown": false,
      "Hands": false,
      "CustomMesh": {
        "MeshURL": "http://cloud-3.steamusercontent.com/ugc/770616235203661991/5DE99211C3F9F4EEDD876AAE54DC08802DFC394F/",
        "DiffuseURL": "http://cloud-3.steamusercontent.com/ugc/770616235203657003/56EC862E19C7ED53AEA588F24725480CF40CEC0A/",
        "NormalURL": "",
        "ColliderURL": "http://cloud-3.steamusercontent.com/ugc/952982844374276041/584FB18C497C094EB730BFC3AC416126ED9E924B/",
        "Convex": true,
        "MaterialIndex": 3,
        "TypeIndex": 1,
        "CustomShader": {
          "SpecularColor": {
            "r": 1.0,
            "g": 1.0,
            "b": 1.0
          },
          "SpecularIntensity": 0.0,
          "SpecularSharpness": 2.0,
          "FresnelStrength": 0.0
        },
        "CastShadows": true
      },
      "LuaScript": "",
      "LuaScriptState": "",
      "XmlUI": "",
      "GUID": "aed5db"
    },
    {
      "Name": "Custom_Model",
      "Transform": {
        "posX": 1.12229431,
        "posY": 0.958166838,
        "posZ": -0.217887059,
        "rotX": 8.164163E-06,
        "rotY": 180.000046,
        "rotZ": -5.85656426E-06,
        "scaleX": 1.0,
        "scaleY": 1.0,
        "scaleZ": 1.0
      },
      "Nickname": "Ethereal Bodyguard",
      "Description": "",
      "GMNotes": "",
      "ColorDiffuse": {
        "r": 0.9999998,
        "g": 0.992160261,
        "b": 0.9999998
      },
      "Locked": false,
      "Grid": false,
      "Snap": false,
      "IgnoreFoW": false,
      "MeasureMovement": false,
      "DragSelectable": true,
      "Autoraise": false,
      "Sticky": false,
      "Tooltip": true,
      "GridProjection": false,
      "HideWhenFaceDown": false,
      "Hands": false,
      "CustomMesh": {
        "MeshURL": "http://cloud-3.steamusercontent.com/ugc/1494586001117164657/3B0121C57FC5473FBA0ACCCD1D6E8499C3B2EBD2/",
        "DiffuseURL": "http://cloud-3.steamusercontent.com/ugc/787504189454523885/03E690321AC2C7EC8B5A5267149CD25BB5716883/",
        "NormalURL": "",
        "ColliderURL": "http://cloud-3.steamusercontent.com/ugc/769481639410724294/DE623BD66F73B5BAEA303E463D9ECB77B0FB1687/",
        "Convex": true,
        "MaterialIndex": 3,
        "TypeIndex": 0,
        "CustomShader": {
          "SpecularColor": {
            "r": 1.0,
            "g": 1.0,
            "b": 1.0
          },
          "SpecularIntensity": 0.0,
          "SpecularSharpness": 2.0,
          "FresnelStrength": 0.0
        },
        "CastShadows": true
      },
      "LuaScript": "",
      "LuaScriptState": "",
      "XmlUI": "",
      "GUID": "b16c66"
    },
    {
      "Name": "Custom_Model",
      "Transform": {
        "posX": 3.64493012,
        "posY": 0.958166838,
        "posZ": -0.3015905,
        "rotX": -4.165958E-05,
        "rotY": 180.031464,
        "rotZ": 2.25010922E-06,
        "scaleX": 1.0,
        "scaleY": 1.0,
        "scaleZ": 1.0
      },
      "Nickname": "Ethereal Bodyguard",
      "Description": "",
      "GMNotes": "",
      "ColorDiffuse": {
        "r": 0.9999998,
        "g": 0.992160261,
        "b": 0.9999998
      },
      "Locked": false,
      "Grid": false,
      "Snap": false,
      "IgnoreFoW": false,
      "MeasureMovement": false,
      "DragSelectable": true,
      "Autoraise": false,
      "Sticky": false,
      "Tooltip": true,
      "GridProjection": false,
      "HideWhenFaceDown": false,
      "Hands": false,
      "CustomMesh": {
        "MeshURL": "http://cloud-3.steamusercontent.com/ugc/1494586001117164657/3B0121C57FC5473FBA0ACCCD1D6E8499C3B2EBD2/",
        "DiffuseURL": "http://cloud-3.steamusercontent.com/ugc/787504189454523885/03E690321AC2C7EC8B5A5267149CD25BB5716883/",
        "NormalURL": "",
        "ColliderURL": "http://cloud-3.steamusercontent.com/ugc/769481639410724294/DE623BD66F73B5BAEA303E463D9ECB77B0FB1687/",
        "Convex": true,
        "MaterialIndex": 3,
        "TypeIndex": 0,
        "CustomShader": {
          "SpecularColor": {
            "r": 1.0,
            "g": 1.0,
            "b": 1.0
          },
          "SpecularIntensity": 0.0,
          "SpecularSharpness": 2.0,
          "FresnelStrength": 0.0
        },
        "CastShadows": true
      },
      "LuaScript": "",
      "LuaScriptState": "",
      "XmlUI": "",
      "GUID": "b405b8"
    },
    {
      "Name": "Custom_Model",
      "Transform": {
        "posX": 0.5787465,
        "posY": 0.958166957,
        "posZ": -2.31916857,
        "rotX": -9.705196E-06,
        "rotY": 179.9999,
        "rotZ": 1.42808076E-05,
        "scaleX": 1.0,
        "scaleY": 1.0,
        "scaleZ": 1.0
      },
      "Nickname": "Aun'shi",
      "Description": "",
      "GMNotes": "",
      "ColorDiffuse": {
        "r": 1.0,
        "g": 1.0,
        "b": 1.0
      },
      "Locked": false,
      "Grid": true,
      "Snap": true,
      "IgnoreFoW": false,
      "MeasureMovement": false,
      "DragSelectable": true,
      "Autoraise": true,
      "Sticky": true,
      "Tooltip": true,
      "GridProjection": false,
      "HideWhenFaceDown": false,
      "Hands": false,
      "CustomMesh": {
        "MeshURL": "http://cloud-3.steamusercontent.com/ugc/1494586001117023130/33DCA473DD62FB6F9E9D6B0F6EAA94D2A6D8A247/",
        "DiffuseURL": "http://cloud-3.steamusercontent.com/ugc/1494586001117285655/B0A92F72F3CB9380D44C164AB0E9A59A5085D68A/",
        "NormalURL": "",
        "ColliderURL": "http://cloud-3.steamusercontent.com/ugc/769481639410724294/DE623BD66F73B5BAEA303E463D9ECB77B0FB1687/",
        "Convex": true,
        "MaterialIndex": 3,
        "TypeIndex": 0,
        "CustomShader": {
          "SpecularColor": {
            "r": 1.0,
            "g": 1.0,
            "b": 1.0
          },
          "SpecularIntensity": 0.0,
          "SpecularSharpness": 2.0,
          "FresnelStrength": 0.0
        },
        "CastShadows": true
      },
      "LuaScript": "",
      "LuaScriptState": "",
      "XmlUI": "",
      "GUID": "93cc7e"
    },
    {
      "Name": "Custom_Model",
      "Transform": {
        "posX": 2.25047088,
        "posY": 0.9843177,
        "posZ": -1.14100158,
        "rotX": 1.10312078E-06,
        "rotY": 180.000031,
        "rotZ": -2.049254E-06,
        "scaleX": 1.0,
        "scaleY": 1.0,
        "scaleZ": 1.0
      },
      "Nickname": "Aun'va",
      "Description": "",
      "GMNotes": "",
      "ColorDiffuse": {
        "r": 0.9999998,
        "g": 0.992160261,
        "b": 0.9999998
      },
      "Locked": false,
      "Grid": false,
      "Snap": false,
      "IgnoreFoW": false,
      "MeasureMovement": false,
      "DragSelectable": true,
      "Autoraise": false,
      "Sticky": false,
      "Tooltip": true,
      "GridProjection": false,
      "HideWhenFaceDown": false,
      "Hands": false,
      "CustomMesh": {
        "MeshURL": "http://cloud-3.steamusercontent.com/ugc/1494586001117413464/F1F6C23B32635082A911E16C264537BB4E7E29CF/",
        "DiffuseURL": "http://cloud-3.steamusercontent.com/ugc/1494586001117322990/69AF177819873E206FFF669827F03E66A3601BD8/",
        "NormalURL": "",
        "ColliderURL": "http://cloud-3.steamusercontent.com/ugc/787504189453996327/151C0C2E002904F1B7C92B96B9CBD5930808F86A/",
        "Convex": true,
        "MaterialIndex": 3,
        "TypeIndex": 0,
        "CustomShader": {
          "SpecularColor": {
            "r": 1.0,
            "g": 1.0,
            "b": 1.0
          },
          "SpecularIntensity": 0.0,
          "SpecularSharpness": 2.0,
          "FresnelStrength": 0.0
        },
        "CastShadows": true
      },
      "LuaScript": "",
      "LuaScriptState": "",
      "XmlUI": "",
      "GUID": "5f1cb8"
    },
    {
      "Name": "Custom_Model",
      "Transform": {
        "posX": -0.7451947,
        "posY": 0.9581667,
        "posZ": -2.2214272,
        "rotX": -1.09389266E-05,
        "rotY": 254.999756,
        "rotZ": 7.81059E-06,
        "scaleX": 1.0,
        "scaleY": 1.0,
        "scaleZ": 1.0
      },
      "Nickname": "Darkstrider",
      "Description": "",
      "GMNotes": "",
      "ColorDiffuse": {
        "r": 1.0,
        "g": 1.0,
        "b": 1.0
      },
      "Locked": false,
      "Grid": true,
      "Snap": true,
      "IgnoreFoW": false,
      "MeasureMovement": false,
      "DragSelectable": true,
      "Autoraise": true,
      "Sticky": true,
      "Tooltip": true,
      "GridProjection": false,
      "HideWhenFaceDown": false,
      "Hands": false,
      "CustomMesh": {
        "MeshURL": "http://cloud-3.steamusercontent.com/ugc/1494586001117419814/EDAFD7E45B9521BD16F71F773ED3AE6CE0E77976/",
        "DiffuseURL": "http://cloud-3.steamusercontent.com/ugc/1018318330650473535/5CD12079605F5B9052BE74ABABA57CF29E68B7C6/",
        "NormalURL": "",
        "ColliderURL": "http://cloud-3.steamusercontent.com/ugc/769481639410724294/DE623BD66F73B5BAEA303E463D9ECB77B0FB1687/",
        "Convex": true,
        "MaterialIndex": 3,
        "TypeIndex": 0,
        "CustomShader": {
          "SpecularColor": {
            "r": 1.0,
            "g": 1.0,
            "b": 1.0
          },
          "SpecularIntensity": 0.0,
          "SpecularSharpness": 2.0,
          "FresnelStrength": 0.0
        },
        "CastShadows": true
      },
      "LuaScript": "",
      "LuaScriptState": "",
      "XmlUI": "",
      "GUID": "5f9fa7"
    }
  ],
  "LuaScript": "--[[ Lua code. See documentation: https://api.tabletopsimulator.com/ --]]\n\n--[[ The onLoad event is called after the game save finishes loading. --]]\nfunction onLoad()\n    --[[ print('onLoad!') --]]\nend\n\n--[[ The onUpdate event is called once per frame. --]]\nfunction onUpdate()\n    --[[ print('onUpdate loop!') --]]\nend",
  "LuaScriptState": "",
  "XmlUI": "<!-- Xml UI. See documentation: https://api.tabletopsimulator.com/ui/introUI/ -->",
  "VersionNumber": "v12.4.3"
}